voltage,current,temperature,humidity,power,fault
248.02857225639664,5.257960621774133,37.959754525911094,36.24074561769746,1304.1244659989939,0
212.323344486728,6.130144947537079,38.03345035229626,58.32290311184182,1301.5728774494903,0
248.79639408647978,5.910877165202741,26.370173320348286,37.27299868828403,1470.6049245905556,0
222.1696897183815,3.910916805609546,32.95835055926347,41.649165607921674,868.8871732166766,0
215.57975442608168,2.398940215478918,30.99085529881075,48.24279936868144,517.1629425357966,0
225.29847965068652,9.966461771613577,38.670515729919195,64.39761626945283,2245.4286846412265,1
228.0199700787817,0.5862222475391324,48.266052670545584,52.53152871382157,133.67037934338913,0
210.63865008880856,2.0008098665439684,27.230763980780353,57.330540753018326,421.4478893731907,0
243.32779646944658,1.6268702478005186,31.731818227197223,37.28944351152249,395.8627525390027,0
271.35400655639984,1.1878797547333515,45.268543237849954,47.990165334790625,322.33593075412847,1
247.06635463175178,5.227267973066736,29.79622306417506,52.81775897621598,1291.4820427889044,0
248.44688097397398,5.989470016407984,42.41960330412142,51.58768529556319,1488.0651442637004,0
248.61021229056553,4.44572260996345,28.2799754606763,41.850940228163296,1105.2520418479805,0
210.62545626964777,3.2521096245914025,31.84644554526709,41.73952698872152,684.977073518477,0
217.9536961635522,5.123722692866225,43.70526621593617,54.23839899124046,1116.7342990272625,0
262.3173811905026,6.178620555253561,38.69894380482674,43.23592099410597,1620.7595634239233,1
222.4392928686265,2.613691593173856,41.888185350141924,55.502298854208526,581.3877097622664,0
165.31707499015158,6.830272572334622,45.467414727982515,58.86918084659493,1129.1606830438184,1
220.24273291045296,0.7628183319998038,41.319886690573625,34.43563283247325,168.00519415383002,0
218.06876809341585,6.322463371877876,34.261106695463354,52.53102287905534,1378.7317988211526,0
215.57325817623502,4.428712965305812,36.1952327390502,38.122448989390776,954.7120834583092,0
237.7913973215882,9.760935678030515,44.97416192535173,41.82534743350856,2321.06653404502,1
228.2613828193164,1.9198628419094184,32.495298436110986,65.33121035675472,438.23054711766645,0
214.88351818802693,2.815935947500337,47.20485324637262,40.88528997538541,605.0982233910075,0
210.02081507981262,2.7916975661720986,29.143437744740872,36.58623412571767,586.3145983037933,0
229.39319885435933,5.000834213786757,28.082370013955646,39.76502088991097,1147.1573572408693,0
218.7505687829228,4.127663013112718,32.115085131741225,32.59568988435926,902.92863186264,0
219.87504251354406,5.025977773458624,41.36811769773326,35.923477198136,1105.0870766113426,0
234.38257335919587,9.005358046457722,22.059150049999573,41.14585856946446,2110.6989929497017,1
237.22821806219068,9.061869166634272,37.911326582923664,52.11572356285312,2149.7310747133574,1
213.2341330533086,2.902753964399129,27.264798148322775,62.12559025519583,618.9662250657029,0
249.3369256357937,3.092358875889595,44.49295619658152,61.93380499938205,771.0392550768705,0
230.32795106962874,5.022783244140732,45.75076414441159,43.03835620807539,1156.8873732897976,0
238.44598129752072,5.7617567999081505,30.45997961875188,33.847062043656834,1373.8677541517616,0
276.75420211814657,5.054140702235684,42.05648357722316,38.362864829508545,1398.7546774400857,1
237.8313759738033,1.9855751416824479,25.248647812878087,69.28673373317741,472.232068045716,0
220.43316699321636,6.975649048426508,48.96258053866381,52.331738144283904,1537.6644115778713,0
161.15485410368728,5.202146979836628,45.399834267149174,64.25297167512369,838.3512375615092,1
245.5108039504384,6.031034916988832,48.06904982662843,61.413626044557745,1480.6842311230937,0
233.2274648574582,2.91983798265133,48.20400327373335,68.94655347021269,680.9864104882846,0
222.21455441377574,3.656489398310473,33.45272428958742,69.77829850443283,812.5251623642567,0
210.72301454462084,3.7103091486923248,25.364681276639864,44.658751383314396,781.8475287049325,0
236.30451569201372,9.136617206670943,23.7469907131237,44.70863212237734,2159.0239040856964,1
219.75958573516334,6.824568605890896,31.792931740002814,65.68186220708454,1499.7643696517846,0
241.79245214166593,3.767141105183749,37.30711653879077,49.70070775275455,910.8662853860441,0
238.89808461046022,2.3250203558655627,20.729478992943616,55.81889183628671,555.4429096966135,0
247.61834337411656,6.700535750516818,47.44593170661346,44.806348010217775,1659.1755622620174,0
247.132742503509,3.283196964062543,48.999644571310085,68.54479908357011,811.3854699079709,0
175.403909144077,9.702273343033713,79.50766015468832,36.7797098674437,1701.8166719524856,1
247.44619096643123,5.0241936783873244,37.10183510268095,33.887059750830744,1243.2175883945665,0
249.60215400417053,1.4105460990374061,35.5498895709121,65.09492287711822,352.0753446419166,0
155.46485325768114,5.253465981460712,36.584599307237234,41.86040574591194,816.7293179020095,1
220.24827774377832,4.474839120626923,22.447825412007212,30.20739451095947,985.5756094985633,0
217.7709581404817,0.9611159604995299,31.903514816416653,32.030741241575875,209.30314360209198,0
233.15459582030235,3.6308447381085216,90.16078405885598,43.126106698989275,846.5481373999639,1
249.27363553242125,5.9530677634508615,45.81213854935026,40.01005442063456,1483.9428439662563,0
222.1306205869289,3.9910357767782605,29.799537253881226,63.114760151503546,886.5312538803909,0
248.6100732156308,3.4722235504892356,45.26069225035944,37.77520135979492,863.2297511081664,0
237.98048843068776,1.3992951007157088,23.982362667289095,68.78147468456636,333.00493152699283,0
241.80744779074814,8.54166450252415,37.558856828225444,33.13825525369064,2065.438093240195,1
248.505936587117,5.933870783329338,40.87922618281094,46.35811777657079,1474.6021165981867,0
216.25748170684344,2.12657883806987,36.476799941183614,58.583836908002496,459.88858417205523,0
221.1973558778377,6.706624324310762,42.13690750087305,52.17416210045603,1483.4875674035304,0
226.7840024971116,2.1102514317575234,30.679180359537845,60.31384441857476,478.5712659692315,0
214.64290562027665,0.7990171731413929,21.221864069569104,64.21842336044028,171.50336768356823,0
210.68644407327,5.580186538023465,94.20738931152339,43.85217284357603,1175.669658961695,1
235.99094730571053,0.8123830072807192,48.474371947741574,65.4672154919219,191.71503546323888,0
210.6121816116154,6.567336002516639,35.03119651745777,51.5750979360025,1383.1609628665346,0
234.63404657559656,6.635295429644922,48.327547913755026,64.68795734220015,1556.8662168821495,0
242.037971787296,4.901594225489381,37.201011250158004,35.14001412935641,1186.3719248617717,0
247.658592351061,8.772205275601548,58.44762255295657,66.21402567824255,2172.5120103700306,1
212.77445203500662,1.1550570089532732,20.546654769546493,33.77771843023714,245.76662214922644,0
212.84754593840916,2.5733415969094486,45.34625932908364,30.930877429433036,547.7294437634031,0
169.84149817173625,5.157342152151636,30.450098133595922,67.46592607422829,875.9307177056804,1
226.71784126862315,6.789273584881609,36.439156497442625,46.93883769232474,1539.2494509464445,0
233.03698301032338,5.255710409447661,23.830691882673968,40.00065796864419,1224.7748973936343,0
244.6846642883889,4.152133498934528,27.157905793710206,57.19379119600983,1015.9633912673686,0
214.1249547534373,9.805105813359134,40.21009489791429,63.058298644309666,2099.5178386381895,1
245.82092913984803,3.0298109117720604,20.325129544408952,66.21527905677056,744.790933449858,0
222.77254550361658,6.675402785830232,48.51821440812668,52.93751552493144,1487.0964708613342,0
227.9378208791328,2.4058700160374196,29.85993636109748,56.900738243081534,548.3887687740137,0
154.53858408069792,6.5855746341237555,49.22744625603231,69.83724968121317,1017.7253793152454,1
239.48142227164035,4.048452506072428,41.17494451636084,68.7460777589654,969.5291641534117,0
243.47855496949495,6.1346465845204685,45.15442291291955,47.04365900187764,1493.6548856475913,0
225.86606407817007,6.297329907049048,24.398144650760763,50.533046747695714,1422.353120306917,0
233.2522166890713,6.1104003929285255,46.41079905915251,39.46740774728315,1425.2644365083509,0
190.13512741035765,8.75251917106183,72.50502150096007,61.08587663709747,1664.1613477514393,1
226.96888036987906,6.391303503115784,23.33592446918454,49.705004171634364,1450.6270002062754,0
228.74642567976505,0.8659712919319428,23.564537488042156,34.701049871084194,198.08783777072028,0
239.84179517061693,4.2918969731315375,48.86517645423626,44.99482318094816,1029.376274723205,0
244.7439651275784,1.953372950376442,48.89667618321834,30.486178987592652,478.0762412480869,0
172.90745553110335,8.086801566596346,97.73929990670788,66.76462861114638,1398.2682822651147,1
237.8164449242659,0.9903245560835002,24.98646295727759,38.67236426345965,235.5154652489798,0
249.83325500117482,5.030012863114797,31.5260549413766,59.48402823372077,1256.6644862897485,0
279.0082296815312,6.341582703345498,33.669702583571386,54.80530391206147,1769.3537634394463,1
217.52484638895046,3.514039632109884,30.600566840781585,53.34624447403488,764.3909311793865,0
248.97579230664667,6.910369839117418,40.94485142059236,51.44385465376482,1720.5148058262137,0
242.55180078827794,4.950752621600215,24.87850818034674,66.4370873797537,1200.8139636264202,0
268.3327811547696,4.486975727084958,47.575296555066785,33.30993680141225,1204.002675822651,1
211.80874680424756,8.052733948994504,35.05853467512198,62.422133231273314,1705.6394860845455,1
165.06955879751763,5.497469799856432,31.789683469365773,63.16656882826058,907.4649143649789,1
212.54047318360006,0.7393421396339439,24.015563564018997,30.546878593079892,157.14012820237375,0
237.66857588675649,3.97325078769151,42.49732248409916,66.52663009030572,944.3168563515746,0
239.0448337628739,5.4210278132759635,31.335516478273593,39.64339329318527,1295.8686924484684,0
220.05769758047194,2.285756680668407,26.21682947024169,65.12882669916769,502.9983523770717,0
267.1632543606568,1.6813455531977741,40.14719586778399,50.812308036151734,449.1937496971362,1
222.311089590842,9.632771470426125,58.718950617592924,33.536328934625864,2141.471921370009,1
155.36060913802564,1.1726960578800338,42.65411767020857,54.81238205413859,182.19077388600343,1
246.12604234706504,9.234527424194583,59.21850900369512,54.323513981675404,2272.8576878624494,1
232.19262434168903,1.091513591833647,41.79191097950685,51.89785227596446,253.44140539247766,0
246.4188511361309,2.436736435022678,35.708068280450334,57.90567485973853,600.4577928398396,0
278.5317525032299,3.952697758477229,27.74733164896875,48.36543024953045,1100.9518337842512,1
173.89653632901656,8.418261582157028,87.38949803415215,43.6625284182618,1463.906531048734,1
228.4047663593429,4.300979688669499,32.00901466730844,57.90670294787727,982.3642609068362,0
237.86005864908316,3.175797893323933,46.229528145632514,50.60944219456843,755.3954731636654,0
167.69156075234685,8.081737232532959,75.06805189216493,41.14361356127834,1355.239130113804,1
213.54810135028222,1.2841331621539052,33.823363040981775,38.2533487362317,274.22419865890055,0
230.13669083419427,4.987566386090874,21.179364195232967,61.976415956361706,1147.822023410815,0
213.27036127795486,6.178261056694052,47.626172015954396,32.44311839419455,1317.6399676306596,0
242.24805119172245,5.36368798749378,25.53563058069132,38.37397293346841,1299.3429621708199,0
229.38091940764085,4.518656014946924,31.067409187093173,48.50138864532592,1036.4934711953917,0
220.09747777376083,9.426699171769105,55.808273507487975,50.467097684626644,2074.79271143838,1
214.28688045359104,3.4081803843524554,35.9785179936507,39.698820145389185,730.3283425860086,0
225.0913665241849,0.6304627855552214,29.66237496749535,38.45792027986178,141.91172994326894,0
214.79048527277004,6.288427324809318,37.80777360662146,57.164092765779586,1350.6943566983405,0
179.18328407017,9.168398969428338,92.10467426184738,52.3096906380175,1642.8238370077318,1
232.57834170090564,2.962022068683381,30.12340501615754,65.98589588580049,688.9021808158668,0
219.7741262185862,3.738610036018111,29.910454438427422,67.34767295039498,821.6497539379175,0
219.01331190850112,2.8748193278813745,34.63429402426214,64.03270071344585,629.6237021378711,0
242.23459546964574,0.8617476808203397,45.26942105894545,32.065419114980514,208.7451008604204,0
237.87845849465685,6.982160975994563,46.898307889220625,53.0399367122264,1660.9056899311354,0
169.62995117035138,5.337376579730654,44.625844194600575,58.738290833462145,905.3789285974879,1
229.0647793650565,5.950786631567061,26.152326804483774,68.71976266016938,1363.1156268084364,0
230.3044151473782,2.4544583944904814,73.44510474217611,54.4248016976653,565.2726050467032,1
233.24952885690448,1.503357649282315,34.434203055644524,51.30357730206343,350.6574633985234,0
223.46417112775683,1.3736954001033326,21.90124911418303,69.5984092955978,306.9717039661035,0
242.3949778341854,2.155164255964465,40.44508166671788,60.409114395587466,522.4009920535351,0
228.86304754200634,3.1769659419572456,30.46604799628986,67.18116576991304,727.0901074134961,0
226.34073171743668,6.597628402599728,99.72788429372171,38.20007240212949,1493.3120402441655,1
247.05797694358844,5.190377579883301,21.44283931892263,61.260579270056596,1282.324184459327,0
168.06509280190977,8.327311885731408,74.92797393792979,62.58298880925528,1399.5304448658953,1
230.92261699076477,2.8323981468027664,46.31601622439325,45.69780429690542,654.0647924194872,0
234.9640617672735,9.079562123829266,37.54978701553356,53.099450836245026,2133.370795683217,1
225.65928440806007,3.9570736179731307,21.998573371724508,39.161015636991856,892.95040098183,0
227.2611257254577,2.663302608431148,41.91647410427905,57.74870429613354,605.2651489396105,0
245.14516461493753,3.7202535716257765,42.243827334171364,52.92603397029555,912.0021742255103,0
162.46888271182192,2.4909348388867945,42.31838877718031,31.341297389431176,404.69940018188964,1
240.49834742962761,6.198976638951372,30.262452461477224,62.850292186880516,1490.8436374226724,0
243.8580916693807,1.3286763051578858,31.918618716811018,61.89181463118214,324.00846822212577,0
219.17005580930567,5.194641694554931,41.601096096382236,55.645905315411895,1138.5099101049502,0
231.70897773390385,2.1366938828951927,30.370879805117582,37.26390867205703,495.09115533593075,0
278.9456667922363,1.9201084186964812,37.58689496050391,50.23554715537864,535.6059231666763,1
210.72440735283362,6.1688054081369845,47.96354847450837,52.60532734356836,1299.917863704621,0
246.89997524709185,5.097051123037091,24.57617128742784,53.05153440667253,1258.4617961110196,0
226.96522685209544,5.286887531560699,48.03101044307044,67.02274051627106,1199.939627942189,0
214.5295218336302,6.901467793255175,45.166942593378025,34.98650724813067,1480.5685856372318,0
233.65101742979718,8.798005407740261,22.190465552881253,43.40788966583604,2055.6629148713696,1
184.14886126920555,8.228534600111375,82.43513752610883,64.54072562451827,1515.2752765247674,1
269.61673956178146,6.510728349635807,37.61204672409701,31.313866809737533,1755.4013498012646,1
169.9347109095792,3.5135526970272872,47.445377032043,44.49575596466532,597.0745618349043,1
235.2905715167812,0.5851139678241686,39.906121160501314,37.121438674790056,137.67179989180016,0
172.29221475560192,6.1637921073444035,36.05209156800976,37.378514856754244,1061.9733934674662,1
222.39747705074444,3.0825677504743862,32.80366716010248,61.99128088297078,685.5552905434922,0
228.72927313765518,4.56234391583184,31.33177842320508,63.46259253169332,1043.5416076722202,0
221.76178716883885,5.141384798633884,35.82943190434358,51.37823565028988,1140.1626814677506,0
229.88047795284996,5.4748158269305645,23.089444379939465,43.37451245241929,1258.5532789986257,0
240.12984882989804,2.2699620556819466,46.92291229456653,51.06313866637175,545.0856452805104,0
243.59155437826283,6.201962560069141,82.23953486094534,52.06890381037359,1510.7457002030324,1
217.8445239877381,3.7858012141892194,37.851469391012614,43.57084983584764,824.7160634172515,0
245.49841930054012,4.118690301091879,41.6243928893152,62.212598694316206,1011.1319585065221,0
248.50597274219498,9.888819451154546,25.643273951108544,46.25569233094088,2457.430696981099,1
213.47700059801397,4.616065036921244,42.07713839588007,63.92512381867534,985.4237186473077,0
245.05776303501176,4.679016163492646,41.118384054155285,66.42496014161216,1146.6292342301706,0
223.4346342859934,5.863197654247289,30.891776365852714,31.369124432821167,1310.0414236232375,0
176.37646608764962,9.104094361703961,83.0837958740595,41.778630381676706,1605.7479904458407,1
215.6045270306581,6.210807855387477,84.62293594748542,65.78208907576365,1339.078290139113,1
169.39113468601386,4.07474593529153,42.25060832685997,57.95383412643618,690.225837536255,1
218.72092429976345,4.692852090500641,32.651118036598454,35.29104844501322,1026.4249468363773,0
265.44614653038735,1.1103440592848004,47.428964196814974,34.710043315605645,294.7365518600582,1
220.96220882748824,4.102157016352657,39.542611650555926,63.18967214828807,906.4216752904618,0
210.43983314633923,1.3897565954472473,47.00055925544315,64.95560310250062,292.46014605994316,0
234.02067441734613,4.822738384550661,25.261138358703487,66.5764778369984,1128.620489290968,0
225.3255411299799,3.872965084338444,21.408979003251652,36.65133475024318,872.6779534060781,0
213.6134784231043,9.541971851070958,22.72998821416366,63.48315962812117,2038.2937981226148,1
246.62054709167657,5.189963597292387,38.31214001023873,67.97227188231062,1279.9516617501342,0
248.16347746158533,1.377508303237845,34.51264825797239,40.796448895687796,341.8472507637116,0
216.48055511566338,5.969942792015282,45.39223547943672,68.20945250893917,1292.3765296242216,0
234.93330203619962,3.5825425065524024,30.331511961326996,44.06160644536875,841.6585407493992,0
238.19702198755812,4.388859378743005,33.79044538283394,33.03733641478488,1045.4132339387481,0
210.09357562503112,6.790046023346062,20.157614556751547,34.12374984054979,1426.5450477032978,0
242.29721007267045,6.7536421074667645,43.70040676375568,57.62240929782563,1636.3886404685074,0
213.46820847448734,6.728110154525547,42.75177241837044,55.55797541337047,1436.2376211055748,0
187.6910625807141,9.698391303130638,77.49004026577558,49.576998545725615,1820.301369008146,1
249.50672031986588,6.636385707962987,21.182804341055178,58.22300690062754,1655.822832771476,0
271.3589046110526,6.492929785528251,21.018379357573966,57.8968106898736,1761.9143143174228,1
246.97584781506123,6.811878593574891,48.32799467340302,48.96856866629855,1682.3694908614254,0
222.7640189297302,9.657830948301354,21.480305388619705,53.85079513928212,2151.417236187537,1
214.82267543109114,1.0001958105898594,40.88866327634419,43.59499855072265,214.86473998588247,0
232.89711037733863,5.8238618764053856,86.15204471142363,56.46620700322166,1356.3606022515596,1
185.43910992944748,4.695179129093828,26.988784242609015,30.97603126226152,870.6698386584778,1
244.98806690736797,9.057874268054423,57.56270794051585,61.951329430946615,2219.0711072206436,1
212.10735343908914,1.5312604636817089,71.12790319618783,49.19125307426019,324.79160437743974,1
220.86747884276016,3.088867995841631,22.750980053342904,43.45481855313688,682.2304867196304,0
239.2908722873858,0.521751353279365,34.019322996129574,41.88011505819529,124.85033644334324,0
264.6721550209982,1.2525591378181713,20.536218042002414,69.50889558944127,331.5175262975789,1
225.37306588638728,4.917707337504954,26.547616635951925,67.99844735800902,1108.3187797854741,0
233.54216915892982,9.964661030160164,55.367959125260114,54.03193785768792,2327.168551917061,1
263.3406789218415,6.947011756821859,26.950151041503304,67.70927096540503,1829.4307925194835,1
234.30947179515437,3.8324753216073058,26.92009435153276,37.061121280220334,897.9852682737721,0
217.45753048577018,5.567299078183897,30.5037577750019,32.313707062535855,1210.651109017575,0
170.7304146670557,4.583644434582046,35.75094502580804,40.40933471806109,782.5675150025348,1
229.64745363474506,6.976182542743707,46.923084441386116,48.5352299286248,1602.0625570322534,0
239.91486416368915,0.7266235415198619,46.8476432368352,64.40507265671695,174.3277882618764,0
225.64679064321518,2.274235936566047,34.30030484991105,31.775066541329473,513.1740402515952,0
276.19032149449754,4.93145188383413,36.52572111827418,33.479470396456406,1362.019281230794,1
224.90754068049256,2.1883995944421204,41.702603410657545,49.835029403150834,492.1875708121646,0
218.80732807799245,4.941181963787374,22.283925784709005,64.04827656195076,1081.166823043483,0
229.22346309306593,4.350650600286865,44.740428977754476,43.91236831608772,997.2711973056812,0
232.62927855983165,2.2356837561012384,46.358899590654744,61.89704086427712,520.0854992697657,0
244.02326916376967,6.137412306238716,41.25088930145104,63.48053313454688,1497.6714151743224,0
237.20563087041202,4.520973958398698,42.58149918672923,36.344204211722946,1072.400479950667,0
269.3094001753997,6.27442888136879,20.154355122641444,62.797876696324,1689.7626784846327,1
246.34805237077472,0.5072807246207116,36.68545205119271,60.26543215139739,124.96761851554761,0
217.72531458349172,1.0466384590419002,29.79300729509879,52.39377249235318,227.87968775007874,0
225.06781447947196,0.5589706302427122,44.56038261499525,35.13794872372765,125.80629810694028,0
210.7371087495287,3.30956509530133,45.20364508223656,45.686048457807864,697.4481794021607,0
240.14795336202076,5.627245382159837,25.212604259227003,60.83416434163959,1351.3714615915674,0
180.83937170128542,5.251432027615776,34.207216653052654,32.31681842235193,949.6656684060442,1
244.09658636794592,6.935964422879206,40.281567715602634,47.83833228041286,1693.0452387943342,0
233.77583436914182,2.9934796926365417,21.968784337220388,62.86051789629764,699.8032128131897,0
242.75142573428374,2.1413068729744844,20.030884395369,36.35753133107026,519.805296349177,0
247.7721453983132,1.1642585280091735,45.62629323384698,51.08096384847448,288.47083328311504,0
218.8307845115504,8.164762091231685,47.21997208298852,56.18044857124541,1786.7012937743964,1
248.0345424900164,1.4818762965758516,32.97004403127806,67.74463680670395,367.55650924799124,0
235.54103790656342,3.0843635867581627,28.226456070460102,69.35910591839313,726.4942005062283,0
245.76396814716537,1.99470493829206,26.3931411207525,31.245363315380455,490.22660091740335,0
224.74105374895043,6.118328623957641,34.19629720074671,68.72773711658887,1375.0396221306062,0
244.74492671822443,5.547879543146321,43.127655339321564,63.79132912467551,1357.8153722288828,0
241.8719131145611,8.588335946686955,56.473441398396446,68.7004505445511,2077.2772458957293,1
228.48389163062643,0.5080069285817683,37.949817953672806,54.29225793050685,116.07140001768414,0
232.33650690332792,1.9660109258842804,24.8247640723457,56.06077867209059,456.7761110537312,0
233.6105575554249,3.3161038683157615,49.53054222208712,35.98322570670263,774.6768735889464,0
237.218265054373,3.0710430452197963,49.240995556120694,58.8755051170774,728.5075030943385,0
240.28237070444894,6.692216147251661,47.2345595895392,58.97141232505648,1608.0215611282226,0
159.6818006345011,6.919975559602879,24.2748662870454,49.95552613805424,1104.994157704127,1
238.09859882176414,4.137716442664942,20.29312542257551,43.058452329759675,985.1844873202971,0
213.51465996579333,2.779075052859675,20.996093263740995,33.14313988620083,593.3732649307526,0
215.30863016172242,4.189015513700128,40.683949074117976,62.02346796436331,901.9311919809785,0
216.6993032903628,1.1796909621736016,39.0929074863091,58.25902905947605,255.6382096009572,0
247.4484898497476,0.8378133437345707,36.238890059032116,58.36242077803666,207.315646683087,0
272.50609320427895,5.700536355649688,38.367739576434744,49.375937902961624,1553.4308914470546,1
232.12005810367833,4.383593107107545,43.51497660256586,49.236153257959394,1017.5198867246872,0
216.5599792395799,3.3509469071819993,41.74479679622175,53.731145932407145,725.6809926522682,0
229.1711571430515,4.5023231426245784,29.870523134439864,48.8073037078666,1031.8026044272146,0
191.58794028569918,9.317415551001751,84.94587149359417,52.214542037505254,1785.1044542023685,1
199.85335664226966,9.949586324293566,89.50977059040811,37.981698037165806,1988.4582241120909,1
212.88793635916704,0.6992412643377395,27.73048665533641,48.504918269572656,148.86002978203618,0
274.8541304239996,3.552960006688452,30.378049776408886,44.84155051938411,976.5457330696023,1
277.34062992244895,4.472052451434361,33.158462575687714,59.01030641660546,1240.2818439270377,1
244.93692952326643,6.35456211607318,32.65162780620366,41.073111889402064,1556.4669331758353,0
246.49453382466766,1.8693042285368326,38.688997506904485,55.26240880370082,460.7732743896666,0
241.0400082814172,8.810620366171486,44.074215346480344,55.301621329052246,2123.712006026398,1
230.5046082082322,3.1847026352100305,22.073983585598583,47.48661555267306,734.0886331888128,0
226.20083196321286,4.353969598906582,37.38244698030502,56.50485116033281,984.8715456152052,0
236.08492982121751,2.528962368526906,31.971378384113333,64.31945015690823,597.0499032941746,0
233.53650533362423,4.391640870650699,31.89979329030686,39.481114284333444,1025.608461612079,0
245.3483867864301,3.3731584295885737,29.926680889675158,47.951102953256125,827.5989790746045,0
215.83026272979006,3.421319928889295,37.63653113331161,67.94333419405734,738.4243791348432,0
224.37002991664983,2.9658308344957547,38.166144729346485,44.26928212160007,665.443553063535,0
241.2716131938012,5.085006361729324,33.39105939537757,64.56864710696675,1226.8676879951756,0
231.5962335800885,0.7222204786045281,49.600789410714846,34.918832341185066,167.2635426592176,0
212.06787348966108,4.660019284439939,26.7410353091804,37.20041749890894,988.24038007199,0
214.13235828496062,4.300359552876827,40.64623597599787,45.89515953857604,920.8461325307738,0
237.43870943931935,0.6129686362056177,29.693919712108357,68.92390992281386,145.5424819074415,0
220.16898319589973,3.8912453031353853,30.279604643627458,51.289799553051964,856.7315217571384,0
215.30858615277108,1.4330253532560535,48.19459375780525,59.31595673365367,308.5426627306362,0
217.53396335062405,5.2503915866606965,24.68491534376522,39.38245173339315,1142.1384909890728,0
273.23264700742294,6.871787724403182,31.22890301419378,30.70063963448249,1877.596749611797,1
243.23508765366822,6.1199574337077385,43.055580935713735,34.52439276306292,1488.58838282462,0
237.06053543108987,2.294050914386303,89.76656410697971,45.754576226166336,543.8289380705983,1
214.26372121231964,4.775994479919734,49.98241177311999,31.92848155442224,1023.3223497570995,0
189.73347749434515,5.5145665756934354,22.71445085861152,41.54742382122552,1046.2978932803985,1
236.02046591166862,5.473740619612601,47.770244926421356,47.526893856479504,1291.9148113205918,0
191.91254595434538,8.871166629625867,94.53502648525065,34.808362214824335,1702.4881734767293,1
210.23034641992487,2.609807894351757,30.993846046141936,45.846907664370214,548.6608177190246,0
225.54232405081382,3.4165085470464494,27.126323926229823,44.9300716651736,770.5672778403253,0
212.92783695073774,4.422415856978956,40.04638395665049,54.779613840384584,941.6554425231723,0
225.1914312071692,6.111668722216864,35.57245355408654,49.16727510518924,1376.2954266201066,0
223.64991310504627,2.9712715221080708,31.964683426907015,53.206894769093296,664.5246177309685,0
234.31620371173778,5.471741200023834,44.3895721614828,58.724923049059775,1282.1176256826932,0
192.89573675268232,8.861724183076067,96.90142869520366,32.85121080220656,1709.3888151935198,1
247.08138179185227,1.361604341737365,98.03308080416542,44.06490748958538,336.4270822102536,1
229.43487036745302,2.1690476901833016,28.546187058857683,42.29159859705146,497.6551756180292,0
233.23728213051191,8.179252678309885,48.70543143634518,45.99620827216625,1907.7066645477078,1
262.43772186673897,2.086896097208082,40.433535618949485,37.25753390782508,547.6802575238777,1
238.3618504688973,1.194700000115835,37.01936658886711,40.26251134805455,284.77090278280224,0
213.48155850350634,5.894491861025685,81.20529049115163,51.05996776615124,1258.3653090779967,1
210.1033605937993,4.646903837656435,35.45525511001195,53.74154276492589,976.3301126478398,0
263.4954688565475,3.164635114663599,47.17673314363281,60.79778801006716,833.867013298179,1
220.2257999123709,2.463393261926168,41.95874202756904,64.04697043411083,542.5027516064349,0
242.38119903073766,5.483264878802639,24.49111903870873,46.95779251653208,1329.040315927316,0
219.4094233920794,6.150187560231841,34.18675896899546,51.41432407370644,1349.4091063436078,0
222.49087144195184,1.9966000947811546,26.185584935552793,55.5184317326388,444.22529500894274,0
235.28061944081674,0.8799549917056004,24.253231805813055,40.98161016000502,207.03635552853243,0
237.03364980349505,3.377660284066926,33.37372743731687,58.980674055944725,800.6191449286933,0
223.64360097896883,5.821595871275013,38.09658230640117,43.489085310216815,1301.9626640962415,0
163.17677475955946,8.17131649919286,96.82572623992354,37.67469298874972,1333.3690718778653,1
219.06625608907953,2.8074759879075923,22.0827152823828,50.76239163633082,615.0232537309062,0
242.01426031289446,2.0191285324178145,36.20035743813531,65.20316350245832,488.6578982497575,0
231.3183114620534,2.6081693952499414,29.990057391745935,56.7794782079276,603.3173405162214,0
267.25888543691985,6.9728829442255424,33.390570535929264,43.34278197888801,1863.5649239558268,1
213.55069576431075,6.750827283706286,39.048801367730995,60.193512797633915,1441.6438634201695,0
226.37911412020816,3.247479237075232,44.65419331703261,30.049467190376376,735.1614728128604,0
249.24945497377215,3.586762532790421,31.47578840732025,34.79316008070585,893.9986064183589,0
189.48720900028974,9.537199609577018,77.309701481916,56.86233774452149,1807.177335697402,1
220.28189065728318,5.6213629238997225,45.940585761006204,54.339456506391656,1238.2844529473844,0
216.37216082475922,0.9102087150144761,23.529470854206757,39.09429200384395,196.94382646920965,0
225.2363810204395,2.751091495828523,27.171659965917968,50.388969870067925,619.645892376524,0
272.01188666721237,4.094076566178987,47.58175919643252,49.87853931623321,1113.6374909263684,1
175.64171052232697,9.002305998364019,81.91536332287633,51.589304750397716,1581.1804241980608,1
236.97215225636194,3.96112775163627,41.64266201986195,35.65112197102023,938.6769686676508,0
242.7494001629708,2.596431856001699,20.686814749283606,36.15164598672124,630.2822756084414,0
248.29291551578348,4.2247692880505205,47.98192221428764,53.006534019865,1048.9802839116046,0
222.54910764776383,4.4414111388169415,24.175940738525895,65.93046509170824,988.4320856405488,0
230.1026430585377,3.3919781666338786,74.39121976486747,44.701376891661255,780.5031413393085,1
211.03247627797947,1.378580879506348,48.89345334767522,51.98118143580068,290.92533675169943,0
222.47264532341038,4.036851177041465,83.1853506589873,34.22658737046976,898.0889601333374,1
218.64152730038398,4.527321706835893,39.506032771944604,36.08099412514592,989.8605325627808,0
241.2304634427376,3.488702754500581,21.744913865164275,69.79465268679068,841.5813822821304,0
237.80140915434214,6.893913014212188,27.175403126477768,35.689974747487845,1639.3822293671167,0
222.13100590270383,1.1567977715692035,40.76484025082396,32.49167192520251,256.9606526246734,0
249.86787415411908,5.790806751789122,38.45658314693033,42.25014483146447,1446.9365727068675,0
231.08165855646607,3.2695419952874145,23.921311302205986,65.46416860961867,755.5311869910331,0
217.7849004728306,2.8904357807023824,32.42389257586781,63.10151582267497,629.4932688233768,0
160.4412505771459,8.832307996359523,84.44032454905971,30.76769107292227,1417.0665404184476,1
240.4115929248854,1.3912130872384938,36.059303943577746,38.6080748806895,334.46375440095386,0
219.64805830398166,6.8431794069153495,44.046113356489684,68.38306577284133,1503.0910693547494,0
214.38944794710014,4.061736678329004,33.631320036798826,63.77428330958464,870.7934841734435,0
229.52964548087112,1.4753163205108977,29.740277806701798,59.49428309551199,338.62883201900956,0
225.03553140583077,3.0640958107052296,33.7834030521796,61.400661753482275,689.5304290404312,0
154.08598118630152,4.952152877244661,48.28493424239785,62.35533846545312,763.0573350748098,1
221.17470855738867,6.547072751445854,27.591752984023536,61.246816951476774,1448.0469077050575,0
267.7269781969663,3.7007465945185576,26.808940830960925,65.57563664515376,990.7897028231671,1
245.298377618244,1.1870076193907817,49.64825813000394,47.730923497744726,291.1710432570528,0
211.5208739294982,5.350347173631951,39.77106602611042,62.0852223251035,1131.710109992851,0
211.42283468142193,3.80576538140926,31.627856944483085,48.47787746683823,804.6257050699686,0
240.98614124724728,4.968223666422486,75.55586703602404,36.964373413363376,1197.273050224406,1
236.41210878805353,5.468422304441283,27.95139284975012,30.83779844123651,1292.801248736591,0
248.7144013938012,2.4203910536032316,43.076694435144006,54.98654275417055,601.9861120358396,0
218.2274904878222,1.2890117180361418,38.450389041166,60.98535122551152,281.2977924364235,0
231.21208532996633,0.7726829523056358,49.05466332783151,61.94856766618298,178.65363670150097,0
249.19881317435403,4.412230332636094,37.472679746217395,59.922927177181286,1099.5225623447998,0
216.26553747895233,1.262413755279817,73.32423886539421,53.941263027374625,273.0165893064122,1
225.03971559765245,4.075597612978014,31.65958395889541,36.54735205861206,917.1713277150435,0
247.13270131394307,4.89388479131131,34.8814351603966,30.50859559947574,1209.4389683959864,0
276.31893877937233,6.168219978180616,45.395430160708344,66.75706134558217,1704.395998528591,1
240.20167714985112,3.49350673228191,45.25995658670185,59.13962708646453,839.1461762284108,0
212.15432827992103,2.920358995125901,92.59562007740209,40.773251932081,619.5668009471607,1
239.11788706922974,1.2016341452020183,40.558940483476206,33.674835508401785,287.3322178309466,0
216.0270443083951,8.684767272067093,36.536657971810456,60.32740044306149,1876.1446042909374,1
221.90193805275283,9.130043985718032,47.55541208200363,64.9329166344323,2025.9744549377112,1
240.44486148172632,1.5404656272047244,33.8467242325937,30.37326479308373,370.3970443506006,0
239.0584686045202,6.946764683770862,22.97534298761648,46.059772634451534,1660.6829270582261,0
222.43715720030218,9.484696101145019,52.604735379214716,54.599129613645296,2109.748837647488,1
225.01039617770664,4.001521837729754,35.724775121784866,63.92191164523088,900.3840140213167,0
239.8293513092493,2.2148833609914247,98.74220440358141,44.71763005208338,531.1940396922232,1
215.95552201329778,2.486427400686397,46.29952285484602,69.85337350508989,536.9577272633979,0
227.9444252381817,5.1934610983177905,46.585873413952235,53.721773367471364,1183.8205050529045,0
226.50487363394495,5.021517952229245,20.09654790812836,54.78357349839363,1137.3982892202712,0
241.76789325108336,1.104439158850359,37.646068008451714,49.23891559544495,267.0179286592499,0
212.59414377931873,4.269894618282853,36.84453763878571,52.426403776646836,907.7545904017642,0
237.0587174890545,5.732428497925003,28.09462160384643,63.001976407202484,1358.9221478158083,0
213.08233116537323,0.8805810400858648,30.027149560881824,61.3958790844587,187.63626080152505,0
230.69076225766437,3.6411939877329433,74.42357580118852,43.12771014437246,839.9898165581374,1
213.5440171871847,1.9339776926228731,37.94675882191217,59.42652456956759,412.9893656330906,0
221.97774041967546,2.0408804455957434,89.1265979341069,49.84665536452878,453.0300297800435,1
237.43645084199454,6.942321806838474,42.41658763226113,59.59945546742447,1648.3602504187102,0
167.37905012534557,8.724470883304576,80.03533866225797,31.04786834128259,1460.2936492937547,1
243.26788174703094,2.2749602648232807,35.542362987164466,41.94902294355092,553.424764682224,0
277.05456039751425,2.3532479795543955,31.30742494209116,48.46931254449529,651.9780844817816,1
227.40721597021428,6.592796412403119,41.18057022992073,55.24682583826825,1499.2494776030098,0
246.15653321041498,6.411036248054575,43.40639190290307,30.281168152544765,1578.1184571074202,0
219.00894809073958,1.3537711529418934,31.96508089111188,66.90492232351158,296.48799616139183,0
210.53610505728662,2.337846982261953,21.337847251188848,31.451504904540087,492.20119786536304,0
221.02449354715782,5.616322916910426,49.24503958343335,44.84828375559993,1241.344928307423,0
243.79157745144084,2.242903630620837,24.691454132103438,64.12358493614602,546.8010141806177,0
234.78797760797664,4.152953508534244,30.37761342505083,42.60758084389436,975.0635553687061,0
274.6489746367618,4.289923502358546,23.83964625600759,65.2854245712824,1178.2230911929207,1
243.1147350128869,5.620134600930107,38.732763394151846,49.779245251803715,1366.33753424188,0
186.16698405896298,8.39619526551948,86.95990763714829,48.55729946753345,1563.0943501519057,1
223.98025488347275,1.6845747093276002,74.53740486204804,39.0126771980494,377.31147276544795,1
244.02464231364553,4.147948123836412,35.70172734123099,34.5907548747687,1012.2015572547374,0
270.85091606790843,5.75019993072011,36.46515970160176,54.51600643447797,1557.4469188091655,1
243.8767491235424,3.2860985553080924,24.228788825653076,56.56751658021669,801.4030329681068,0
213.90250040957199,6.10291490462777,33.80486793465319,59.97134850783105,1305.4287578867245,0
241.47880539670666,1.2275835256399472,30.67920121384558,69.12247271894114,296.43540329621186,0
158.05455128543898,2.5517250093282327,24.941190602968877,43.2086025948599,403.3117513532064,1
186.38517465578968,8.323239622571743,77.66480033966815,67.86551816798428,1551.3284707550233,1
240.0291802799739,4.126874802087159,36.575408443481756,33.76607640502792,990.5703758630603,0
221.29723594746048,3.039734376488486,43.95032564672985,44.877306716674596,672.6848155313792,0
225.89525561941267,1.1071518178394215,33.23216474752351,37.8243709217806,250.10034290033354,0
213.76144417737066,2.8183613319214706,42.72445654368252,41.057667623335846,602.4569885251915,0
235.70698630689694,1.7729652818149728,46.90873791270603,50.80762093006218,417.90030340336546,0
232.31280767716805,1.5792230372052705,38.40419415917529,44.524029465360414,366.8737377216212,0
249.34085890860888,8.281423056097516,28.0806267360996,37.368993569521045,2064.8971377929115,1
242.81510029795894,2.878971968903694,93.95779817148254,68.71023508413555,699.0578673843628,1
182.14414141766142,4.03124064145983,49.01379845777511,46.71043917100398,734.2668654866833,1
189.00742192109564,8.646022396772427,99.91234471244985,69.19129831418087,1634.1624030860087,1
215.1930579580687,4.964596484887689,22.790914593800817,31.174566364095693,1068.3466991108605,0
261.5881316928606,5.388978942042174,25.622358322927468,64.32708212628656,1409.6929331809808,1
262.21496890637917,5.55749446068779,49.64196699958322,66.05184043098595,1457.2582372066233,1
222.5624317997093,2.1530928776590588,44.57765314614383,65.19287655806781,479.19758674243405,0
219.77359763145864,1.2341308546726282,22.615384034954936,58.76309789415423,271.22937787939037,0
246.2143949711148,5.307863454723964,25.737812537437602,54.55109675262796,1306.872389094152,0
233.08998923074452,5.297449301700362,44.18587643011372,63.749493056268975,1234.7824006837525,0
211.24462399669432,5.305415778571025,23.190311787673238,42.59678354451871,1120.7405612903656,0
237.2667792960648,1.5863580745629382,39.65847229074974,69.66970468671354,376.39007116185496,0
213.08312047805842,2.712470602333387,45.99159542754026,38.62119475165328,577.9817001501967,0
212.74021626507917,5.460509393182781,32.24919028278353,60.36994932243371,1161.669949223201,0
180.6425910614121,5.730684059519792,39.94954710427986,40.411474302640116,1035.2056170659869,1
210.00753598226328,8.338162140711985,35.59037549705968,45.180116134988744,1751.0768857915175,1
225.264477594688,1.3375166280016564,32.38283387798078,62.09417316637057,301.2949844810018,0
210.7200035578086,3.239386270265108,20.815250482725325,68.64973642827192,682.60348639538,0
238.30753305322474,6.8230460987985575,44.781171549997154,57.97261500504815,1625.9832837131135,0
198.51241428296103,9.453341984140646,79.142532861584,63.17578659435388,1876.6057403142368,1
244.9101535826451,1.2317725376775905,41.11057932382387,51.62793906579641,301.6736013815032,0
219.67575313035357,0.5806262358025461,34.06303896393517,42.05061043040001,127.54950563716659,0
221.88951230834468,2.4494742247954004,42.2957959619481,31.92571343913414,543.512641151712,0
273.35609366452815,4.559329420644306,46.76907494418957,37.41320718114858,1246.3204801570837,1
219.5804067963815,5.664758811551237,21.0401080017945,53.31227340333959,1243.8700442438073,0
271.4669869127044,4.952950420840423,27.569217495182198,38.80901205509261,1344.562527073561,1
239.50262996371308,3.914058423881041,20.97937032637006,64.74206025281154,937.4272863511351,0
248.2329793488301,0.6634227288022727,40.83351368392127,33.288282548471265,164.68340053831906,0
163.63262799159386,1.9889480520805722,25.1174573467127,67.92433280685769,325.4567967007055,1
241.55209055621438,4.657436147654932,40.29279087015177,35.26773753888154,1125.0134380981306,0
241.4700134061775,6.80998034208609,27.880269277959552,40.86275059004159,1644.4060444993331,0
249.3536125142175,2.248233147872062,32.209157289027914,65.65920062494027,560.6050571961097,0
211.59063859954279,4.426465900962925,47.22140494138541,39.554266416077105,936.5987467238458,0
228.01861206631273,3.574313749620816,38.675590871892354,48.78975051962735,815.0100602780765,0
228.9715368172504,4.34063836826177,36.11022465054075,64.16543990602017,993.8826379488196,0
243.3326828589205,5.9855099819762065,28.547240645928824,48.514078200634025,1456.4702021931191,0
218.74039337416522,3.079179506061057,21.331633165125634,41.11288291126938,673.5409364254633,0
174.68266064471206,1.6830303608596084,30.35669428405076,50.29647754871235,293.99622138078627,1
187.01680830188357,8.089707136047137,83.51791056949402,67.17706777892457,1512.911208680507,1
225.59489411766177,5.24409200751511,46.46775668284543,56.83772018970032,1183.0403811786475,0
236.98431411664865,2.428729667176585,41.55287689456206,68.16132510340162,575.5708343505993,0
175.45605480733627,1.3068122886526043,27.728216610011657,32.380988013910866,229.2881285407319,1
237.46359653970427,1.2441696474283832,31.515166491349383,48.24946035822168,295.4449991838797,0
214.84100001940772,3.2231606362185903,42.535341434252544,32.84030658133022,692.4670543083923,0
224.19085167343937,6.621217125523013,40.05717940168742,57.14679826690259,1484.4163064857664,0
233.74643164834154,0.565852696180332,39.08288139228627,66.53147790304948,132.26604857074574,0
244.9479437386538,5.20582486052961,23.616752492110706,66.09813229143367,1275.1560950502922,0
231.35869890191054,1.4238913046574748,20.35119832192712,46.88137040510556,329.4296396232973,0
229.44001975190412,4.25179926377458,21.312172169268422,34.920131804949825,975.532907061571,0
223.72669412690632,5.239627669071412,39.56874945775819,63.82417451959627,1172.244576857215,0
227.19724309560593,4.874283045563811,28.261435227662556,42.25253995112851,1107.4236700197514,0
219.05116432856926,3.3054377208242878,83.50370083545796,53.17065415282107,724.0599813621325,1
233.28794986376454,8.742344846875255,44.042966672009314,58.223434505752984,2039.483706329575,1
224.98211548080485,1.5845913110418932,32.915880153866226,35.70376576327635,356.50470533070717,0
187.86577735974186,3.0386129629067073,35.517181451429956,45.15641112235258,570.8513863718571,1
225.43498011580465,5.646181685198752,37.87966526550446,34.05039658460636,1272.846855933001,0
276.8344672348935,4.481329112710176,36.790653345138196,34.2103674078805,1240.5863574213397,1
248.88101025986364,1.98516385390601,49.32356353971104,51.27650826097053,494.0695854914921,0
213.97208811014772,1.85761645958731,47.769119900760074,46.56600897312907,397.47807276567653,0
222.52825044280695,1.4559020286828246,34.635535915772195,35.201911300445545,323.9793312589223,0
198.23675315821276,8.627933434754706,96.65211016926044,54.117715059178465,1710.3735105709593,1
153.52806815159482,4.641264049461579,24.5475287860964,31.237505789253678,712.5643032952843,1
249.20435969655068,3.8672706881334546,85.96772593446929,36.73347823676521,963.7407156095366,1
243.54196859611312,2.815206706264362,44.80444921389257,58.36054897148127,685.6209832486023,0
230.29785464478968,4.903017589871659,27.051116444114754,63.227540420803074,1129.1544322331104,0
216.60968201770413,4.289398770069916,49.99141412467742,36.020859666536545,929.1253036319756,0
226.07115202617297,6.963090333398189,96.4094428644678,54.936238326377605,1574.1538533336375,1
234.82641919298337,1.8085287008458162,31.85413229792956,31.578381315635973,424.69031882736124,0
231.7209833583065,1.9803732846708624,48.92086541496541,66.37818443748968,458.8940449404517,0
178.33865698277032,8.075963126579706,92.37580115881036,51.97289917612696,1440.2564178365997,1
237.2302357184194,3.5340835020027215,21.03383778275,68.78430907392382,838.3914622286827,0
279.6197475632537,3.9004446158388797,45.90642567543635,53.54926088525279,1090.6413388653198,1
221.4313422210348,1.8209500920595674,42.85394574133092,45.46162027292112,403.2154230022669,0
229.69301920004727,4.252313690015352,45.96731436873657,69.22957374333717,976.7267700453202,0
243.10075688425212,5.469430665255665,37.205868543667194,68.24188574447732,1329.6227344495908,0
214.37056841238487,6.050752785210244,33.17449449901245,63.87875416828242,1297.1033138883408,0
222.4759632001712,8.512095130209909,21.231601986417914,68.86132169562354,1893.7365629449362,1
239.36119050357226,5.45687656551214,47.87772194021688,31.221978283735197,1306.1644711520303,0
262.6887025881624,2.7963735302300874,30.761465762510404,62.1774883071802,734.5757346080212,1
218.42819855468812,6.723412123747625,20.265898553404067,69.91283422727912,1468.5827983309437,0
243.13877197796467,2.4150260762502556,20.429458330011798,59.5147807424612,587.1864744742496,0
152.761181635514,1.0339948871774036,48.11273085376384,62.87706543759719,157.95428077030016,1
183.83685758710928,4.681624685424751,22.65814141909037,49.50511238668844,860.6551705707252,1
226.30172124129723,3.1461921793165795,21.980295324207248,43.952821358779175,711.98870553525,0
242.3294084003689,6.65997216876906,22.169494257738158,68.20460829166805,1613.907115620728,0
221.98262711815497,0.9996034892950628,35.018728042112535,61.780621779629946,221.89460863019255,0
215.8078605153864,5.26066033853024,90.00563263042804,38.444498846645445,1135.2918525563596,1
242.1393097318754,9.858456107263708,36.20410778110266,66.24444008529989,2387.1197568348252,1
229.05747945375165,1.9691884858039983,39.21428126527532,69.15924460699236,451.0573511276137,0
224.31256336454194,4.710813398938434,23.687620353961627,65.54636321061594,1056.6946290479107,0
227.9739896815857,4.308121124947874,38.74351588368207,32.87103224906052,982.139560885888,0
219.6772672126212,5.140692111292834,44.6760438315259,62.15834030210081,1129.2931945902897,0
230.80679569243006,1.4286937487061762,43.26038451209406,40.856375217868575,329.7522261646784,0
221.37096371710066,1.3698843594980055,38.88673090675209,32.17328139291615,303.25262084305666,0
150.0053877201794,4.066774835423379,21.405557255828093,41.04678231283598,610.0381359583528,1
269.33935999927223,3.0422244778345764,48.213455172085176,33.30861846097414,819.390793834085,1
164.40935675201712,2.622359718307153,45.281357064816646,42.53391670340572,431.14047445927986,1
227.3526967830612,9.819886287708783,35.092722158527714,68.56313665960433,2232.5776296135955,1
237.4807706601297,3.7097912629700365,31.62946416366941,55.30847514994404,881.0040881183402,0
262.7823169778218,2.5253883024921735,46.26533679657848,37.31228946627602,663.6273893975816,1
215.18402604781767,4.894703504193672,48.31946916089629,40.75872126381544,1053.2620063427555,0
235.37358958844817,6.9965306134016,23.144241949927164,49.94283198022836,1646.7985251418017,0
244.6328066088942,3.593790251575763,23.32932573755444,55.37696581146335,879.158995606663,0
152.0942008074989,5.60540577110751,32.49513295711637,62.887195472656934,852.5497109583388,1
176.29413928680515,3.8336908249778903,46.40470213764455,38.62962716705816,675.8572242811991,1
234.3100848901089,2.419459604216913,24.098027109535177,56.065590419091066,566.9037852522542,0
248.9836724534132,1.3131917742698298,90.46581641879831,48.72616565204122,326.96331059331584,1
213.413653459373,0.7795451871351067,40.00599981652765,62.93237719282872,166.36558642317374,0
170.70370706911885,9.670960451484389,70.44080165964861,45.16376194687744,1650.8687999872245,1
210.77310523670405,1.3083945935033165,32.40928024755906,49.71458337789787,275.77439134760914,0
231.23750713648374,4.368355886886929,20.29771463383507,48.56380637814016,1010.1277255687171,0
225.90590318368146,5.573854192131632,83.64756668522762,40.69010519174381,1259.1665654876456,1
215.26073067665513,6.071342139065835,37.26066209754668,33.05539779965824,1306.921545043278,0
224.7093460322044,1.6813047396115093,33.065228764165724,43.283974615725455,377.80488851894796,0
239.56106231151836,1.951212005783776,39.25579876566066,52.825984955237395,467.43442090054987,0
236.52029384567103,4.064483235271751,46.37765344539154,57.02320367801039,961.3327691372781,0
243.19052481150578,4.439952672067618,28.73432743355537,38.28379672706285,1079.7544204583714,0
245.97820850184405,5.115880306687428,48.12135314492962,54.13167222859772,1258.3950727488382,0
212.38865955883557,4.865674830049193,37.46626279304694,69.60835574350486,1033.4141550033132,0
231.22949421147342,4.731222678267472,39.33773524227031,52.45174171793611,1093.9982268976403,0
159.01525072027064,2.17499850480562,24.22408846678028,54.896545662639866,345.85793255787945,1
171.04949299900613,9.963306647704895,85.81795542745769,66.25683855657746,1704.2185506835497,1
235.71275659200697,5.76409121784381,48.42185748759341,43.49360564068094,1358.669830205743,0
185.60564549584058,5.246328101605165,21.86609678494108,35.89212177115881,973.7481137813946,1
235.23687160916654,3.409877265167719,24.028245527068265,68.31736484227082,802.1288604292747,0
219.67573176451558,3.7539232125055992,40.38860998205323,33.04956871894258,824.6458286949686,0
242.27861963535975,3.4878216576172982,36.39731426096885,47.31264008837877,845.0246167418313,0
216.62999119280624,3.396020651822291,26.275563962237833,31.99916114638715,735.679923894851,0
241.72571495986958,9.707569843409335,29.679085212681816,68.42507902052799,2346.5692609209905,1
248.0571924144733,6.966325410778682,41.35168417238146,69.24574927167288,1728.047122843362,0
220.38167132704362,3.3404732568265354,37.806828061363575,32.9232624810806,736.1790793627245,0
249.2471134704918,1.7356997235942295,43.7778534886515,66.31595175118477,432.6181459573922,0
225.8082370523988,9.905793591995655,58.682107257041395,45.71175103237373,2236.809787613488,1
219.89361263276334,4.843691101293324,89.99801437139857,36.50798975234264,1065.096734740557,1
240.8650764391443,3.7428218194836225,20.363093503283224,30.361538763171687,901.5150636480199,0
247.04776273727128,1.986399067423457,39.03091066615062,38.88303482773282,490.7354455103672,0
243.92168358405937,5.237599374754654,22.861978319396318,47.14808083945734,1277.5640574289719,0
229.23560586412037,4.805821076056943,23.555078707944546,41.55539755636663,1101.6653060444721,0
246.78124098624198,6.956157600249266,21.347338969868474,60.44031693981568,1716.6492050853929,0
225.6983274491792,5.402722326755647,47.552792964362254,68.03714378010193,1219.3853928210874,0
224.28484637202013,5.619069058082065,27.530041497869007,52.56296115334071,1260.2720404457077,0
236.26524294831503,2.062592933807795,25.747788372044774,66.72956346701748,487.31902060957657,0
230.23831630939728,1.935543089259558,21.167898899770023,31.440752731657057,445.6361820154101,0
244.67081418024,2.3361118358506734,48.513775117258874,53.26489171956774,571.5783848936794,0
233.2035533867782,3.8585395039707406,42.76328761271975,41.299842638914086,899.8251232092333,0
245.76377210133003,6.651967335477636,46.776746824594234,46.77791975829254,1634.8125842618174,0
277.7777484800726,4.267034614295368,26.133826581641355,40.212363060157266,1185.2872678455024,1
233.7520992323846,0.7132625568359549,39.08127406339905,44.57416953712928,166.72661996426248,0
245.17986282912506,3.490015571275193,22.851591365980784,63.06987072104988,855.6815390367624,0
239.06996896672786,5.530390441509324,30.578078177865745,62.99151425111147,1322.1502712255224,0
228.53174613091187,0.7951213295465016,28.700875809467178,67.240398835412,181.7104658271942,0
231.86802082227072,3.958140913397637,37.7129326946808,32.453238225731305,917.7662997251649,0
238.92513095530217,1.803641631974389,26.107351326390813,30.40362426756099,430.93531311591585,0
245.30937522693688,0.8373561333175086,25.73356128488008,42.4033815337102,205.41130990656168,0
239.6758530783486,6.090552274543148,82.67887591040827,42.11723622561717,1459.7583121194054,1
238.50485332394052,5.809066532286634,25.44841903269808,44.837640326310606,1385.4905612320354,0
249.39433611049904,5.5254895580924845,81.79585603083767,53.625513359785515,1378.0258000259698,1
213.13823265268496,4.039230234175124,41.27962485417829,36.69285216004241,860.9143933893766,0
160.75386969811373,4.770604284513993,34.456024378238496,44.468410194383225,766.8930995340256,1
155.19765489071764,4.360550184660373,43.42195559602703,58.339587899711894,676.7471626925757,1
248.89679996160413,3.417288697352939,24.77075011220784,37.20783016512592,850.5522213161053,0
242.1407243373974,1.2931982130920163,23.75375771425241,64.01886459043351,313.13595202992883,0
211.2343161723229,0.8373194468696707,24.265113401116867,38.53573391902758,176.87060077730257,0
216.29305120007314,1.272683542650968,42.941574244288375,56.842211354396575,275.2726066520963,0
231.97239085920415,2.52789613212172,34.47501260706082,50.26690595930983,586.40210961201,0
246.26288842688652,0.6044021223765399,43.46513789273739,34.97531324965297,148.84181242778726,0
188.8102843890423,3.6259679688892206,27.04920214987858,58.19484040173527,684.6200433915318,1
171.37162207574704,4.244407402798625,32.88787830728194,42.35337696029363,727.370981367909,1
214.73969435073602,6.749836703390051,41.43232290879795,68.09868466751388,1449.4578706033592,0
245.17364080706113,5.757134899663,40.314572373730215,55.00116744340823,1411.4977239677723,0
242.65643139860123,3.7598504996182696,22.126747276738563,42.5145264342052,912.3519048296172,0
276.65660753576543,6.436522362887564,20.364703144321606,56.960796762351706,1780.7064412445623,1
231.95434660309422,2.3696127387839083,29.203297985664236,44.11834013809426,549.64197452699,0
223.36199862675076,5.262543828836822,32.13582156721609,32.734128012398344,1175.452307469866,0
268.65533759198524,5.112663299331409,29.97368471446136,32.26342624586862,1373.5442846760327,1
247.77794330777215,4.671273582440628,40.14437446001621,55.291286145505595,1157.4385608850678,0
226.7333545640912,5.381108689361569,23.041186926594776,41.114111043588494,1220.0768244129288,0
227.28075710378025,6.872396816124203,22.025076400514656,50.7480397752238,1561.9635514863178,0
248.82706181638977,1.2364727807285174,32.10803007084774,59.51539939338424,307.66788904461816,0
158.17762295798187,4.118225577366905,22.22126653737044,54.21930676857619,651.4111326326595,1
239.6064547504585,4.599553062532102,36.4881880559227,57.59115396992485,1102.082602749931,0
233.81438645034416,1.6187189183480548,47.765666235556424,32.733364193824166,378.47977072911516,0
237.8318991062178,3.477144375843682,22.76285759698707,52.1351606450683,826.9758503734073,0
238.15169243962032,2.926188794007933,36.909799130862865,48.02745899755652,696.8768136908408,0
233.34227869299275,3.917415427134377,27.485731005147457,30.08074070992936,914.098642354619,0
214.68264165696675,3.4190508425711537,38.36774452285534,38.523400347392325,734.0108668426532,0
168.10530536541373,9.175171742218804,91.03418783252421,57.20447541787891,1542.3950475058073,1
210.61579566765235,4.28901936922771,27.593046175388263,48.01016984571561,903.3352270838666,0
239.02903641456413,4.703494125092354,92.18224689493935,38.58671455890147,1124.2716685023888,1
229.92161572227477,5.328362336891056,29.81133932455453,65.6022810186101,1225.1056776517073,0
242.28757275164753,6.09857756779809,44.51756934100463,50.509055770471036,1477.6095561394454,0
249.85049146099507,1.9896176828920538,36.40627897628134,56.82702101529302,497.1069558900659,0
163.65565945327106,8.398540672933601,96.32410139963446,59.548926029062656,1374.4687122740672,1
219.93505041479202,1.8936421394555696,28.124189841109178,39.90239081119546,416.4782794087353,0
228.3576206638728,5.262767586110074,38.20195174152309,56.91486674392319,1201.7930840710499,0
248.0596284070715,5.950196919979661,44.15270955486988,62.9193522016707,1476.0036369190561,0
191.4707801342851,8.794896313798183,85.40833139632974,40.134286802386455,1683.9656584030863,1
240.82970123622206,8.854991300713518,28.248696203365597,61.98875055859445,2132.544909400182,1
244.60773389591245,6.44917170196585,45.79471506173827,31.400316592272226,1577.5172755235112,0
272.60494438912315,2.4903016524592454,41.16382490850459,47.10405334813349,678.8685434807941,1
235.97289298307527,6.585824039548023,21.920190398258626,62.989729493880304,1554.0759512896302,0
227.7567781802551,0.6424366370375583,29.03138233502939,50.10524970520522,146.31929863663223,0
229.6438291753266,6.526219087579777,23.161796543234157,60.57762912302017,1498.7059413089262,0
236.20694858097352,2.1915378869039905,24.78476787624075,36.41850457084906,517.6564769651862,0
217.42586819604972,4.817426002428293,46.45071835530524,62.56502742364647,1047.4330310481969,0
214.4172745364441,2.379718400923674,29.29420625967407,39.998277855904846,510.2527336902791,0
231.4221525951869,2.8197588386122163,30.61367476209308,63.14222391624325,652.5546602309433,0
173.06970168120162,8.70884989758611,85.16902460265877,67.64483250134694,1507.2380537615911,1
196.1423377373012,8.155281551977563,94.86613828758877,43.95560300167294,1599.595988510765,1
241.77942534593961,6.248447555649314,30.343442602179408,48.47373925100442,1510.746059309132,0
210.53004134015643,2.4236287775812677,33.77567701197685,46.44374435521759,510.2466667373771,0
219.18392643015875,1.7053078009013198,74.95853470428872,30.07968540876281,373.7760595735307,1
230.59733399653038,1.9681768063323022,72.5066301253207,30.76515865749148,453.8563243740344,1
245.63422139932587,2.0699894710609312,30.62813981651647,34.21381937925333,508.4602520288542,0
230.7689828312082,4.450392440121742,27.36056942498633,32.30928636900469,1027.012536606593,0
219.36813483705336,1.9271005009937126,48.795884081403656,54.65201943702896,422.74444254654185,0
226.63100414093287,3.2881381672959376,36.22715011514242,57.85719228144429,745.194054608405,0
158.1466855109074,2.9653129910807943,36.40055765297866,53.016375491445935,468.9544210418625,1
247.80456755024034,5.028077262913035,34.871112506956734,67.32508937633233,1245.9805117453607,0
249.21742281081487,3.8298509220826533,23.428573099939385,60.59203889837109,954.4655765510618,0
240.91946885222347,6.684373186716927,43.29467907953054,54.453464088665875,1610.3956377538866,0
228.97020083907813,9.1213565898779,45.13705826458349,57.54526517231503,2088.5188503091917,1
210.39915106633796,5.202383805306928,36.06969798042736,63.44470812828995,1094.5771361578425,0
169.4037863991816,3.001770375021194,43.7467460777411,48.0517645211702,508.5112674294816,1
244.19896078245898,6.236639199020257,33.989292684205104,33.0279890923915,1522.9808111758941,0
242.14150637850412,6.361531185550486,26.104182274927876,32.67894448101086,1540.390744143026,0
217.26893172912625,5.458489237788281,95.43783651290045,51.823407306765915,1185.9601255491923,1
267.50937856933,5.82288727116068,33.004166982669034,69.88729415611802,1557.6769553874553,1
222.84648610543815,1.9307236183808953,30.515616028584855,44.90133095038203,430.25497399695945,0
224.78296797707094,3.517550378304962,41.68213256716414,56.269179388864316,790.685414044258,0
225.16906148721796,9.66273541244394,53.69302018999736,44.92964625516935,2175.749064219308,1
213.81486409092236,1.1739107747727973,21.4597299098514,53.24060373500438,250.99957276291502,0
231.9212942665696,3.886975738304521,30.506089732721907,57.09893659293891,901.4724440103395,0
236.84629893518755,9.240947570103941,49.69012748796349,36.795240242029415,2188.6842306332333,1
245.61638068877315,5.37485568993846,47.24685466100969,60.34861284655683,1320.1526012871434,0
236.16530948111495,6.279331505610065,37.36420263535821,55.295652973135496,1482.9602683569165,0
228.9568488046441,5.156581227727643,28.128280949490964,38.0901672209814,1180.634588505704,0
219.66002511971334,1.8969321407365731,32.74552528604261,66.31354055534136,416.68016168458723,0
217.5168152326129,1.0003158509756815,40.88468435413776,45.31195057745551,217.58551813093126,0
279.1699567133548,3.586521175739737,36.48027934708273,51.3300559711641,1001.2489613827927,1
239.92931325327584,1.9627721951106687,35.86173257295307,63.036708292641215,470.9265848455275,0
221.1383018549429,4.755608989815944,44.71302187397369,32.52561171709565,1051.6472962939984,0
228.46091710354426,6.8998339409108045,93.60125022121927,60.94650259582663,1576.3423900026444,1
167.2938490561339,1.1868945567603464,27.787293478251478,31.34705615497856,198.56015882421232,1
242.97307567517078,9.260079756959964,54.32481577004414,61.35089556068997,2249.9500595459504,1
218.0426060819978,3.842306760060705,42.0868664758565,47.456783949183716,837.7865793301135,0
213.77309705164174,5.362030786414122,44.38140859679186,58.27351423122165,1146.257927697997,0
249.95570448133162,8.653278498851822,49.92735648195385,62.26660212107266,2162.936323253667,1
178.633030128925,9.142324597244722,79.12090817343999,42.72417787613888,1633.1211452280284,1
224.41707308565944,9.567476502150473,42.647227649002836,42.51111956841416,2147.105073428432,1
219.28072721235242,0.5934793994685527,42.93060159309282,54.949723394560365,130.13859430101442,0
210.21384643417457,9.876827487716287,36.59260477555789,46.09339820949331,2076.245896759626,1
212.7731332155106,4.649094558646873,41.9901085888506,57.045015903531606,989.2024158584765,0
233.1536067214237,4.2016491471196495,46.05232363824146,45.16510633502588,979.62965282894,0
234.74108234872742,4.6149722477468345,34.07855681977371,47.72237449321685,1083.3235804454314,0
244.44181198013248,3.497584858150415,48.19795375909467,50.16015054385304,854.9559802805621,0
186.99145208669643,9.355063227767369,81.19367855267151,67.66767946632123,1749.3168573230776,1
230.01437784862242,4.990745847580348,40.914074176754276,55.94555827075262,1147.9433011317894,0
216.24826274746488,4.633612124373621,37.97906348418313,37.17424041156964,1002.0105721413858,0
273.35521183206305,6.024202478620904,25.091852857307693,30.76579471987347,1646.7471446626564,1
237.98558278488485,9.676309949977284,52.11243739298002,68.43680587715298,2302.822262652524,1
229.5398253063962,3.1122667992897455,24.610731285326136,52.9042893152809,714.3891774158651,0
246.852300488519,4.290740227801134,37.785205415243304,44.196986435080404,1059.179096031342,0
211.26975061491953,3.2516784369957836,22.536961342917134,54.273878221605564,686.9812924640105,0
218.44927325891723,9.725993662717745,55.44373741252833,37.866143398118346,2124.6362473415256,1
189.8895159961441,1.1801560319763569,46.92097597372796,54.90522134394632,224.09925771192036,1
162.4957627439311,8.670558100156592,72.0104961325363,69.01372533916282,1408.9289519005156,1
278.7593046286779,1.5106209167187121,31.5679277754,32.84139556176009,421.09963630204413,1
219.1746310815069,3.5491968718092615,28.056865023609276,34.039124272710445,777.8939150144332,0
215.89102254208365,6.824999186429939,42.778775207554204,68.71045861078248,1473.4560532072485,0
221.13473926650627,5.688905781859713,29.787617541234404,41.97533494821393,1258.0146967832677,0
215.18715912896943,2.167009896608979,30.65959245421663,56.95976832582922,466.3127034556479,0
218.4202775866137,5.758653661895897,24.407657707513124,43.70580586090086,1257.8067313564713,0
276.5862846825152,5.240053202066199,38.51656417633703,36.239234547957324,1449.3268466982072,1
241.22224107548857,2.4735555979349617,29.350694855451245,30.125636241924884,596.6766247586916,0
245.01622500487338,3.371352195645096,49.52703497703302,45.828318542951706,826.0359881388528,0
176.74429099673318,8.916862848262877,91.75018228897356,52.97150300360844,1576.004602031333,1
241.08197142607025,6.104319328778227,29.416264901674115,51.520908214556115,1471.641337996121,0
180.60641315267065,6.642515243804482,20.474695159904623,50.91040566247479,1199.6808524954652,1
236.24220087902816,4.137262554024723,40.61117451747442,56.32330338996761,977.3960113771897,0
241.9887165447488,1.3010117421561116,40.955918756274116,46.64581470562427,314.8301616940051,0
246.13192057502843,6.284244222077663,44.53568916965089,50.405935218252935,1546.7530997425008,0
229.5849784820098,4.8684714914609115,76.89480177392855,52.106490711069924,1117.7279226073315,1
236.46669038516757,1.4179530319254714,37.12632250518429,37.41081421533295,335.29866058103005,0
218.74839201294333,1.6884455691473113,44.77132854682001,41.428302706435616,369.34475325235326,0
181.4257241411651,2.5167906640946383,48.16684880123825,65.75940820187843,456.61056874509353,1
239.17855079326654,4.225950763922345,30.129479059977037,69.54086591981786,1010.7567794386441,0
220.10584122485147,3.8804813972224776,35.65859010435692,53.55732299782257,854.1166222930405,0
194.8267613650207,9.58518962641827,88.81986805272034,60.01063055755369,1867.4514519846641,1
228.33294378350303,2.7829260177670756,22.813295787710494,49.44521940859696,635.4336899684577,0
197.7866292868438,9.219883117192104,97.735674061957,61.432505818734924,1823.5696041681047,1
210.25740845987184,5.5213558595161265,41.07465024765406,54.61014613129656,1160.905974206589,0
178.16333085285356,6.61103252035896,31.27415047538259,58.32487339602501,1177.8435742036877,1
236.97598607255927,5.458806681103367,21.363575013073877,55.86401775794648,1293.6060960339448,0
236.80130151230267,3.5441462085697877,43.206582255946614,34.936032608223854,839.2584349392187,0
221.1388291571021,6.0443829696488445,47.85150516908922,69.85593174716222,1336.6477728852733,0
227.96155071720503,8.474957113504516,21.984574933553496,58.98393147390516,1931.9643658562973,1
234.33278000031086,2.3268233760847794,25.20488151065066,45.190060916772694,545.2509902876552,0
240.03078596844222,8.250972593598302,50.91085678660316,39.47733299626594,1980.4874366454767,1
232.63126219363986,6.539440661875968,31.61967553925942,32.64660755337762,1521.278335212618,0
243.07434243891012,3.910781644799309,43.25732155504848,39.37702400046059,950.6106767317515,0
211.20415488845276,6.749700109731729,40.0360372010244,67.32820351037225,1425.5647074263868,0
234.45854444902642,4.910249793902146,29.526491007727653,63.9243694006252,1151.2500195594291,0
230.25321237417072,8.700826500020394,56.51724019098759,43.59080969195375,2003.3932519400082,1
237.12455323816835,4.029639300633967,30.406579290931568,47.42579161826039,955.5264188737946,0
223.59887455172992,1.4736364176793333,83.28394409631213,40.441941049393925,329.5034444915419,1
243.3828716102251,6.5806493379287225,25.571992160155567,44.900357262138634,1601.6173329250191,0
216.59539106260553,2.439936183219745,91.30397921693611,40.91799978925951,528.4789317722818,1
227.95115215978458,6.436012422739466,25.681802536545383,30.201062104392125,1467.096447078148,0
246.1906536672047,4.70885702148186,28.191218579834203,37.08770004044764,1159.2765881440257,0
214.5918770900512,6.619963916848867,43.526185230958006,48.495647076501626,1420.5904831850062,0
226.44789955530183,3.41443755579587,96.5376066468884,65.82251392527354,773.1922126727135,1
167.60232186037595,5.378271438984534,48.20662416713855,54.15187967716385,901.4107807691531,1
214.7956437389085,5.409555084369365,85.94364742567916,41.5178137070397,1161.9488666882032,1
221.9976827910809,4.374532709048989,33.01531768565732,36.57622116315515,971.1361247026653,0
231.8678272828852,6.365684716359673,30.318730596730568,59.320004288904926,1475.9974843501866,0
247.26219657237925,5.836376612444416,36.99815776716389,56.28121992936429,1443.115301216668,0
271.211596180021,6.655955061799783,22.48202118871012,40.157510876947846,1805.1721964132093,1
271.537147622654,3.7838901890013243,23.561272865273345,69.22272908242894,1027.4667488387647,1
212.68936720362245,4.366507966762413,42.16600031399098,31.29773784188748,928.7098163402736,0
231.29167503805817,1.1712225576878148,25.17571630839086,52.718971892643225,270.8940272099734,0
247.53262914605264,5.82181149164633,49.50701619540989,40.38683355801656,1441.0883049199185,0
169.60282961950267,8.288618401443205,73.47103954540907,31.090000478032604,1405.7731345210466,1
218.73039490774917,6.931306477567605,37.23310267616617,35.515410774240415,1516.0874030650023,0
245.909742660389,5.343666719902493,22.29319583118343,65.83536724770639,1314.0597079541071,0
163.12717931190448,2.254356242241076,22.540650256259205,48.66772483537633,367.7467749609712,1
243.63634841611628,1.9380515268994158,31.429738210051998,62.336229555747636,472.1797970560522,0
241.26022590968728,8.551514808882562,28.169870356486697,30.670252179695296,2063.140394661043,1
213.06273033734155,3.2349478114785177,38.05046492054888,67.48435779678708,689.2468132124206,0
219.9908864978608,4.75204100285964,38.57717096160745,43.28439133232499,1045.4057128932757,0
168.95930183460325,8.478285090869047,85.36901040661242,60.94288406922881,1432.48512970796,1
237.73340614938826,4.71353333298363,26.94440287738965,57.25412052965395,1120.564334248877,0
242.58684018839958,4.670986120619329,81.20373835398115,40.213454950529766,1133.1197635649137,1
224.19590733946217,3.1856213618501767,40.27468775312221,56.32639297190294,714.2032716599736,0
225.81037261724632,1.6815626369128525,24.70438115950417,63.09208598948984,379.71428562053046,0
226.76731503608485,1.5933237624823682,46.37990647035422,52.28162053100141,361.3137516013192,0
230.09709148665505,5.254661338070253,48.743540267583015,38.81784016981676,1209.0822906373403,0
246.65682178128264,4.812486141171459,88.89461963304123,46.128425327352915,1187.0325364478213,1
260.86104805431336,5.685783181866611,31.94683381874035,47.75615329279646,1483.199359831313,1
160.3223641336848,9.88634964592257,77.11433397933133,34.304567390394354,1585.002947886524,1
276.88424650572284,3.904123435056425,35.42286327653779,42.33873125957936,1080.9902755809326,1
223.00844785104846,0.75525119257074,28.15995816033068,30.255161736263627,168.42739619285405,0
222.97383230780224,2.403381588833221,76.32658683042365,64.28766628238355,535.8912033601579,1
247.87024978768963,8.800424551699344,51.33191931824191,40.637138025284756,2181.3634318674326,1
249.9049128900554,8.382264176897793,38.3860327863829,47.23935607683288,2094.768998949075,1
217.92382066881157,0.9269987571827849,46.613579516710956,46.793947907452704,202.01511092051243,0
246.67768192803663,5.5458881038536605,23.915037923515527,52.616798704309694,1368.0468216908955,0
241.88844290315052,5.20751155947767,40.71217165733216,43.621793419195875,1259.6368625222105,0
176.46874730575826,4.614696651799527,24.890573414446585,39.35251332372256,814.3497373391393,1
243.39788822777615,6.835488874315584,24.063786103840723,39.259008550611924,1663.7435570128719,0
211.43720728743892,6.5614980779866485,76.41094424710985,46.8001629632562,1387.3448292313951,1
244.31820363660228,5.252522738956962,48.4026810552111,61.26461916785596,1283.286920142371,0
219.91493434913696,5.035155999096404,30.923383250314984,52.64860063010467,1107.3060009789488,0
212.475428067219,3.9798916176807326,36.982149393444956,60.05811777837374,845.6291751278504,0
230.52732335027116,1.763909688805976,22.79588358688084,46.419831762422184,406.62937919205143,0
218.87127912769273,2.5641047691517613,27.781652022295887,33.503651896237855,561.2088906416633,0
217.72997660936673,0.8286347217370031,38.79371059030781,41.49306866035608,180.4186185815068,0
223.2799317695106,4.8081757823631905,46.119016444504716,60.36347730222553,1073.5691606218663,0
237.75222227869648,4.316574208201499,76.48751584559587,38.34353470964203,1026.275110630811,1
246.43210683879252,4.058196462468218,42.01716131005608,43.8623503926619,1000.0699042117777,0
215.02262314549006,1.6134172258408574,44.82069664478436,53.39354526755528,346.9212041284207,0
242.11404835982182,2.1023793866468896,49.28098095800611,43.79270430984679,509.0155844893176,0
222.4764762214682,1.2937248535078716,23.334114419960372,55.92420138136494,287.82334660856645,0
155.64430376085403,4.273492730752398,23.1677463792992,31.8117857445231,665.1448007050278,1
231.406093347214,1.0331539538745607,21.048177392179653,69.59025653637339,239.07812029233983,0
227.78113012200637,3.780023659950021,23.518404434013352,36.76247113758865,861.0180611513385,0
240.4670350485465,3.7960357563917335,39.13705623658885,69.406982203627,912.8214632777867,0
226.44761903477965,8.854972908180535,33.21138670008338,52.56927266738144,2005.1875316749606,1
177.18491455587377,8.557876152146953,73.87523335729331,33.981860512351005,1516.3265547979076,1
230.94402188610448,2.1482967604763994,34.128501763175436,49.68929260729633,496.1362940693089,0
236.08372247526603,5.575975816509588,43.74390622668557,54.098793228138206,1316.3971271936443,0
212.4402857202158,2.370903442535438,22.798143403345097,68.55292643513894,503.67540474727167,0
216.07101639404408,6.2822480191481995,48.317848504293735,60.63316156939639,1357.4117147368215,0
210.05385083826255,2.95765500361843,24.301861100326775,30.73544568606389,621.2668229611065,0
247.72247589627887,2.604827236865804,39.834220352860896,56.08941412529763,645.2742523984598,0
236.01700995295457,1.8801708328647933,23.66022240730667,58.0553314223876,443.7522981735048,0
249.8763687435742,1.6924406074764906,37.82425588269373,46.45498285650358,422.9009133103943,0
211.11375630309652,4.547759834903417,44.202726913673786,63.680626460269764,960.0946615108104,0
241.09821868729543,4.873506367675541,41.727635824974,49.703960208872566,1174.9937040077643,0
242.2210365430423,3.0862471411206496,44.17936702602751,53.68067371156251,747.5539815502447,0
210.9873662889834,2.8578984025944885,36.400889848890195,63.592814088139534,602.9804570849038,0
242.00825390734317,6.109558799436975,24.520624610025013,64.06377277216876,1478.5636571959863,0
196.01056444808282,9.584382389603352,90.29083203618173,57.18532729580574,1878.6402020724179,1
220.14542222056153,9.512668539165773,23.26669103440385,66.97148283178645,2094.170431998901,1
215.11098611159963,3.375382465165722,21.274097277695994,57.38504777059865,726.0818505856006,0
173.7092370171163,8.269152534208215,72.83256692981443,63.26073332448894,1436.4281774954627,1
266.3652408277145,6.365590709538484,39.34708715877068,41.53006308669474,1695.5721023568804,1
245.6480029225441,0.5886211553878395,29.68179718179915,52.17426724865476,144.5936112989833,0
213.6839501679836,5.7992961520886395,46.832131659455214,62.944256831927575,1239.216509972288,0
163.40225541956966,9.0977456030852,81.39937236896183,54.285411235343076,1486.5921507775945,1
219.61196493801467,1.1172742889844471,29.44755333766687,33.865793371510094,245.36680197859766,0
249.49344634318183,3.386673119893021,35.9561529951505,64.9447411494886,844.9527483199256,0
242.49895284176688,8.653882048673351,32.22975829789164,46.10814883978241,2098.557334819452,1
237.28766757020395,2.5490563252214304,23.99629772409886,55.29585025862034,604.8596299168685,0
233.1397003291732,5.007243832366008,41.01834489183355,60.13888442638387,1167.3873265529119,0
239.20996758118284,9.238345470731673,27.465597591907304,31.02758579477633,2209.904320557491,1
227.72134825350477,4.511188638786266,45.498779915096165,37.84982866824662,1027.2939590503015,0
248.5391978989731,1.2022896359466462,34.354732103215674,53.42254915173207,298.81610176042784,0
213.44128628131773,0.8706749410235259,23.16450282383107,53.4235073549045,185.83797934497184,0
219.34963168146976,4.645531921996345,44.60202506166948,31.66315839386375,1018.9957160544086,0
237.5724164841076,2.140027525952966,29.233127158794474,54.54551611957535,508.4115106831524,0
215.42753271169119,9.787270506692268,22.985537243177152,66.3094173271005,2108.447537238619,1
238.06953095509027,4.3387878240929325,80.75864745860774,66.45356760314523,1032.933182195461,1
222.63092604997985,0.8697290855547026,42.99581948664881,58.084298164551704,193.6285917296456,0
237.02651608828293,3.073591970273674,42.68761374267303,48.167346509468246,728.5227965908902,0
247.38919661953204,2.1307141492895516,23.613420199896964,53.38172453037833,527.1156616186119,0
276.31538809270216,3.8003685626077024,22.301684805586557,36.642100859261454,1050.100314272252,1
229.97211784057302,1.1911924327634766,23.424199079288964,67.64193040153509,273.9410465182811,0
166.59302622085409,3.3236464685490477,39.790708187914234,47.68133683724494,553.6963232838406,1
212.4578516052315,5.789201734194478,48.215118586382076,55.95061544637544,1229.9613629562393,0
157.22072913569696,2.574823510727587,35.7577525634475,34.44834989352875,404.8156297523263,1
155.07296090201675,3.350454703373669,24.879824453164552,59.374627059688734,519.5649312202431,1
212.34261221138135,4.090379895812023,37.85689198158205,64.87652245122021,868.5619520136429,0
223.81923414893782,5.719577229921083,36.20836679562263,33.17121138524767,1280.1513952566402,0
246.3207418168665,3.0760320657384335,28.889774056994,35.7387782807208,757.6905002851591,0
227.31085937367277,4.371918857049942,22.41846215508805,67.58274356100662,993.7846325079876,0
183.13754683755963,1.4811205408726797,34.30516633199373,55.20372507446653,271.24878242614204,1
266.13944564418034,2.171182987431295,40.35473505951744,42.92398806665349,577.8374366670402,1
263.5430704644525,5.332396385222712,21.208565563339953,46.2169130055662,1405.316116295141,1
233.22580903638536,6.583592113615637,40.16752061882584,49.251118048769484,1535.4635970635732,0
223.67389141992368,9.747749911042037,20.51628911923968,39.067626082996945,2180.3171551909873,1
224.06169040198793,4.4674537195691295,20.723305802260004,34.6583572192685,1000.9852321993077,0
217.57134583664038,3.485654365203528,42.563860986307134,66.22155351715605,758.378511358692,0
268.82301104461266,2.19646958655121,27.934154500015723,50.14187926047545,590.4615679246117,1
218.72697318373093,6.5799580484962625,33.983488779754666,47.815461039114886,1439.2143076235166,0
219.89598988233382,6.130900833884178,24.93885284776006,46.604997581388844,1348.1605077373872,0
229.13341926682224,0.6366371937204115,44.588286591974,62.994150699484145,145.8748570295922,0
180.93605483688032,8.45354525063929,89.99565930079105,33.20422906438409,1529.55112703572,1
216.5346703359368,1.6989838318892418,26.06881847474611,45.468282281759116,367.88890394422367,0
225.91173763716392,3.8260984062455554,34.498828548989756,45.31136401612162,864.3605393257169,0
228.9773957448294,1.0440049050170817,70.77428178589545,52.13162558492,239.05352429563933,1
249.78327956141038,1.8119719298644277,27.743117874814054,34.541625693051465,452.6002911147546,0
263.7055370066708,4.247620665650069,39.36716544282284,31.823406317946752,1120.1210886358838,1
153.08750120905873,2.019322439314344,23.80833241264918,34.93135117195787,309.133026370014,1
219.833897699736,2.827908157439439,49.685160001529674,57.372569957013795,621.6700725867906,0
278.561035004577,1.5468438366680652,28.577016013136074,56.89559251194818,430.89042013270705,1
212.21663553768977,2.6524521795669735,42.97914724565537,46.547147159410414,562.8944774723153,0
233.18476388912546,0.6444201331662727,49.6561996113712,31.65712355277551,150.26895659777608,0
169.47695975586893,8.193931341930849,75.37094912324751,61.90056181185943,1388.6825722787676,1
231.87715503941908,3.5880841736339923,47.67302850968373,32.90939791114673,831.9947502242152,0
223.99751414282855,5.585767779383121,49.77543860485914,39.62682059028612,1251.1980971609266,0
168.98629590567066,8.798665160398444,82.29018607877558,69.12882674106234,1486.8538343700068,1
241.96631884419128,2.6722526421252146,41.926110373284814,46.800440171826516,646.5951348367023,0
243.30447093304525,5.727076172395247,45.992695506191005,32.38469301378636,1393.4232381178754,0
215.5994950688705,3.2028206921196714,36.457652451640655,46.10957938987323,690.5265240171315,0
249.86105235194475,1.3789125391335557,40.26368136009277,45.84003865542461,344.5365381292024,0
216.34947053497237,6.670275190596509,46.388044901352856,66.28167841660087,1443.1105058081166,0
164.17508731944542,2.816979333872453,41.926388699666234,58.029020851370554,462.4778281155832,1
247.5465925317349,2.774053497175554,27.314058131305387,56.23613252393598,686.707490726551,0
222.600420287337,1.9599158604867515,22.074607031555036,63.099949665426934,436.27809427216863,0
228.9211001337208,0.7815492761530276,40.980183987579295,43.22244009225163,178.91312010566426,0
181.84974437825548,5.41015111713894,38.30323766108704,49.52710701243256,983.8345976994497,1
220.45332071541534,3.2241465739610544,37.97897861019166,50.5483142086122,710.7738187029439,0
210.25857431158843,3.7255549423552905,28.568779656867292,59.384332028421404,783.3298706991154,0
233.39311245223163,6.619582543789425,25.232278013344985,48.865979630023816,1544.9649730294748,0
235.0272764904541,4.078455923875467,32.22096572638497,50.85508085894965,958.5483880748098,0
221.02146268563405,3.9671267507224472,73.65085920180017,53.52374550421788,876.8201571039821,1
235.07873738114867,5.754566734976149,38.349392581699774,41.829902503800824,1352.7762822337522,0
223.09683834933793,1.5700333360372816,25.4351555255006,61.62764407600672,350.26947337298117,0
227.43980722282345,4.361321526184272,37.68960485454643,32.69507486087703,991.9381271521011,0
213.5115294823264,8.343658920715317,40.723099921613795,38.55978714793254,1781.4673776407842,1
226.01251344691977,5.777129806067469,20.415864077385805,55.975152809464895,1305.703627978425,0
241.94623121426545,6.562894103892035,20.604135468478695,36.15134822052865,1587.867494295002,0
182.58362555733854,9.326054407446295,90.37199813486912,67.26961613266033,1702.784825856541,1
264.1679914723666,1.7975682562478958,39.15466354397407,42.789727816307796,474.8599957874911,1
215.50518937593446,0.5060412096547469,47.09670882034122,30.984719353649545,109.05450671867318,0
226.6505112275163,2.817713618680324,47.351776307383275,31.611557829381685,638.6362321666304,0
237.21917850097495,6.556036828927597,38.61113756371163,62.150209440470505,1555.2176707803415,0
225.4375804374771,2.9306563741139384,46.58864649367153,36.054846850531,660.680082073916,0
223.14232599543195,0.8540293078844443,25.473741219574702,68.6083855418294,190.5700862296038,0
235.28076833689747,5.21972318574014,31.008842210216017,35.88908297642068,1228.1004816468583,0
222.53065906322442,4.634444732289467,31.94841647267163,30.272587916005126,1031.3060406684638,0
246.8605356762967,5.778504471556413,44.75634113778894,61.80232070424525,1426.484709256292,0
240.60775335017567,1.4305488257727546,39.731484418278605,55.662742667399776,344.20113902691435,0
241.51880534363727,6.371112683118349,28.02245835416323,62.49562896744604,1538.743523936439,0
233.99871433044265,3.6567046246728014,36.37770599927,67.0482080753738,855.6641808596194,0
275.29301900769747,1.8801706840910892,40.709685407021865,67.80096258322274,517.5978638732038,1
223.26467396431335,3.7537655633004032,39.37175130053161,50.42281634914014,838.0832446287316,0
222.48256178608082,5.7155741985986115,45.84254138286552,35.49200130862281,1271.615589782645,0
187.30610420176797,8.471245702383296,98.30722432105532,64.8500650959461,1586.7160302493846,1
241.32861818626714,5.72109188032124,49.59689342343231,53.9135994738274,1380.6631979945978,0
235.87348915705525,4.562368364444229,39.150517322612956,42.28582592416846,1076.1417449412277,0
169.01902860930934,6.094588119752056,31.50191423174777,36.731143540308516,1030.1013637743297,1
185.44189369356508,8.80358627021885,87.33483914534307,42.314965010974696,1632.553709244053,1
241.72252113482625,6.8780703834605035,47.97466770769405,67.35463771384995,1662.5845136328542,0
228.75159522027164,5.08663007639838,47.66575784153853,35.67977037408339,1163.5747442715415,0
215.5698737837644,4.47805544473646,29.189029906626125,43.04431410050294,965.3338470185375,0
223.9918424723037,6.106227298110305,26.992184356725048,57.80749864840263,1367.745103058404,0
244.5393843347646,1.3598716597317486,49.32769881035129,53.305145841614625,332.5421784450963,0
231.77029348061004,6.854672911293596,81.07408581427613,44.28769335972179,1588.7095523641044,1
230.82175349219435,3.364321742257908,46.39743880181044,50.22083166893961,776.5586438598847,0
215.53486378882226,6.887807015917509,27.49918672606489,32.934562698384106,1484.5625469794745,0
233.81465480627492,3.198446750952847,32.66576701642034,61.40255684185725,747.8437229902916,0
242.8101327577956,4.716856240317618,32.56909321338573,48.321144663354744,1145.3004899109576,0
240.084573307879,3.8336858249842405,29.625636282495307,53.84200463043801,920.4088254878054,0
170.38413134833914,8.0032875142249,81.29244887562082,52.830459238362934,1363.633191042218,1
244.48304570306388,1.185134358715085,36.614703219011766,50.5191739928363,289.74525758601146,0
242.88912450308044,5.393516263234341,41.98577561995493,65.04769913078223,1310.026443170115,0
178.22250846598763,2.846216880339063,27.265239510424117,32.92014371598509,507.2599120522656,1
178.7487245304881,1.663621593238965,21.06770692419429,69.77321210742859,297.3702378928435,1
212.15322099633838,1.73418963912348,21.168735390453925,45.67243578468687,367.91391775852395,0
189.5636568797181,9.373027886086504,94.45216302027421,65.09808506412676,1776.7854421221316,1
211.26889967264125,9.069933346818889,21.50790899659411,62.322712684640905,1916.194838286623,1
232.49717496471683,2.316394497572867,43.47500433140881,65.4601010656761,538.5551767895063,0
244.51689574043957,2.2359875484661607,36.03982769226572,64.35045719354815,546.7367342652212,0
248.16169060312342,1.2922167615789935,20.548252091705187,66.16541410312763,320.6786961791363,0
249.67556783789968,6.684079602864189,24.11062730108962,51.503385027702635,1668.8513703188394,0
227.12620692120478,0.8992633401889124,26.717737633897684,44.53091185595598,204.24627148040068,0
249.09985032835573,5.751126696945878,42.12229832935839,51.48165258967897,1432.6047994286291,0
265.9530055513656,2.788397207020025,29.612038584206445,36.57147373089637,741.582617878009,1
235.3962663661265,8.247692053411635,22.821425503718263,66.37718014743507,1941.4759155106701,1
242.85000618238817,4.040100662196383,22.33569558826309,68.2179276575227,981.1384707918621,0
244.38581381410427,1.597265037599667,45.61828646425559,30.52915251621176,390.3489160906105,0
240.77770317686227,6.576170863703092,47.27606408619461,62.784994781905795,1583.395316261033,0
234.23704781656988,4.022250322504425,96.35247589134885,68.10067158738394,942.1600411226825,1
238.03741460071996,8.388547142003603,37.88804128865752,63.1928505886914,1996.788073938796,1
226.44816268847416,4.811856471095429,23.546672362173794,46.059904422595054,1089.6360570002048,0
167.4384603022967,9.901637319832863,76.29692888758692,40.43674318600672,1657.9149073045744,1
151.72400435793296,2.0745696359690893,31.766533803006205,67.9111879187692,314.7620124886095,1
240.54063374672847,1.2064365059354984,49.43772732173831,45.2646599643654,290.19700171291356,0
275.3593995612366,4.771398403883699,38.997896048282314,48.01129935326103,1313.8493995608583,1
239.82870664819148,5.868615974227469,40.89684206432138,66.96291955382733,1407.46257891389,0
172.54812499028625,9.271290643905227,80.67873320411921,35.940271265747235,1599.7438168458305,1
242.57535682676325,2.9838027139898258,23.96806145295445,37.867527892512925,723.7970080467466,0
221.99590371978144,4.678167958291009,38.02836453613157,57.843194462681566,1038.5341236537374,0
242.95990607519911,1.8265697975124418,34.07122242554462,62.037548861657214,443.7832264434183,0
214.3945245496313,6.243945789971933,30.28788988277588,57.35480499636128,1338.6677889547047,0
237.60187553637797,2.5546585250553084,21.672225607623254,54.39251046192468,606.9916569081383,0
225.4722896820752,1.0237752798623383,24.41489753284836,41.91908941983375,230.83295647046876,0
246.4330505874526,0.5393057806958597,34.51580656592934,34.929898325302055,132.9027687363284,0
247.04238239273062,1.5510145962809145,48.97496959154998,38.23177507957687,383.1663409911364,0
177.75085356368982,8.564735838085312,72.42861208347064,65.06455308063566,1522.3891057671885,1
246.65956604462056,2.9670291931002044,81.16246764888687,60.392946337135534,731.8461332118171,1
248.0824978655601,5.296530498492202,37.9228772772026,65.2358064217901,1313.9765160870656,0
220.28250768756834,3.5227361724359145,26.80935618414563,59.75620749208608,775.9971579858894,0
177.65664230052607,2.570506600806895,38.72722210992555,63.17540600569498,456.6675717106917,1
246.68882367299452,4.098130462305327,28.976960129031816,47.23433101529083,1010.9629830045662,0
239.00444639733263,5.675954312198359,44.98812176955983,69.43072998342964,1356.5783181635215,0
242.2038924816454,6.070237893379855,81.85160013570388,32.05053836703993,1470.2352460661841,1
236.95024919136358,3.427277507575153,42.46889452581196,44.27929717874655,812.094259467888,0
217.456792194159,5.37090133819222,36.37087906439078,38.16257554186402,1167.938976194596,0
239.9443483432733,3.6369080317998845,26.480943211792166,68.6908476148119,872.65552767464,0
234.52607644412072,9.611204437540476,31.98674735365963,68.4840841666011,2254.07806663869,1
234.7316319501915,4.9243704259672905,40.001945895727694,50.438829721802485,1155.9055064145618,0
212.15127856709512,0.6435579944576684,30.73883583598294,43.34643562534771,136.53165135626986,0
215.5347280355276,5.298093758489483,45.70893244328717,67.5485854149614,1141.923197342757,0
238.03462796501714,6.061082302333171,32.548733332804574,42.37651179481777,1442.7474709012258,0
195.89589273286344,8.238762022676394,79.83528513657456,62.62981522504484,1613.9396414458038,1
225.7454208110977,3.577331785937639,45.636421796065406,43.60017544239568,807.566269397408,0
213.37057464623405,8.712186170332844,47.215376550500885,40.964814552768026,1858.924169588892,1
188.2641651597687,9.070695536123313,89.05970040124963,37.85947867824844,1707.6869225266962,1
211.65989302039625,2.593438978772243,36.79233984001025,64.31739655989315,548.9270168018587,0
227.41585293599005,6.695280743561896,41.57735601727495,67.206608114502,1522.612980943038,0
220.35617099172558,0.8433734613706929,41.782545544515514,34.85211992022136,185.84254666368386,0
231.29883631535589,4.168707820568359,38.017495909614084,36.650213213988025,964.217267836185,0
234.68776908467868,6.803822620119601,41.82893413099066,66.90415028375831,1596.7739519637425,0
263.67569330215804,2.970312997699632,34.616360207657415,30.990595103046047,783.1993389928618,1
226.3155843402912,2.3176360702058405,24.091109824026976,59.120490311847895,524.5171615167709,0
213.39865159557866,3.617476158142944,89.74922318518185,47.508672997341655,771.9645343268585,1
232.32684735561764,2.7555151801792994,47.98603070379899,66.90580558414288,640.1801546516034,0
223.11535976073034,5.291360690718154,21.101388304491998,48.990760241746045,1180.5838441333674,0
246.8214354041022,0.5780196772724365,36.584446271550476,59.626543242665036,142.6676464361987,0
213.41612120650888,6.820999035181364,35.540312941282934,54.567449772760455,1455.711156841746,0
229.33992340427216,3.289471697729092,22.24687526005951,34.24641414189869,754.4071871977111,0
263.8991654299726,4.029468707500835,43.06241394087539,32.47786074315952,1063.3734290356608,1
214.76841771362294,0.73699683036652,21.582318564866522,63.36656432833765,158.28364311777287,0
211.80605457649168,3.3463492664289296,45.319804158260744,40.496335059572075,708.7770353572488,0
211.59690130255004,3.4190103418766933,37.32839241911401,52.83628215008579,723.4519938624805,0
222.6213272265254,1.1930535230878863,31.003949619388052,33.979786754918585,265.5991587621073,0
244.74228112997844,9.129279715792403,40.665103674171014,41.38401529218724,2234.320742716674,1
243.92725993119788,4.953634336305574,28.7013208453396,38.058556842141314,1208.3264503561165,0
216.79036805571306,1.1216645241541536,32.57408523326165,34.53198417593071,243.16606502641523,0
231.89298737357944,1.5698952790472358,21.916393022927085,42.69555400111541,364.0477061219426,0
230.61220751977507,1.1653860497908606,42.55312363048934,66.24934077740554,268.75224955502085,0
267.53972334573683,4.619278372597026,22.391452195618548,57.324571428921864,1235.8404578615537,1
215.04461289501643,4.49032916484086,92.99041639313957,46.25666146296075,965.6210970244051,1
167.67821755982902,9.438468838088294,78.14651365532457,42.6486049025332,1582.6256312646356,1
237.05593475640023,2.80579791778973,75.52134316150641,60.25804351955647,665.1310481392059,1
219.03158208602517,4.508042858074288,21.210015564153558,43.04681016513014,987.4037593156179,0
215.91833336437622,6.9002541043404575,26.272920937688426,35.214125201730624,1489.8913659998882,0
240.76244532638896,3.2657867852669784,36.96247819257614,30.84036627945443,786.2788123354844,0
227.83302199308065,5.8082590808105525,46.55716636122696,33.46826270382561,1323.313218899821,0
246.52918745117083,3.021822903586261,44.886974942851054,35.347826175977445,744.9675450424587,0
177.81096099058817,8.97623508686747,94.39188391642361,33.96918384378587,1596.0729868733406,1
235.14008680944815,1.898511540556361,38.824036962982184,66.94659350198611,446.4161684551619,0
241.91992140876897,9.477092106793927,22.551782250143916,45.48892564840828,2292.6973776592517,1
222.1796169741612,6.889154717105556,39.283322404397836,58.70704631173999,1530.6297563222483,0
219.56058138663772,4.773237381929053,89.21142239932723,64.02016913314388,1048.0147746727753,1
163.04882027923725,5.537153404640683,31.8126542469622,54.32845507065787,902.8263303318254,1
239.6947974835913,1.9841531403959705,21.75373961710631,41.99717589892265,475.5911851636438,0
216.72080208770714,2.8061823827665267,31.999490548807056,32.29567374753094,608.1580967975549,0
245.3737371188515,1.4863289341948407,37.93424040204542,56.58956819643385,364.70608517126755,0
238.0439034945708,3.169755032691578,35.139118639323044,30.29412178217708,754.5408611034642,0
236.45370715778898,0.7496057026212397,31.047503221853994,69.16127363166669,177.24704729141126,0
230.07781620527368,6.4145460280381705,41.51785627597269,53.28280524496894,1475.8447420792345,0
228.2755228694907,8.950216729863671,35.44203742607343,68.66824560073843,2043.1154038048926,1
213.3289226483229,6.10923755153462,34.416798225088044,32.7501562568995,1303.2770650715586,0
226.6865711590281,6.205371131607062,26.11983810828162,63.05858437968732,1406.6743045932228,0
212.18441212853875,6.81699445861565,35.378457323096,41.6350741692633,1446.459961684868,0
244.31431134069956,2.481870308502913,25.78029189460101,35.16284987723526,606.3564352588187,0
241.20192348160174,3.5655713737692007,26.8244481108062,36.64739998438997,860.0226736640684,0
247.59697491542835,2.7296736318351584,49.64372227863906,49.40921823061424,675.858933748796,0
245.6456036717404,3.4923099253763747,41.290140305135736,69.34846332836608,857.8705798278902,0
213.8677823915027,5.1829688195079155,28.45475009886416,37.37205587800396,1108.4700476324624,0
210.87386847944808,5.534156420278641,24.033002821086498,48.70882463884604,1167.0089731145313,0
227.13407202275386,0.6761932401855152,43.50504507763726,30.420528981666138,153.5865241175961,0
172.73727817322015,5.751958200434258,49.600628348510725,40.03493886864442,993.5776037091472,1
246.35461625276014,5.603734248748468,34.622189093024225,67.81486598459111,1380.505800432878,0
247.23994478850335,0.8282980504882426,36.419142323440525,65.61763792004342,204.78836427113805,0
228.88993995780635,2.608137714390283,48.56431751229054,62.94582379012363,596.9764848484822,0
162.19865227359287,9.157083636407062,72.47716474105832,36.18083319962076,1485.2666245817963,1
230.41840525385766,2.182150654369406,29.493713926232488,33.47868081023732,502.80767380346043,0
248.66233757522176,6.640597980871131,30.046348704109548,52.83415745115046,1651.2666168207131,0
175.00864500125752,6.625838679747412,40.39114335730502,52.807265270187756,1159.5790493395157,1
247.6948575787366,5.62330604413359,20.721237120993134,51.36558784542789,1392.8639897233181,0
239.9479391375662,1.8854237755405885,46.01532063354057,68.23372588700656,452.4035493419334,0
245.30461830068984,1.1303619563546201,21.671205083457355,35.168952004109975,277.2830082451911,0
243.80048948623104,0.8838259389787677,28.149925740909666,34.150253741434256,215.47719654365133,0
213.6223787040368,4.842021129829591,23.999804490277256,64.07383703355552,1034.3640714894052,0
185.82905422060458,1.1736659004602024,27.1893735487267,31.295565511039804,218.10122425349363,1
230.55466102853086,5.678191648598397,30.139446514095084,58.21960098692467,1309.1335507976382,0
240.02393826976504,2.033977938410044,24.306342678313037,37.416354014962174,488.20339513099634,0
230.51451517507965,5.991184277722949,22.38815230977517,58.27825273973691,1381.0549391038653,0
244.90079807317449,2.086959143294897,33.503295760550884,67.03309497774069,511.0979597390288,0
225.55073651446386,1.354180488559245,27.87455023701773,53.248619099575336,305.4364065680542,0
248.32552479217986,8.495263286142878,33.92207821909282,65.82222963495539,2109.5907137791687,1
185.56048760443838,1.9638016757113042,25.19071609253493,40.67088254495695,364.40399650340277,1
219.21276898731512,1.1916764588684898,44.65257250956171,35.558759675464984,261.23069628556,0
247.9408131005566,5.266960525166597,70.20389645758335,60.55426000800856,1305.8944751783408,1
241.17460681340478,3.896229257788825,39.230745729060644,61.45326621580162,939.6715593021038,0
210.1083259928181,6.0246522236437245,31.426710878739875,49.84170904066332,1265.8295933986922,0
229.68368041400393,6.912168110216242,28.34802982456309,45.81673080969512,1587.6122111947768,0
242.59174670094635,3.213045556039652,29.290066112038776,67.51303199940268,779.4583336693726,0
214.76085217972565,0.948031207875216,34.506495523711074,38.8036026418909,203.59999009625602,0
245.10768715311394,1.0821791580560194,41.46092345686669,40.84569013522352,265.25043051641507,0
260.1478380288859,4.054812477529595,24.179584471341393,64.64908122314708,1054.8506996418744,1
242.00550331008304,8.483317841638371,22.721492563666786,42.676165508824994,2053.009604005101,1
230.23703200585575,5.555231415440655,45.74968816636574,63.79456341642034,1279.0199931967454,0
237.48937373842733,2.5334222839074303,21.82716629705548,58.062610624117696,601.6608716201519,0
226.36730349833954,2.640965250463492,40.801326155565576,60.649818910415156,597.8281823802376,0
242.46508057779414,2.4104589432820696,33.38979079959684,59.08074108056536,584.4521219123515,0
249.494738892488,1.9635466574035572,39.869537406187476,54.387276331031096,489.89456059211807,0
165.87157301658337,3.5872629091859736,37.07893802404386,30.08306070400325,595.0249415707225,1
230.73118882754844,5.194404641378701,25.22470077186189,51.87524695149732,1198.511158156643,0
212.04662025781903,8.465717113752188,39.680069177283315,42.409411349788186,1795.12670202993,1
230.16531367673753,2.598263657411027,27.74322929520244,48.559416697615234,598.0301697228764,0
247.1098293230163,6.140063636475054,41.22861757221606,34.24855310353825,1517.2700772418093,0
277.99486156817744,4.770441745845939,33.15947055307954,31.550277422167298,1326.1582927554964,1
240.59104968500355,2.226124387080689,44.20320708946302,40.072270642035264,535.585603017128,0
194.64734835476116,8.998372901866661,78.89612768860786,40.60453001660595,1751.5094248556832,1
249.9619799241458,1.9321280573442867,23.096499466369988,53.401406748746474,482.9585546807714,0
230.9678508425323,4.835080214121911,28.01432209611948,66.42659981535553,1116.7480857069886,0
215.16344780569847,5.324941918770638,39.29313057853551,42.62973609936148,1145.732862607782,0
218.79447825475907,3.391455835713442,46.98237566501976,35.34136932642998,742.0318100989805,0
242.8456969888139,6.801690846140158,33.61778409265388,50.279984805733896,1651.761354233342,0
247.29392566534844,6.078344141350693,25.11803373864933,47.470312713883004,1503.1375842595846,0
241.56384446595027,4.418803736935329,39.62661386087039,69.9279963066247,1067.4232186346057,0
218.92039294134932,3.1513235929150545,30.433472091466616,30.865822453879343,689.8889992463085,0
237.23813165614305,6.215609011856644,35.426810337979326,51.56764318054532,1474.5794690779558,0
240.71505454534847,5.386664817887167,37.650970676529695,38.50657146045371,1296.6513154552188,0
212.56954303428503,4.352524433178706,44.751059574284,64.33321727123699,925.2141298063581,0
241.37085197226867,6.654721276216653,28.25510337464204,45.918413855230284,1606.2557440783967,0
189.24179449017862,4.970864371446548,44.50670868512505,59.98182256884341,940.6952938198385,1
222.27724291924932,0.8711131964016341,30.29155197558952,56.67743940815626,193.62863956672976,0
210.47671931912967,1.4080004219191014,41.47207779232386,68.91174806625776,296.35130960548287,0
213.0787673203207,9.341530050886071,52.85037681491382,39.786202184188525,1990.4817081285369,1
243.55357347061081,6.201283039804872,27.29539940792678,52.02282538165457,1510.3446444471688,0
214.07515056558225,6.422283259047724,44.615225126963274,60.40139607212696,1374.8512556554597,0
243.7491517084103,3.347286493384994,30.271853698875788,51.85905444101506,815.8982432876116,0
240.26586197409597,4.2858279997739235,25.597702906195025,37.52928799076182,1029.7381586383974,0
212.28009550207736,4.320689920915951,45.21044532765524,30.699928559495543,917.1964690469013,0
232.91081106747782,5.82672195500934,29.80216671705901,43.98457595230889,1357.1065364059054,0
220.96851556496588,0.6729543795049469,42.05685554304788,55.02599651765813,148.7017302821508,0
239.66736515967293,4.889000444153243,26.176459645349635,44.099241877734045,1171.7338547146785,0
215.19428053671524,4.895272351317505,45.75800320947495,68.50930335444556,1053.4346116730449,0
217.3640529344383,1.1867272454180495,44.38552914610273,53.15025905439997,257.95184379178903,0
241.25848355018837,5.071301980260936,45.0337475856829,32.24855621839514,1223.4946253828207,0
235.61789095973012,2.8849723830218323,98.73913199447362,31.33694289742015,679.7511083646708,1
216.6601418819806,5.129431333651532,25.276708502559863,39.415330475934304,1111.3433205228177,0
246.59339799987512,1.8761434189618105,24.327200633543107,60.359073274161226,462.64458081689617,0
246.47140449527086,1.4529946215389749,39.37783679069118,39.3151658460726,358.12162509478566,0
237.33717660629083,4.358950029406766,42.64482375086993,42.3785030578473,1034.54089294731,0
226.21886705321674,6.8965815157823425,28.767468702181638,41.79268953387067,1560.1368570404377,0
232.58376325161285,2.140097837714344,47.45869821137822,40.62742259465054,497.7520088222416,0
197.89199997680268,8.411242975398682,88.4104956318623,38.92345338115899,1664.5176946924778,1
237.35900519660566,1.7364815503308941,35.62657348102037,48.76238977560476,412.1695333288006,0
242.7323127070121,2.681935604178471,37.23746592655638,50.59136939732538,650.9924317335181,0
214.2888957683395,3.252633060120663,33.571002776197105,59.34571361457794,697.0031467928519,0
216.6739431282231,6.542388375260657,94.64413758328573,44.16258249420376,1417.5650867439756,1
231.49102694672152,4.901307712636665,40.48013457388278,55.14936060239972,1134.6087557801484,0
211.5602568305127,3.4611840829357075,46.72921654072111,52.77989034074304,732.2489935235609,0
156.54464816553104,5.150665834851894,40.22880721100074,69.19821789433114,806.3091709351111,1
264.87229583964387,5.791335028783594,23.210874026331144,61.22797216686514,1533.9642050504606,1
235.2254117993232,3.580856392580958,83.13295164964386,42.414835564324804,842.3084195390948,1
268.985490939133,6.642983191078065,48.585031675117534,39.57329146189434,1786.8660949525415,1
228.9630505643143,6.191953329309689,28.1429259282816,30.148096273296673,1417.7285232306085,0
223.98091204677593,2.552187343508176,43.74088757368658,57.22242664555351,571.6412489131995,0
228.30975268664855,1.1211341757291788,46.94439334460302,67.41699297794136,255.9658663892784,0
271.92087190955294,1.6447033157734487,20.50738399764822,66.38257709521204,447.22915965764895,1
242.78708011121836,6.995776953069301,26.342937739967333,40.60682964733422,1698.4842595450514,0
248.61794538402484,6.452793263239835,35.08626560196755,61.80441130106899,1604.2802030945647,0
249.09752736816048,6.768296021233912,24.91186873637513,41.97692499212427,1685.965803385126,0
220.86870395592717,5.803712631198843,31.349468214957785,33.53587868587034,1281.8584869855324,0
249.2553333696512,4.592943369184819,32.48482839218473,36.6615405398908,1144.815630634091,0
150.74124934377332,1.8617282684128975,39.73848457344878,59.09908311985987,280.6392451191799,1
266.1178962652304,3.8988078733929967,21.895492905806794,54.44566092844985,1037.542549209661,1
180.11389900365535,4.000203493417648,23.834355330811483,53.28949795210345,720.4922480074955,1
211.37612833813833,4.627043245765335,45.76797047974183,43.79079067599497,978.0464869430095,0
245.64086731868846,5.788457286887813,41.44858470655332,39.951882550125916,1421.8816683883047,0
262.8862408737496,1.5613564414740133,20.500146517988995,64.94137056980858,410.459125563118,1
218.46026997127072,5.284230102769426,29.600483392621754,50.241787696473466,1154.3943348413243,0
248.38982885847878,6.035279100112043,45.9136886889501,46.27094994288021,1499.1019427899842,0
210.3447601036712,8.039945865156056,43.46406949618242,48.21579620991763,1691.160484252754,1
210.29852561668878,3.247463027773267,41.54204483602582,47.707748078697435,682.9366867354261,0
263.55768117469,3.1103206680739137,33.20540986091579,32.77231092153179,819.7489029872734,1
233.905297594756,5.303047959771569,20.875096768722297,51.64952857735321,1240.4110111896325,0
238.04576879866613,0.8622319070563991,47.351835450248984,58.08330267537986,205.25065719798056,0
227.660156931247,1.3493720976862056,28.729981686939894,64.75836420083584,307.19826351788754,0
274.3739853194559,4.517412992684569,34.77101146103747,37.692630911374025,1239.4606061367556,1
219.832743480903,6.446473974035755,30.06220440489041,68.0905605813349,1417.1460594905195,0
235.26177514704642,4.029112889180631,23.881418509001026,45.032848760317634,947.8962505764802,0
234.91816176733528,3.404682268802853,43.3395491471281,38.81881923997479,799.8216999890067,0
226.2532892385507,6.522804990919477,41.31265445037235,46.75694499171675,1475.8060842571665,0
213.36852044708394,6.899743326444735,39.99221914084757,41.4161627385369,1472.1880250281545,0
214.37929464275976,6.777938347249293,25.24354963650098,55.921212722208566,1453.0496420154163,0
238.70245530594144,5.549338887061827,40.202591867342974,54.5799784102077,1324.6408176663986,0
180.3663186225041,8.049339909080974,82.20695294171884,38.8279629914134,1451.8298067421372,1
249.839745964028,5.70348468332386,45.36926274873264,55.41059949436324,1424.957164391358,0
218.27190704176576,6.512919616905857,30.983393537862536,34.14546905923182,1421.587385191768,0
223.5402751770189,8.014183625548743,47.21002753321496,63.01759582994515,1791.492812974325,1
216.38665397468603,5.635541124814345,38.48872245062434,31.794422305108682,1219.4558873353146,0
222.35670891375065,2.896713510560499,43.0919425489064,62.43740770690442,644.1036828742297,0
247.8861174402542,3.1420076666884693,43.1550810569033,49.35509058257036,778.8600814629169,0
213.49667231484335,9.872986662620452,53.02139366081663,61.65242857250668,2107.8497982782974,1
242.2047683501866,6.025862775452739,28.67451003362453,68.09040313449296,1459.4926976385434,0
215.99637012988558,3.994277397334843,37.27377413366929,55.806003332036134,862.7494191161728,0
248.41467098488522,0.7898226027719359,24.291858581702073,30.56058070104228,196.20352200401615,0
247.2906753568389,4.828656579523018,44.679724054412816,30.5312481383432,1194.0817466164908,0
228.38251910022086,3.7432916374351546,22.166395560055637,57.3774144427723,854.9023738842312,0
240.60595399445054,3.6543891214011497,24.481449086792963,55.93027816311288,879.2677808216656,0
244.8957825341926,4.48525555395007,24.716116506708627,68.49352229924827,1098.420168750436,0
212.9159380748662,4.574413878697937,27.59596721038431,62.1477380750921,973.9656221256586,0
197.37680867370057,8.413068807944013,92.05078447315296,64.65804252996166,1660.5446724642436,1
236.7706318337463,5.797599558394963,27.82025473221781,41.87582697072172,1372.7013105602239,0
248.5237652359121,6.464041814876241,42.93704791278291,33.16304083906593,1606.468010475422,0
214.07567015886212,0.6034817372081909,38.48548895637792,68.43317668320753,129.19075732147778,0
213.86562336659486,2.6449842260338006,79.60170180655874,60.526002309822445,565.6712002955292,1
277.3319137719101,4.561451526485787,23.81331472601072,47.10167421438848,1265.036081418104,1
238.0139155546628,5.432642873716673,23.17389560818397,50.24559410778578,1293.0446021834407,0
168.98177400634225,3.168922898930872,30.761810586382964,51.17069792574361,535.4902131506595,1
241.87446281104764,2.7162826625061505,44.1639884912176,43.5444491645053,656.9994098366374,0
232.16750604019165,4.321365111816295,48.0362073686558,59.04245304249898,1003.2805606994832,0
234.18296441032967,9.055524130672895,42.297638686544,69.13323230708991,2120.649485210252,1
222.20398747278105,8.337718578734071,38.42691166619973,42.28350973440995,1852.6743146205993,1
222.92580869117668,4.036706055606546,36.551371160599004,44.26235684707555,899.8859618946592,0
248.62071672939067,2.9527651019970254,27.74680439779949,39.7386817626704,734.1185759920328,0
240.38080594867776,1.8389231972250757,41.27888381422304,30.845992933976653,442.041840226683,0
241.03460260811147,2.701764212533804,36.912113043361984,38.199169313036435,651.2186633089027,0
194.10170579502002,8.396392772843337,96.23194095124992,44.101169652020694,1629.7541597338698,1
246.23646684938592,8.253274251036748,27.14079157090395,49.72120500635209,2032.2570915143006,1
217.83920738807046,6.634481484378093,49.29468983443661,45.050373173216876,1445.250187987753,0
262.54449773874023,6.488167362022343,34.80630978768359,48.14291238460699,1703.432641307043,1
239.14548089267595,3.9324425260585127,26.062428082595623,34.40295040724229,940.4258589770724,0
243.48647856780104,6.1244146348066595,38.0853914118691,59.10145708920571,1491.2121527181787,0
233.5250426187142,4.835277072666681,26.021385287413764,65.20618931641036,1129.1582844677782,0
222.53909439385802,4.533619505652481,39.150501953921925,57.97538963949469,1008.9075791142333,0
243.97857719714222,3.963506359841189,34.13965382315205,69.24390498054038,967.0106423858776,0
241.3264011611161,8.33623619519545,40.49042255505042,49.494992316849796,2011.7538802155534,1
247.84747575965045,4.268514371456117,36.20651800335855,32.01291731738656,1057.9405122091896,0
217.49387165307155,0.7110600159963638,42.30058686710037,58.933212159758526,154.65119585674415,0
243.44315603181124,1.5061092264997278,29.035267609920766,39.9590759664546,366.6519834277238,0
220.18655063559848,3.6781810218499382,32.222236440640565,69.46277963117306,809.8859918144587,0
215.68725505549406,0.8433683104059162,38.77523584947127,32.18037109654878,181.90379587224194,0
277.71118887171264,1.0600624633548186,46.472275593313654,52.86715513398954,294.391206976543,1
238.9222850184132,3.800388987107318,34.9732597432282,34.405691316758656,907.9976207584932,0
219.64257383426946,0.6020233863758178,30.802988923463396,33.592885177024186,132.2299660920075,0
213.70066484732376,1.1561205661165925,25.97033883245565,69.99396977945601,247.06373362278015,0
235.54690544481622,1.4180840371726227,47.618844101323276,33.745315733345166,334.025306616703,0
210.05072307661962,6.364043187500837,85.65135404100755,40.50678941321938,1336.771873225386,1
265.1711452728049,3.0232749424377143,32.067812410506264,32.04897185617253,801.685278960782,1
214.9327396430117,3.1063071234742865,30.52129363976253,60.91360333706014,667.6471002209314,0
263.0282088787217,5.790721030307143,41.2168498500627,37.61527145188139,1523.122980718034,1
214.23220099426058,4.583342881104786,23.641157736458588,69.43736674499671,981.8996333304538,0
173.14255729117417,6.468050897298452,36.62297841187478,36.979939455918206,1119.8948730477277,1
243.72579460118982,4.687384603932516,39.52173153001401,64.67285942753956,1142.4365371948359,0
168.62051430191076,8.442143105627984,91.8763284550256,50.01162074712718,1423.518512281321,1
216.76812206709008,1.718926948929083,20.316549104477016,33.65705075446837,372.6085666898702,0
245.6749252003364,2.3665709733486233,29.832416776883846,34.624224424460486,581.4071468587103,0
211.48886818277316,6.464404525702351,40.19334044373586,69.62995237572875,1367.1495966163868,0
244.061486875917,8.3132256297853,58.99040325344781,63.70152917594548,2028.938207940382,1
249.25685699688103,1.1329487392020274,29.09197283525305,55.52897660162446,282.3952418720764,0
247.13490207923167,0.9265695731558141,36.48235496182893,53.63465069580458,228.9876807314576,0
220.22664893327257,2.869681778879119,45.310415889949326,37.797710758806396,631.9804016674209,0
230.35541020696982,8.124888549947848,35.357880356166206,47.77763830685995,1871.6120348091486,1
214.0998531675685,3.980522172770202,22.554309096682466,42.11780671560336,852.229212720351,0
279.03404812781076,2.9183250960391254,46.04294479601188,65.25002726727558,814.3120653007793,1
213.33030632202528,5.209626409532318,29.34536897041958,61.316944570302894,1111.3711977688422,0
229.41066969370485,5.556411143865489,31.470899931848837,47.72509381291658,1274.7000016077463,0
224.6936206110912,3.9186527498594863,44.263983335034524,44.47073247690263,880.4962742835366,0
236.82909301770403,2.2513564009737577,28.325684147071776,67.3365250809382,533.1866945022174,0
172.5825660370946,8.168741792877011,90.55018259989536,58.31012830421592,1409.7824199091713,1
213.06893597824092,3.2709351631222683,33.27006374150646,56.74683539591572,696.9346748602755,0
237.30397119125223,6.164675521423024,27.124581270865995,69.15678224479599,1462.901982339187,0
220.69034740588248,3.2398226863168884,22.831924277115775,35.028236260484626,714.9975941767335,0
240.497780877564,6.352029557234191,39.94453972148813,34.20878220952679,1527.6490125835185,0
235.41711682811888,5.737465468906653,44.75745999956543,64.72812303115916,1350.6975785908955,0
237.91457581408577,2.24362733299502,49.98008839950513,37.0133696550744,533.7916452143987,0
215.95234858072703,5.543169882036824,33.40351029524635,47.90000991241713,1197.0605546078036,0
278.90034188496986,5.041658991980171,21.946978386152285,48.629023106699904,1406.1204165307022,1
228.79217285794726,3.4605262180413514,37.46434408444226,44.27081961397005,791.7413126575753,0
230.14877738359826,5.896318748247453,39.92036684202807,43.53471463700863,1357.03055097314,0
231.030813467329,9.436203475912045,43.25815791714497,67.91078328128593,2180.053765083197,1
214.2498283387824,1.628865640203209,40.70513211812997,55.82383490999234,348.98418380047843,0
249.67327169854522,8.532215912338598,53.327666391418155,47.07161488775677,2130.266261671966,1
239.09073881809735,4.619401566737186,24.215219093257797,47.71804042991731,1104.4561334886703,0
243.96175036714388,3.3836973671907202,47.562419144127546,47.614968921008426,825.4927324125445,0
241.85142731771205,4.289939948743934,48.806542171484736,56.4134332205651,1037.5280997109928,0
210.94367871123183,3.1892638342721438,28.97745257780481,59.92422671549957,672.7550455820544,0
218.20880349176286,1.7318737810429492,23.768468394687076,42.4402801468355,377.91010556013725,0
179.41004865227174,5.784020833899776,28.08253667988715,65.49766763009951,1037.7114592157122,1
223.4538290686233,4.313862773287729,23.08715265026002,59.205207511057,963.9491547677335,0
241.376226624336,3.703825856299918,25.42623573276009,59.39047245421378,894.0155092673243,0
229.6324120507217,0.9909662495198994,38.5359996323611,56.63431064865109,227.55797013811184,0
248.17691121284295,6.182097989633444,41.23822747219984,58.546082979749706,1534.2539838823543,0
236.27260924353794,1.7883407240308777,24.320096717594666,69.9787157681032,422.5359290832533,0
227.2395149062876,2.3730693987456837,38.117613309866826,31.983740328803446,539.2551390099247,0
211.31426790961586,3.7446039162073013,38.018198875615475,32.49919045431283,791.2882351648265,0
211.6432945982222,8.694576948611395,30.609140900106983,57.44364615773947,1840.1489105418734,1
269.7350209670463,5.213949876518241,45.55907760667525,44.26435651497545,1406.3848792637762,1
247.86394291113356,5.220972752397317,26.59046400127479,47.963335707044536,1294.0908922407923,0
178.55831791459087,6.54795165749348,35.51395676031914,34.682576519274505,1169.191233748093,1
215.07491312252372,4.351207614646633,34.47479181582989,54.903015913311265,935.8355996981883,0
217.79361966621457,3.693647807428851,48.51510684767405,45.344361614206335,804.4529257521065,0
238.5878435602649,4.424652922359767,28.967784502949996,46.432655822697114,1055.6683992484411,0
248.64085836520835,1.3491234801228382,31.155103536992584,31.03355888880045,335.4472201383996,0
241.21884553520619,1.8076390098777164,22.401902075868968,48.978127193780935,436.03659510710594,0
213.39064617705333,5.7495681521593385,43.14420034578819,66.60555281619584,1226.9040632282877,0
278.46337423508356,2.239859109350232,46.22327354077491,31.218312322819873,623.7187254008546,1
244.18700165537055,4.598614200909769,42.41708414118651,38.37670683287417,1122.9218134899643,0
239.48876894285218,4.577541890566707,34.15096300673628,68.39135145750859,1096.2698721561567,0
246.31003200964952,5.243508325228928,42.06390585793049,33.200730790307176,1291.5287034300009,0
244.33477626878633,2.011925103966914,23.465175984693985,43.04424226555174,491.5832701473106,0
247.01152779172622,6.141783173013852,34.990496908487124,32.45375497935472,1517.0912449316677,0
217.53999411182244,5.829801003290112,99.0198433406041,40.7439573165839,1268.2148759288275,1
213.44464442025495,4.134388267009294,35.083503255400416,35.777459366203104,882.4630335470729,0
223.36418608346253,3.8919006894837307,37.56963006286398,30.33982314428838,869.3112298242002,0
232.158797995131,8.003202375098057,31.328763352386698,65.25641329293,1858.0138435145427,1
234.31451296323922,3.121867982671296,40.29416430477233,37.597310649214364,731.4989758951548,0
182.40463932037395,8.77292512865587,82.60748805422625,52.48443530492918,1600.2222438771194,1
213.14039473814438,6.228177440459576,22.336369672738723,58.27214384842021,1327.4761981587596,0
225.04917513444764,6.553498055141631,85.09131242671064,56.484473032327166,1474.859331554831,1
230.07281502162044,3.6258778159456124,80.1907785543876,58.76077772651564,834.215916039052,1
219.995504257236,2.8156243149245705,25.31645170636376,57.804792637830694,619.4246909607656,0
229.31514136463375,3.0371175652001052,47.27187628690194,31.16495139956421,696.4570438048744,0
233.26355351399022,9.066960417489566,43.85574398769846,44.64113062986061,2114.9914065543085,1
168.9888450851285,2.5503558872222207,44.557796911193236,65.98402379052943,430.98169593774134,1
240.5638234631552,8.495624885813815,21.453629932649697,34.07389060569531,2043.7400052401024,1
164.85083682021576,4.010194996038549,41.76404505350489,34.529248930365014,661.0840009091966,1
229.40291636570782,4.015375915815008,44.5508192418565,36.86712780172868,921.1389453925879,0
223.82627742167438,9.486588950448153,37.524466041331806,62.71153722357678,2123.347890208399,1
247.19166890522013,6.661112372993947,22.07913518056246,48.25653758849697,1646.571484245585,0
220.23490163248852,3.1459990659633714,40.33044623353095,39.06936907593446,692.8587948283439,0
237.89791312657223,1.088226022123134,34.92587948082358,40.523201196967634,258.8866996731246,0
184.3592218848888,1.532639601737396,45.94984928623329,42.82479626200907,282.5562444062722,1
219.57479345368185,3.216795302090266,27.535760138134016,42.822703440659964,706.3271640392443,0
221.84707062235995,4.2198447945230075,33.255611242731916,43.86875044943645,936.1602061459437,0
190.27156891609587,8.664001404235359,92.33326503512662,36.07920729896205,1648.5131402751194,1
223.82508148144635,5.75006539878637,27.390447417269055,32.530136355947185,1287.0088564070047,0
244.3497987411832,4.61959135085737,27.5960349010993,52.211833013127254,1128.796216848509,0
236.21743913762646,2.015719103740506,45.93208961583193,42.374742483200514,476.14800470637385,0
210.6449858548886,2.922271344311957,30.55129453876425,51.73937714332058,615.5618059867385,0
241.60525494904434,1.9155752114891955,40.31113444646031,62.12848492976373,462.8130373459166,0
239.63532826887942,4.802092029397536,30.66589391456023,62.354341561342615,1150.7508998420478,0
232.8485167100607,5.345085304420007,31.368677294375228,42.110704304697,1244.5951848229417,0
242.71853977396614,6.544491460446821,36.352502385796704,56.45864821294607,1588.4694108428434,0
229.9279487824674,3.632006632189453,76.54819596344481,35.21805639774472,835.0998349036385,1
216.15852954666016,5.084816406261768,27.309157080367488,48.74407240486039,1099.1264373922768,0
245.4736361132643,6.277558139557226,42.37201201044077,31.406279681940056,1540.975022429531,0
241.46333883326025,0.6123722909618609,36.49053840969735,64.31056583144118,147.86545798462365,0
210.16424811589795,0.5715868291814485,32.49908112241252,36.20034669667018,120.12711618786933,0
238.35197059624616,1.656218670494086,46.65599865573455,47.676313799157036,394.7629838505603,0
240.57006392277583,5.634834250109023,39.178864179963725,64.13862212810213,1355.5724357429742,0
273.5834339907599,1.4444494432626864,49.78496395045926,46.31576947120762,395.177438913847,1
232.31516734311543,2.477999346835618,22.59372521360457,30.05713372316707,575.6768329362474,0
243.4745368890637,4.220048706595497,49.97621896830323,41.473865825888,1027.4744044876309,0
216.38997840935778,1.5664133237246787,28.555597880301434,61.713601810941086,338.9561453009136,0
219.2915861638581,6.28778527368455,79.84765267832012,34.51362178067538,1378.8584061240338,1
227.1932503005201,2.7235461692624057,92.10383706130591,48.136649224970725,618.7713065382565,1
262.76566346809494,3.556734225834913,36.56964492122834,53.95532379029269,934.5876286311919,1
226.00118543945166,5.559204988939132,48.23644082362057,64.4752132447303,1256.3869176011576,0
226.41171211775787,2.6642179934142183,23.748696982520542,34.26204988864452,603.2101573438505,0
220.3917766468464,2.1553009618109042,49.94585163433357,37.51703831495182,475.01060818216206,0
213.94740911039682,4.268734743584175,38.83591478006304,44.60911705027527,913.2847385693683,0
241.5359812377965,5.817677094091365,48.73736227146945,62.97071943691498,1405.1783454460103,0
217.18627863347385,1.1484631250684756,21.635356697325776,56.66103327141535,249.43043228139206,0
262.6176227710715,2.4133956075670078,47.975118592921476,64.38011902499592,633.8002172653934,1
230.81294504765543,6.851467211703752,98.97311331652861,38.61076183143337,1581.407325030791,1
270.3519893010762,1.7466052476805312,48.865876288339734,41.596990505321145,472.19820323413046,1
172.9277699942951,9.870317144753242,80.89967716258673,45.61151634652546,1706.8519329786361,1
236.81786661130036,2.3774561941038375,37.56812503518522,53.65406816212838,563.0241038494923,0
261.7081696561653,6.456661984219787,25.808714293863822,46.65139714177419,1689.7611899787048,1
233.9604417685427,0.9662797343582623,26.80275852201548,67.25961547675703,226.07123352244912,0
184.09764439445772,8.214493666991693,85.2450641903189,59.41913553332991,1512.2689339863616,1
235.35557847329767,8.143813434632891,56.36022355342812,68.31066632704889,1916.6919218866371,1
231.2944093944526,2.471867834392108,31.78517229444207,37.18604871821368,571.7292108568672,0
248.31917412995563,3.7699719017654587,22.487437441834434,54.80005333909634,936.1563091395369,0
244.23700758365192,3.3254079640570566,25.78518826826737,37.6442249076458,812.1876901361398,0
211.19162016130488,1.0586762818345712,72.25368730463528,51.42640246912448,223.5835591869893,1
247.46645218338725,8.212557023141072,53.67934112232905,49.31419059931787,2032.332349870481,1
230.4273193778873,3.600813463665805,45.04698285093174,60.235455182712656,829.725794012317,0
214.46543717584245,1.2501192355436528,44.046183821572264,51.17562485390134,268.10736837279944,0
237.2226736544286,6.082470292192692,38.86619433239916,60.513916093859166,1442.899865137584,0
160.96332782563982,5.806984403050952,31.315363753527308,66.1334402609082,934.7115341466676,1
212.3287004830136,6.525527040659154,39.453647425443044,45.18397425793329,1385.5566765099236,0
246.43336907959014,4.692087043771446,82.3583964583679,67.37643178284858,1156.2868182112918,1
218.41104711607446,4.178275933161434,38.46657869579538,31.582300262504525,912.5816217016818,0
235.96615859323492,5.037458551622111,39.14419707548808,42.82252897443698,1188.6697434989105,0
227.08449785677337,1.3369038428923605,48.42870975562001,49.006834640905126,303.59013784600234,0
240.652162844756,3.736665851784715,29.3010207203735,62.47870969563207,899.2367190601341,0
160.18849702088966,8.144778796528621,78.71104637458062,65.28940324083061,1304.6998739835303,1
238.43577321842167,6.826882679989867,43.717026580734654,39.71781446748176,1627.773050474835,0
210.2838612997955,5.916389385798957,80.79474701909699,51.630625252021716,1244.1212049989301,1
238.10518305751663,6.713870382369469,35.940198597098274,45.98878203897711,1598.6073364185218,0
265.96300712553113,1.758785472421427,45.27663504395544,44.487264111766066,467.7718731339006,1
228.83265677463592,1.7930435686677493,38.05059825861395,32.427322758027294,410.3069235309154,0
231.86459758654684,3.334305331770764,42.460165257529724,63.1169981818125,773.1073639817057,0
176.8913061005261,4.052151644376256,41.633682683442984,44.10764480678939,716.7903968911104,1
228.90303412175422,6.203147745068455,21.20843920201941,62.19331269185888,1419.9193399516873,0
244.1847610315391,5.714319557433067,30.462837421882654,57.755061412864634,1395.3497555896438,0
245.85126208655151,3.129191918937411,33.668768460656004,58.230362041479395,769.3157825818005,0
151.5519781891555,2.1206351693867758,44.937374152698276,60.670734253533425,321.38645493806075,1
225.0724251109685,3.9681038180982666,20.007230140554036,39.64977344152111,893.1107494314704,0
220.01931786999054,5.738387976467369,28.390215696393295,37.660852882005926,1262.5562082557058,0
244.62580145490926,2.068773074943749,22.35608728378396,44.25618943398659,506.0752714864517,0
242.67173478297389,6.757552885655404,93.7798743025485,54.15212315375014,1639.867081649688,1
211.60276345393066,6.898092862291268,31.504433677251278,36.08912855667467,1459.6555122226666,0
221.37153156381837,4.307558761051809,37.60303723533774,47.82919283611477,953.5708802351829,0
279.93615425357706,1.922104814843481,45.88892139426426,40.64085506915207,538.0666299395679,1
230.23091335476843,0.6169228552205197,47.98313839718284,33.13308220596874,142.03471242685183,0
241.4002734483305,5.669371018809947,24.064835567865345,47.90279802031888,1368.5877142207614,0
187.19481929175515,3.902781379496778,34.7134729020785,34.789871540021274,730.5804550701263,1
166.15905133212334,3.760703099219953,20.45522597139265,41.34982039841824,624.8748593081635,1
235.35187903970916,3.425337548600299,30.13451129964692,45.52394941376629,806.1596284083514,0
246.97977131096212,3.8913309676409447,20.402283616163693,30.777850336781864,961.0800324832254,0
180.14767044949778,8.365250260506203,87.21925525095226,55.49618449044734,1506.9803471572468,1
239.53182041913232,2.6814600875658585,42.95319774899393,47.31068326832775,642.2950161558961,0
235.92408509044287,0.6193294959949558,39.61982664260745,54.743405962884616,146.11474471213504,0
213.43177139597958,1.0910804244347674,47.69671240955685,57.57117284903349,232.87122772258965,0
224.26892677235625,4.351139460360377,45.06715115271946,31.746437148520343,975.8253770118712,0
245.5899596118152,0.5595760761948072,26.04197308381662,68.36096703891863,137.42626595242072,0
220.46685466550025,0.9354421135730094,20.845740213416665,39.78980318547709,206.23398050108906,0
238.8133347666397,6.509710212279747,82.2412138480845,37.65109484149588,1554.6056041589763,1
246.32334748239418,5.728433691895054,21.974895300894612,57.70291200310327,1411.0469628185197,0
246.29852705385701,1.296129209526932,36.0210833961397,65.1785077404757,319.2347151779633,0
229.27979670931467,0.9579944048352289,28.344309213467326,42.9802659667579,219.64876238928218,0
269.217374705393,5.027826541385679,24.86550117223632,49.457695485674975,1353.5782619459485,1
157.89795268364526,6.904713302957424,42.08761843881386,60.97004590802684,1090.2400944045073,1
228.8665273114064,4.215580006847576,21.39208658045377,54.95838037728057,964.8051567705995,0
245.64803189607238,3.786766323296426,22.31433122258183,42.24783681928325,930.2116945680932,0
219.57035451005856,2.323430842060106,44.614070490825604,53.37278927050836,510.1565336707414,0
222.73807867223218,5.251032233564716,28.63155303470088,59.48254070576701,1169.6048307501649,0
244.58165366328336,3.747182011943563,33.1552405009691,54.44093646167698,916.4919730584659,0
215.28140707559982,5.4155183338053865,28.277848938501887,66.19847520679656,1165.8604069453315,0
225.13390326730587,9.499451493567086,23.872749239488744,49.04226808604247,2138.648593645197,1
264.21056976881226,4.008648842187464,27.008742909457,46.382437090500375,1059.1273945974394,1
179.41990561130655,8.955999090108623,84.14099453223531,37.03135263321527,1606.8845114022365,1
220.1907034531448,6.444419999713364,23.391589035035302,60.29700413493299,1419.001373084401,0
231.6704127976406,8.262159723409406,50.646284063311114,67.29775913509403,1914.0979537222972,1
277.49975376105306,1.4964298209224294,47.45250000074225,41.733945066803585,415.25890682667085,1
227.54445743758575,5.442025732178755,32.60999928295528,67.74212582597637,1238.302792589995,0
180.36453540750088,8.29490783485227,88.34967026938043,52.629892262045836,1496.1071978811685,1
210.4533037281795,4.291805831167501,99.2018287430813,47.547388115991744,903.224716129066,1
248.7187918707982,2.1586844870324997,45.75410757794789,51.85561868846945,536.9053976449571,0
223.72695428829135,4.150298346284902,22.194275284348517,60.58574290456448,928.5336084020536,0
245.5043331797582,2.89102951494848,24.284723314606477,57.8352629747394,709.7602732704263,0
240.1472206217196,6.792729536639758,43.38658606385785,30.897969937252988,1631.2551186590993,0
237.81642683878897,5.865479117675854,21.680069268170005,49.204313118091456,1394.907285463204,0
216.76499450576713,2.5959237631192225,33.206651787684955,63.328387518312056,562.7054002499286,0
222.82651018945728,9.104676026911006,22.020298833291285,31.755243534749745,2028.7631854821927,1
191.42676599511276,8.651559087491236,94.51001450492892,46.3517206908469,1656.1399769340762,1
239.79461433865117,1.0177505295327487,21.45688169886985,47.91814788724743,244.05109572226348,0
245.8257661225534,1.3199951258708091,23.698517823572384,35.898104018996044,324.48881309522795,0
212.86926951259633,4.789154134388753,32.947529873525276,60.54412268352054,1019.4637421705645,0
172.81250031306016,1.3214593576444476,24.21497029386552,54.90197584852455,228.36469565662736,1
230.16280318993697,4.0417309591910575,28.505215708128183,67.93700622165971,930.2561273069665,0
198.47459497391995,9.09481281200245,71.92758168863833,55.7110620023946,1805.0892892258044,1
245.83171491578824,4.745716729525781,30.471572733846543,68.64902902823282,1166.6476821238687,0
167.21265712169563,2.648230196842862,46.63254574015064,31.623428485387805,442.817607884006,1
238.55603733586392,8.960037019689242,36.0957425925772,36.05830489601658,2137.4709257997097,1
240.82767883040935,2.2160834994673047,20.161956265510323,56.740196046039316,533.6942452710817,0
268.8547185541292,6.69349730913229,27.379992209203856,51.28347295752045,1799.578335189583,1
238.11465776200404,0.9420665076907333,25.813673900700646,38.58259280371399,224.3198440678253,0
213.914280108658,9.152318659651932,42.14711334157734,37.53540037339492,1957.811657404481,1
213.22833816775943,6.95301141233277,43.507516842286506,66.8794990386069,1482.5790687131826,0
248.4227414529374,1.4272532845755534,35.27245485699413,63.18782737668256,354.5621737019684,0
226.99314132707602,1.3332032169441361,23.687656399969182,54.782728991146385,302.6279862415127,0
241.09330056328773,4.118433342431398,39.37277876783918,30.5406908679888,992.9266876766789,0
249.39659064067618,0.9939577910529067,40.363646667807345,37.04330532126865,247.88968432933254,0
264.6839811957618,2.617806395315225,39.64312140806265,45.60344155120855,692.89141871176,1
239.26718395149928,1.5019589081861722,45.6693099243484,50.5867809620731,359.3694783725739,0
237.76289334123936,3.874559757234513,28.941727153844283,46.90157520895419,921.2265383036078,0
220.52103342971137,1.5634547354841293,30.883013994124276,40.039488252642826,344.7746539895362,0
237.35506964653226,3.76196157661165,43.338335824109635,63.65358876024193,892.9206520242365,0
234.75740651053735,2.338758413611374,46.846076021165594,30.968241776901195,549.0408596341048,0
238.87201686199424,1.0205818128625481,25.49508582284878,53.571429114514046,243.78843601114724,0
239.5571318452382,5.781982154073117,23.857387355350074,30.73523959100968,1385.115061210108,0
222.05567183065438,4.568895440466698,24.51633764186674,48.761601866638514,1014.5491465568462,0
233.40311265492863,3.8356051061486682,34.87072310686142,43.30936615935422,895.2421706902371,0
213.5808078718737,3.3195587836464986,30.67379383462979,50.64539218697991,708.9940467893936,0
237.51640365821297,6.115706343061818,28.96589566360603,37.71936031756114,1452.5805764337642,0
234.6501616228325,3.385063942413701,25.64047151588867,56.12546933167422,794.3058011909975,0
232.1720282339181,3.9264644805642206,42.026834035582496,32.20438559762667,911.6152222410328,0
264.3225199669752,2.100432091658438,32.9498064243135,62.702613181783875,555.191503486663,1
218.42826660299625,8.455067753872926,31.184057305805272,35.09632286781716,1846.8257934893522,1
213.00571812710345,1.3723157711212768,39.34270179770279,43.58642481925771,292.3111063248373,0
190.42426325560245,8.336422184867082,95.0072232893721,37.8043528009684,1587.457052740974,1
265.3574716563488,4.624029986437001,46.14000777020848,69.95618799052306,1227.0209060640634,1
226.1882349731668,1.9638461514053105,27.71288268185335,49.17819912599063,444.1988947452137,0
246.55258090499777,2.893920539762112,31.203337734363064,45.34138049735908,713.5035780123329,0
234.56675401275572,8.668286044767724,52.71616707329758,31.534554454228044,2033.291720375234,1
173.30275636859244,5.193002022676197,45.615979805756105,35.60661733530922,899.9615643574607,1
210.3203256269513,1.1181087101197416,21.62635232617979,59.01912136061948,235.16098799871455,0
238.6581192623516,2.122560578668792,46.33138882090819,62.52599953455257,506.5663157255026,0
192.29911742607635,8.218711806218957,81.91873878837717,43.473908057886106,1580.4510267151793,1
244.44454080245703,1.0091984154530433,22.177243941341324,64.01270832630397,246.69304324398644,0
236.75013017799256,4.028707860345234,44.986807846616884,35.003556393456144,953.797110385836,0
232.2727344111323,6.6514612468294105,32.44993275112263,43.077684010187795,1544.9530916307465,0
247.21794402180126,5.9400309134900535,49.864508321996595,30.902743328095085,1468.4822298589531,0
234.3787105346649,5.833746855670023,28.557330269202996,39.56844352136875,1367.3060656175958,0
222.9843519238778,9.442318536427754,46.31155120144744,68.36449167985175,2105.489279504161,1
184.5073737869843,9.170750845581912,86.42848301961241,55.61933172568849,1692.071154173084,1
213.38595014338517,1.2752658682583322,26.73747147961703,50.00791742091141,272.12381898373326,0
191.5616241680819,8.701951247852183,82.1396122494565,45.74727543962452,1666.959914470031,1
212.4486663257429,4.340954603376974,49.676500502617586,36.673188198010514,922.2300160680323,0
241.1812672729573,2.1418090434507073,44.88931416058785,58.15746668138061,516.5642193561221,0
270.01161778896596,6.13353336445338,35.92085569290564,40.209297373771335,1656.1252664986566,1
231.7030181014232,2.014790083734671,37.208835738287235,62.86142311558744,466.8329432421424,0
235.23404154580447,2.7723037725985487,28.780143372782724,45.70351001444445,652.1402208210375,0
243.28956426833767,2.2861857699913535,41.994590693197566,33.76239280914355,556.2051398176704,0
179.85255250276307,1.0501282250328314,25.057971453021104,53.23187319413903,188.86824172735072,1
238.21986607738495,9.343558540509733,35.77364585402657,30.051377021072057,2225.821264206435,1
231.38218179024156,4.888344257988728,32.52344851689388,59.22716046113561,1131.0757597552315,0
212.96704782377248,1.7481056312916674,45.19994669731829,58.99650986497758,372.2888955802985,0
277.73884221765735,5.862619513693751,31.22917980218974,39.25256729049174,1628.2771560959477,1
217.06729256705222,9.160457064398283,56.16139945818237,42.80724669713754,1988.4356136456624,1
217.51614355193666,4.561170091671714,30.093510554525302,38.448330343518066,992.1281284248647,0
217.15364274031197,6.362454700946238,31.915606589513864,39.811172198974695,1381.6302150806978,0
222.8214466722598,5.338725149786619,49.136597356564835,47.52134626790587,1189.5824612610313,0
163.6907601825105,9.459033857146244,80.41862998458024,57.24200446921781,1548.3564426683731,1
215.82270039332943,3.1397148732666262,23.3802057990437,53.075330999077835,677.6217424135034,0
231.0927871839944,6.261396206121016,45.13619810358088,65.31126798505987,1446.963500935794,0
272.46628867518115,1.3379996667954388,20.716525739574283,48.0009695811121,364.5598034603822,1
227.53194432132665,2.2075065142200336,24.941532408289426,57.56573427921351,502.27824928247855,0
218.00616844997467,2.577331270689989,37.75423722989978,32.88917393089911,561.874115149429,0
212.9298241642956,5.780062662641773,42.57227699636027,60.13251727517029,1230.747726414923,0
188.85149075895308,8.312853837643239,95.49812474214171,59.047579354484206,1569.8948397002098,1
180.0143344153756,8.715026656854473,78.32280204402937,55.7120820064833,1568.8297230459139,1
244.8387039945017,2.7251715359964397,43.093169221567564,52.45423296757352,667.2274670360739,0
249.45312694240505,9.025210106043176,57.37079165855508,50.90922712227418,2251.366882264665,1
220.67597152395086,6.541787084892968,25.173391669215775,53.185298328072726,1443.61522046159,0
239.5848673861198,3.7450788989110357,28.168569821244027,36.77585998526314,897.2642313461561,0
238.75963027412934,4.201888311433212,42.15053831363584,35.660848097998404,1003.2412996909793,0
247.4397671600711,9.356245003073292,36.57719249868146,57.58136835621661,2315.107085053034,1
221.09033665396746,6.978441306575418,42.52370693539363,55.78879909527271,1542.8659377907115,0
211.96643316620194,0.7018696942285114,36.62543766346396,60.48130884156204,148.77281563307037,0
243.6314028775646,0.7172724651059406,31.0025622927782,39.482815646967126,174.7500969192093,0
212.8950557277649,6.701855670211971,26.697662032080828,66.8923110193434,1426.791936389215,0
249.42096533020873,4.10137949249137,47.92498592527423,30.213959547768916,1022.970032202719,0
197.13343088022486,8.109574095847098,82.64662744654103,58.301417509817746,1598.668164491736,1
242.2598378442098,1.6676945531168559,48.78782615083222,45.40650511090162,404.01541201176144,0
244.98423178012663,4.165135707296482,35.493330257084644,59.07911678113724,1020.3925715120031,0
216.5006257902846,4.882284548622043,24.004066378463854,62.23430821336248,1057.0176600629095,0
271.98861084055244,2.0276404639974377,42.249134558528624,42.105613625472586,551.4951130867563,1
216.33132202797495,4.972764784841277,23.845642184313853,47.01425985079935,1075.7647800388718,0
239.9350099771273,2.2032275292946846,46.45151919186189,65.6728084562645,528.6314192232016,0
234.55383780030897,1.070164671179768,31.746112988048875,58.532869180050895,251.0112307035203,0
234.98802677626432,2.3365156138058834,31.34074848303206,34.11784578801145,549.0531936201766,0
194.3166828897427,8.597095851964328,97.71229393799945,39.1922536569066,1670.5591484388747,1
192.13218294072135,9.794596991499477,85.54654946907783,48.22006780876881,1881.8573010014163,1
245.1681735034153,0.5845663872681727,48.34250240630635,49.568649947523625,143.317073458028,0
246.96873739370642,0.6585414552156288,37.44274684607261,51.9573009799735,162.6391517160179,0
227.15549725400842,4.739716038634507,41.81393590645783,30.02867434826319,1076.6525535988203,0
159.34321736889436,2.580840674163089,21.13460409656106,34.922084943612994,411.239456537653,1
172.73408088544045,8.762459905549754,99.72137675869315,39.904683486988745,1513.5754580806602,1
243.7760937276213,2.0549508888280767,32.456412700529924,54.603651494799536,500.9479004806119,0
228.3800906628127,2.8563132535938034,37.599389833247756,54.97490791694441,652.3250798171464,0
212.81472431624118,4.601722142128318,48.597115363436984,51.639449421123345,979.3142290569807,0
194.18962474367913,9.859166189195138,75.52659697889078,47.47440146228506,1914.547782565373,1
226.20860493197114,1.3159071779811933,44.408471779421575,31.43064972059741,297.6695269510928,0
236.47513552178765,1.8485513473827018,47.175505762963866,63.541968280991725,437.13643039130756,0
226.44595729360555,2.0376915138721503,41.89979673934891,35.26975198527857,461.4270055278354,0
243.69827944473656,1.9850652434606542,45.99282208696269,31.33292797758034,483.7569844169085,0
162.12878186874366,5.187942828986754,43.70779711825081,41.830113384813174,841.1148512683064,1
226.84475617736325,3.168398098284281,26.940461396004515,35.45484420117833,718.7344940781192,0
212.21329548653384,1.7878498218532508,20.276026928761382,55.09033602543913,379.4055025304908,0
248.92578845707635,1.759160830045936,30.374857109287817,44.313646345661326,437.9004966419895,0
243.56831812157836,0.7079639909381107,48.20539504187724,65.68297404374482,172.43759856343596,0
231.74382299645168,4.749556499215016,31.61150035804661,55.888891335914224,1100.6803806657315,0
212.16190509398905,3.471997727527038,36.48866903318105,65.51270561343276,736.6256523541372,0
242.90591708775557,1.8653076923984524,31.822509455300956,42.66409739309651,453.0942756728912,0
216.01981992290342,3.7732054836231073,44.04927769494102,47.661360415155876,815.0871691043753,0
243.95070341125256,5.089377745147201,34.71363225559354,40.30782592756719,1241.557280854234,0
266.4910821946185,5.690122586598385,42.76987287472183,49.145794822020996,1516.3669259226454,1
222.38237206052293,2.399969802606444,44.332617386007755,33.503022936646985,533.710977577246,0
231.4997501469294,8.09859932481834,20.093898954698126,39.79199492006904,1874.8237202355367,1
214.85059573436547,1.2394527322295712,32.3288182410771,55.91348154432906,266.29715790411035,0
222.64018891465577,2.8846589145362245,89.00392357707318,34.232014376965594,642.2410056866909,1
213.8016096260648,1.1171987082191515,41.84550071565447,42.965406953311856,238.8588820894149,0
154.87556848321435,4.058542401405228,37.5578262652954,44.37355962063149,628.5690616308647,1
224.54057829477068,4.666539372584558,47.0377762338969,36.5568104818778,1047.827449355453,0
215.63474415803447,4.562134507650908,41.86611528465787,67.27650930389824,983.7547073718441,0
248.00844823461722,0.9112073668343862,38.09041590093764,32.2853087737332,225.98712506854773,0
277.59859127276746,6.9984476335485555,27.321920329017537,60.532304608488424,1942.7592041693122,1
220.4498052981433,6.882384594865129,46.936943143227566,35.140626737764656,1517.2203439249586,0
237.5332304933071,4.426849087567478,48.07446872333438,39.3602114864148,1051.523764676252,0
220.36861335087946,0.6230296633245125,21.076782535667974,66.59431223683038,137.2961829832881,0
226.43236004038724,0.6194157544976786,28.1156534051554,62.18903934965724,140.25577113710648,0
240.1512240434566,3.406889315159603,29.291876652539898,49.312403733134815,818.1686392161522,0
243.55884386696272,2.4348791513534973,39.79290921359251,35.47928889238111,593.0363510594291,0
246.53198846400136,4.4557905051594044,36.795661401034316,68.4447307208656,1098.4948934159652,0
220.3820173309233,2.4005416550103127,41.159199276077814,59.41746375568745,529.0362126180861,0
223.81375911705322,6.941867306804066,23.058576487408324,46.185801137603974,1553.6854172275923,0
242.84313447992963,1.1002479531453095,40.22022069388133,32.25933696013928,267.18766164693375,0
243.72147787710813,3.092339925006373,35.663794802965306,46.0616695202113,753.6696566209389,0
242.13053602508512,2.268016729251433,41.68830273168341,38.24788317020809,549.1561063675098,0
223.45844650308848,4.3295164530596235,33.632669574786235,59.80579239311282,967.4670207102653,0
210.42689151395336,5.547623566603931,44.64948001640217,32.37920652433558,1167.3691824100163,0
225.12827135492313,5.660321758764359,46.23243662589435,64.04015067188996,1274.2984528632783,0
270.66956951812585,1.316539688992545,33.70816549694747,67.68631668119974,356.34723087313944,1
228.03946010593376,8.201505687919152,48.300912759121715,31.24699636447685,1870.2669291288282,1
227.56165955284592,8.225593837733154,48.23529778726886,66.46554758941214,1871.8297845222194,1
240.95202994276136,2.829356481775885,25.495947353799046,55.710946464731705,681.739187715609,0
244.40294075959173,1.2970823248570427,33.00391099199371,45.869104018735435,317.0107346023493,0
150.39387300048043,2.4285112768427055,44.608305793059635,38.37287264188068,365.2332165497164,1
215.19595218147242,5.150335321297513,22.075225715162517,43.24833209314086,1108.331313520488,0
232.2063891916062,5.2477057226282815,35.986293040902424,67.24103971900271,1218.5507973916417,0
215.67377590467942,8.427602421325465,24.220545856048044,57.32278300760497,1817.612836030682,1
248.02425486319493,5.242909688707068,21.561375162683944,65.36980695715818,1300.3687688565958,0
233.43452202111686,6.856469994835113,85.96913091544499,66.2128731350436,1600.5367959964642,1
217.6420747483473,3.364907132368566,37.542704250119144,62.649114074512006,732.3453696242065,0
151.8966254456034,5.807029019771949,38.13142157248424,37.94171435472806,882.0681119680493,1
239.69240982134897,5.507676615946185,34.98855235996286,42.20858120515437,1320.1482805928333,0
169.30913549907135,2.9860975569693693,42.20909179697252,42.51042909687264,505.57359588637286,1
181.75573447048288,6.936043827037743,40.37475037230671,69.39801265446576,1260.665740102704,1
223.52559953935233,1.2010462196550096,27.869147941533186,63.55551596503098,268.46457632285865,0
230.80731742929575,4.186336598960424,36.83453440015868,49.01188295293023,966.237120262137,0
172.42308062203148,9.231452106890345,90.72854098803867,46.16593727108225,1591.7154108847762,1
188.14113360726122,9.289712086859453,81.21816140811325,68.03765407463337,1747.7769629068139,1
222.14895406527302,6.4869516609472795,29.628063149583213,40.090113354206814,1441.0695265514237,0
242.9520699968215,1.1704539457093468,48.29062128937208,61.80291524724656,284.36420894603316,0
238.4803184479265,3.0022316971441216,32.06884034228956,61.331603697554655,715.973171189389,0
269.8281452686534,5.331861770791185,48.13224964804466,33.650066364761926,1438.6863724414231,1
242.22819169924816,1.2031010190799356,49.600903882412716,54.77392995835349,291.42498428325547,0
217.9556681175207,2.062030016928384,39.7805090929775,66.38907351736788,449.43113001800845,0
179.22058616105306,1.2419514383257042,22.843054131037817,30.27152696094359,222.58326476029566,1
212.7596003484184,6.972715390569471,28.66429909862269,35.970720506769894,1483.5121398408266,0
247.4450228616054,3.881041449658572,30.944542889235706,64.93565831636877,960.3443902376034,0
223.40034279830783,1.8473363965732812,31.333904717282344,42.66737424067704,412.69558425826176,0
221.58330818682907,4.2517983517466496,21.976764950959183,37.651566267860574,942.1275445233297,0
247.47797015634782,2.95213790715202,39.922223635995024,40.20348889685593,730.5890968835907,0
212.341464003202,2.4851877405278837,24.72983080390724,36.96041792064497,527.7084031465005,0
195.92495338851515,9.463208681038937,81.00994441804663,34.2450167425961,1854.0787197383456,1
249.14616325351858,5.222928842657148,47.86188107832007,62.17218851822067,1301.2726820941687,0
219.96815082365148,2.7221264114552772,25.047813330140123,53.26605330692027,598.7811130360396,0
231.0056340707852,8.405987118382395,38.074761786091116,61.877900160625835,1941.8303842727776,1
213.8766930826798,4.062139731989378,41.082148978687606,61.70813623123006,868.7970127176513,0
216.10632658163135,5.116126232836044,40.320255382445495,30.977075317625328,1105.6272465061174,0
223.31800987849493,4.851178417648682,26.484074369327622,53.63487691897034,1083.3555097948097,0
241.63398710532715,5.818036182754008,91.48446336627083,38.16954482279458,1405.8352799619088,1
249.8435490905805,1.1719570468127394,25.41988096707228,35.20105022600531,292.8059079574104,0
218.40703340935693,3.7349717370605187,34.280621206403595,66.06022477805212,815.7440969591805,0
222.79518306671054,4.3782762979810865,38.14405285531892,49.205049160568365,975.4588693253359,0
223.69900876745217,1.6477746886650133,72.08937603244797,53.55744090250191,368.60556452646057,1
239.6880403648453,3.8132808150255912,32.673373700926376,45.923487129449235,913.9978059143441,0
223.42228806786628,6.844131023909212,46.20666728681266,43.175122681368705,1529.1314131980646,0
243.89186982141976,3.3682831888754463,20.538735912504528,32.980418472745605,821.496885022887,0
248.77757502703514,5.00586202442264,22.127485743157088,37.57443503167451,1245.3462153557894,0
243.20770252278285,6.736797138054214,90.9481778059164,38.31082517758914,1638.4409543082243,1
229.17663194508407,3.839075126546611,27.207877534967942,34.987897884944125,879.8263072860998,0
240.57022696096564,6.955501673336044,42.749078516315556,61.74529657022324,1673.2866161818283,0
249.4369063588007,4.659716503244708,45.80759859199113,67.83138584963822,1162.3052690784084,0
244.6776417132205,9.49348661559632,54.31062193489769,49.79931178849844,2322.8439167401307,1
237.8488574448509,1.839479569591639,33.23689007275151,32.60003155795554,437.5181139205174,0
232.34489347464756,6.421707218792264,73.32984441765431,37.08485830409678,1492.0508796756637,1
215.06850940936957,4.180924934206568,31.95201399828273,41.38383178143674,899.1852935522732,0
223.4135295339284,4.451735780410223,37.273556326682346,36.544960008409355,994.5780032539251,0
211.0670705043549,0.5807663596605597,46.39431307159056,31.803554240215597,122.58065418103288,0
272.9324226731511,5.980196101768448,21.478209607483144,64.09755542567493,1632.1894101161968,1
217.8925588230424,2.56215890692305,28.457886552546825,51.23436137153903,558.2753603407127,0
216.34144633999693,5.782504781942586,23.978119722404333,39.33585077832508,1250.9954479934077,0
230.6848355245332,5.463468117492031,33.41997279998563,61.59458484142155,1260.3392440771802,0
214.52398957695289,1.5161543495534509,33.111011763493124,45.87557572356158,325.2514798806563,0
228.75275832060964,8.587523746054773,31.09387046898517,50.009259157032076,1964.4197440537637,1
223.62741694299206,2.6058652856156472,37.61398404752603,32.66729201452098,582.7429227236394,0
236.8330672310374,5.218563422556597,78.7445241052761,48.81486269539466,1235.9283819037794,1
163.58527093218473,9.918470870647644,91.46987956216934,61.52639152542825,1622.515744607877,1
221.0183164055268,9.614421992850835,34.679730683277896,42.680038789372155,2124.963362072161,1
181.53536747585733,8.908965465910713,76.2786328459036,30.148786432722368,1617.2923196838237,1
230.3889268641426,2.9697396896883914,33.454556840079015,69.22592878256198,684.1951401731603,0
228.08731757440432,1.367851083793327,21.43873197310963,61.016380583699785,311.9894845436617,0
240.4281922417558,1.4741081927625856,37.154863135480724,40.14569897365502,354.41716795467016,0
210.46104056211942,1.3472147031989672,29.278043344990863,34.67515042363756,283.5362082958415,0
151.2151831981785,5.276522528575505,21.387745677838517,40.64982797576014,797.890320807861,1
226.79754741392952,1.7469347449065689,30.01444735127712,59.10825480243868,396.2005156369884,0
212.87258335055662,5.357552866223761,21.59137643591085,51.71705556399138,1140.476119070231,0
233.50760510239274,2.198634573615862,49.54873908877493,42.38912734910127,513.3978937803604,0
221.13861163661383,6.32707357218542,39.086564860080344,59.22736389683106,1399.1602654757946,0
157.91297715365292,6.060239924050033,26.11328102573191,59.71595256393728,956.9905286721681,1
240.35555400561788,3.962456924639802,39.16178546747659,68.13280321737021,952.3985293451965,0
222.3538909912648,4.473820585139485,48.92162390394468,33.82297790650404,994.7714147025815,0
212.22998393881312,0.8406369619977923,47.23447573332213,58.85031631735299,178.4083689431641,0
230.90291281047237,5.582692010318987,24.669439782847725,45.67764759153749,1289.0598465064058,0
214.41637990706906,3.2268391106938603,29.495053377878612,31.423285831738504,691.8871606575236,0
240.56147292669888,0.617246411780189,48.02759897289083,33.456985297889496,148.48570597656197,0
168.74606547985542,6.631469437516198,25.574961666960277,69.11973694952938,1119.0343759307684,1
165.57186757628403,8.044544910134448,96.07364842843104,52.16514864841825,1331.9503245722506,1
247.0795389927118,4.823281157738502,40.7256051301944,61.47874593746969,1191.7340848862623,0
224.40648612855165,6.793351530071881,47.687902343018195,65.3630118524074,1524.4721458994507,0
244.28771814347223,0.8145732326474764,24.45552272771352,46.558707939362165,198.99023626420376,0
220.54028614083427,2.8170983605106183,24.883283030761064,49.56536126863629,621.2836785138869,0
177.05624225967892,9.074833877199614,70.6751298228606,47.76452020701626,1606.7559854277963,1
185.4062795545574,9.819110856874405,70.5409602947569,52.281903447689366,1820.5248125068454,1
156.08698407527672,2.059858179222817,28.56084157993564,68.23480173074078,321.51705081768034,1
173.43408489732673,5.0451526996900045,44.1278346313535,56.366221784005376,875.0014416380134,1
230.54533535714603,5.719795910393219,31.209508891189525,45.524858270739884,1318.672266336037,0
246.58337740886992,1.0917360471453712,39.446275323456675,46.527779152111904,269.20396174411485,0
237.18207346290737,0.9361092620942117,37.811173488543034,60.88127143889419,222.02833577133734,0
176.77551326078745,9.930821398737223,90.51529091936084,61.68178364195845,1755.5260498629837,1
213.16745636434504,3.670848442982227,29.437446396386818,38.08332660031695,782.5054252895378,0
165.51057314118998,2.7212012498967635,28.057388129988997,64.44251745918878,450.38757850293587,1
237.10444728398377,1.6233303344669399,30.335176801821895,32.46172136539347,384.8988417131083,0
240.73684284468968,6.252599609557181,26.645814557071013,48.541913570356876,1505.231089576735,0
244.94301223038937,5.458193843692735,35.392316551041496,56.82988801887093,1336.9464414114655,0
239.47220426883996,9.202773971963571,46.21813825974257,30.346763593805242,2203.808568454024,1
163.9108039041775,4.123123201849087,39.6614959839036,46.73452153715172,675.8244386110503,1
277.58793986611767,3.926313209892217,38.919085715889516,33.18078853185995,1089.897195203104,1
216.19263019486942,2.9026802645463894,29.879159385937978,46.941623089660325,627.5380810070233,0
246.11506588251984,3.064150103758785,49.43393587134652,60.36112192204811,754.1335046605234,0
235.76105748447776,1.1644571123576393,45.335645939409645,53.294298202558636,274.53364020475834,0
260.4080322137641,4.626933893550757,28.31076346608873,64.49339665758927,1204.8907504027225,1
237.47022881127634,4.8824276109080795,26.644806465789202,31.391967994734003,1159.4312019168349,0
221.5677260786348,5.758355372489106,44.01092565366036,48.28095808770502,1275.8657058351014,0
234.170380639477,5.876527964779552,32.750072423695926,41.01786719162036,1376.1087903509588,0
231.44769117128817,3.419463317759382,33.203623129548085,33.64549356358829,791.4268899403219,0
236.04707842974472,5.607800546858831,98.82184264684729,49.9819664907033,1323.7049355027518,1
227.63063205746164,3.613308649447564,46.90982234557022,45.79203073851812,822.4997316924421,0
268.6744740566284,3.472561657795235,21.068364508185244,49.91905210349573,932.9886770373485,1
232.35363483818665,5.095702600598749,25.324455049730354,40.088925369224754,1184.0050213035197,0
218.84315494773767,4.074638612463305,86.37707677800422,31.370444911740172,891.7067692233419,1
229.98822693338622,4.360614036132134,24.452050894586463,45.95365647787882,1002.8898905108664,0
192.32628196096852,8.352388812328496,88.18649926662297,43.47687652306982,1606.3838857675291,1
222.62614507929297,1.065107144499652,26.68850025673261,37.52234265916302,237.120697676371,0
236.3313513370463,2.214739487151324,20.36209805901854,50.757494570590275,523.4123758579893,0
248.51481976007238,4.3315602201061045,34.135176781344256,52.93606503590816,1076.456907379568,0
272.5501230840353,5.706448699709222,39.44440229146934,59.9282847358051,1555.2932954784817,1
238.94322801759924,9.611940257341908,31.579914604788787,56.565029571334016,2296.708032601589,1
245.5647742290977,5.993966128044809,35.76295994928927,57.66022183254378,1471.9069389701824,0
182.94637003935895,5.096363786771869,41.02276002319148,59.0668187703285,932.361255189955,1
238.9768936107726,3.4228660314849955,76.44233507225073,44.238735633289465,817.9858914501172,1
217.04357151775415,5.331663938176768,27.562096605505147,48.166698806710556,1157.2033832743,0
249.28309514542525,3.0420995869634333,22.399474483902644,33.59303010288336,758.3440007788644,0
233.97454206953063,3.221933438137257,32.95531076936089,32.15730331363485,753.8504007666731,0
230.18957901521406,1.4720705706201396,23.11518158332783,34.94289962397962,338.8553049317359,0
234.3883278214704,1.7771372406189712,27.542904565623903,36.942885766057586,416.54022613794274,0
264.2672613606594,3.3103040752217003,42.188239070004116,46.705560234748106,874.804992229869,1
192.24046841953938,8.506414963284715,77.46786963143781,53.61523860815443,1635.2771971128327,1
211.05190906738673,2.19668632440742,36.14202652204468,66.30465544900909,463.6148423884068,0
232.2494557610309,8.82282186352093,57.90931216025221,35.0548056778802,2049.095576079261,1
161.14271812822636,5.629533186806883,30.53731496849985,62.479259627428405,907.1582795151174,1
216.54220153655274,3.3330143368384535,33.568235368674166,30.644328741973478,721.738262251892,0
217.3970407509127,1.2383175629613867,30.245782262640915,68.58491422468072,269.20657369768753,0
235.10224095482585,2.816512110399683,29.704632849294384,30.925870876600335,662.1683088313713,0
229.34436027006666,1.5258997201772997,42.92972000620111,49.70697321244012,349.95649516033654,0
215.87635636091707,4.089045375311581,42.584510782664296,41.27997410739887,882.7282166167229,0
230.87739856258307,1.50973146631511,39.99840159782855,54.21374511776922,348.5628734709066,0
211.46081517525496,4.531876241825802,28.828813219662223,33.45783012693594,958.3142443698549,0
219.47251709815077,9.254634156715928,32.05953661417438,68.72083844910514,2031.1378531969667,1
268.3338967934693,3.3125265983792715,36.02741332161149,63.67722697917013,888.8631703751254,1
212.46226710399998,4.760202029218558,20.247958938375753,61.19841842161572,1011.363315000836,0
222.35142633410345,2.4008717298318523,43.94818989638917,61.333467676984824,533.8372535733387,0
221.9579091231912,4.138861127738135,20.250969799524327,33.30668151946169,918.6529620640097,0
217.41647271308696,3.8281178233905493,49.767257445833664,56.10453606989414,832.2958742916732,0
231.02317496248966,3.7281938805317787,24.325034474541486,66.81089475209632,861.2991871561763,0
249.7823656243896,3.230469919139068,38.23873108050827,34.190501458057604,806.9144184809869,0
219.55063576015894,5.931171190713028,43.51758754602619,62.96719998501434,1302.1924057233841,0
176.71996867681406,9.131114966452774,89.47241806056653,44.00946457308307,1613.6503508559224,1
168.97033532604928,8.19686941808998,97.50419734224329,52.40687582269434,1385.0277741985024,1
241.73746327549446,6.447044588090336,25.08690555713327,62.696498210764425,1558.492204348963,0
151.3670235616435,2.917912373531804,44.312987407195116,57.58806139447474,441.67571099519967,1
227.1535606118956,3.395956878349062,75.5414172870965,45.819201121266275,771.4036966014475,1
243.95165011103362,2.4382667061913925,37.9569305047493,50.11372247996347,594.819186386185,0
247.68934877964665,3.9269688586281415,29.75172930175446,36.32506278532273,972.6683592715567,0
210.82046412093558,2.863128009763935,35.94457781913515,64.8746498340378,603.6059758560834,0
214.46329252532965,1.4603511088467471,32.843701034551245,37.82831006555151,313.1917070462894,0
242.20059520472282,0.6268967095369617,44.920688155940425,35.76415852131864,151.83475618173438,0
227.75134317129343,4.425118153265876,85.81212815540376,31.528111350295642,1007.8266030979768,1
243.1217314309701,1.523753562492725,37.82995201779787,53.74442177785657,370.4576043873402,0
214.93854294922943,6.870337629347151,31.811575089591127,39.09686914894117,1476.7003596211398,0
236.7040685433294,4.461394432627312,39.30656368962252,33.520241100458094,1056.0302135794434,0
162.53477625721433,3.774168683486435,31.701981972428847,64.54308012556584,613.4336625274528,1
194.5574322983982,9.563046259066134,97.92423017034285,39.83001248743551,1860.5617251147096,1
220.9817833896178,5.856614188148432,20.159725717131927,52.59276651545584,1294.205047921979,0
222.9073482831128,4.69189110512196,45.54453347941982,54.367815655733054,1045.8570046758598,0
217.68134609445985,4.830050503486538,89.63698573670794,68.16375659609203,1051.4118953031732,1
173.6765761767628,5.417679392700529,37.140185853592314,32.670010194030276,940.9240077476314,1
233.8589831017581,2.2873647478286614,22.389353871042974,47.18410973794187,534.92079391002,0
223.14983953398428,5.182819064467557,39.31311824303734,43.312734443666876,1156.5452425696099,0
180.94589580221336,3.7336982438010438,38.35712254301973,44.94078656926965,675.5973733797307,1
247.70438840634623,9.635969542154411,43.50777878125249,40.08727927277078,2386.8719421415385,1
223.61539350710197,3.5976916332701205,28.881965301168414,50.59717981569931,804.4992302909064,0
249.10851251302,1.20150960727246,47.95832418963116,66.5431204561078,299.3062710377454,0
238.99641087344338,3.334313936821821,38.90103732627314,43.623037496844745,796.8890636257164,0
233.12919144678054,3.7378428821958725,37.38609107449943,41.46642325148092,871.4002888814275,0
213.35591842515637,0.8397964197693372,27.603713890190487,32.96987437322183,179.17553643004507,0
242.5171362157575,0.7526790306084805,39.76828381804228,40.90230995261602,182.53756299282117,0
222.22305837311302,4.105833614136607,81.45874057135806,52.57204258679321,912.4109029045688,1
249.87962011250204,3.266113205028664,30.44691919122106,58.4083939326506,816.1351269169891,0
243.3309722011503,3.4527597083427644,41.586752397963046,34.29812865767546,840.163376608005,0
185.36367780319355,9.969288738746732,74.14796031630613,47.189480357191144,1847.944025696055,1
226.68212814811682,4.814689548277344,34.69484181640168,50.69730239251852,1091.4040731760035,0
249.6679784407425,6.5291487673237745,29.231725680931127,34.46375699066669,1630.1193736765927,0
164.31139703367066,6.649799088911218,41.333885540092695,41.82553327118545,1092.6377782922325,1
247.76918317457023,5.776785195147561,42.25498141185979,59.479852469080896,1431.3093491766613,0
242.98724956911747,2.2947711108824778,47.910999737045884,44.58559964055132,557.6001206240015,0
180.06719068125693,3.5372104543545224,35.51451086851632,44.799955438399095,636.9355493639913,1
240.53140760812636,5.335670349006698,76.13513016078387,43.51879916961915,1283.3962995795239,1
223.23171965710623,5.407111301029138,29.88060572749864,35.529283471413486,1207.0387541061075,0
249.19657731129521,1.9682291840682433,38.36475976829687,47.31892199358825,490.4759760340095,0
229.51506423992237,5.064068136214031,35.396599274834564,64.88424254986325,1162.2799235985071,0
213.4499668521586,6.58767647577704,31.34589048584657,53.05622205814534,1406.1393253873543,0
214.98944452886715,8.37673646413414,34.03688379862718,67.22117070696075,1800.9099193889056,1
179.72306839150295,8.531218915332829,91.1305886941639,62.110626858481524,1533.2568405832455,1
211.67286495145862,4.555278130559308,36.8753635740595,46.08524620115506,964.2287725462132,0
232.02453191940575,2.1287802478622533,31.931869268681673,47.12454278988967,493.92924056951585,0
185.72005449585987,5.315068144311878,37.54978200817466,57.5704654186382,987.1147454108108,1
159.78465096209064,5.476785869431854,35.62446758432247,40.74228562482564,875.1063185412789,1
181.83652569680626,3.850473880301463,43.798942300962054,44.39530391018219,700.1567926803183,1
263.96745079695404,6.769842953891824,35.344026201278524,59.356814811508016,1787.018186834546,1
224.20527056102864,3.1465679400363125,32.2758993135695,51.76720463767815,705.4771163345,0
229.88615263531486,1.3761076019633476,34.882264355015934,36.76415601682606,316.3480822275632,0
247.3058286936467,4.432175085460077,39.78470174373753,46.07174681333455,1096.1027324250388,0
278.6662076069668,3.001074121977201,26.56910381317404,49.861992544073246,836.2979443187942,1
231.39616345530578,2.7653094735835557,23.962004323071223,40.63580968109048,639.882002953846,0
211.21172905918502,5.509176425595953,38.65473693771247,54.05438429113417,1163.6026785422218,0
233.61252689300275,6.575237692596934,20.25707632432222,31.91198838630997,1536.0578922896866,0
216.692055199726,1.6777639865496874,40.15831657545951,48.37933204200661,363.5581263855372,0
160.00211307729188,9.907841607693445,94.42626301163989,66.15926786357142,1585.275593266064,1
247.35435183142957,5.76362543647268,45.11657428876096,33.73149538887874,1425.6578340378403,0
216.12170388655287,4.033514987106385,82.39610141790577,65.07370127527031,871.7301316653793,1
245.00839217792102,3.8293716092668504,32.13093289943443,36.47868737611761,938.228181038249,0
225.0150941559728,8.483170001341668,42.19467667996628,61.84743793735481,1908.8412965930193,1
235.25509745581718,4.3773540045411,29.544565574124803,48.05692014419881,1029.7948429369283,0
241.5954295180737,4.6244770668797,35.981348661169555,45.70104793671309,1117.2525232692826,0
242.90945944173725,3.4341498578181984,35.04342259525018,50.83314922162967,834.1874856045374,0
220.24353704953694,1.282212861579838,22.95611801503222,60.298500933627544,282.39909588475183,0
212.22691259815903,5.683863143523259,24.62184958581944,55.00584366933416,1206.2687265804082,0
215.0592102676524,3.1941263651533394,20.444265833978754,63.64179930050241,686.9262935849642,0
215.56640043631847,2.0403720695284004,33.4392557641558,37.55477531262195,439.835662579039,0
231.37542256941052,5.911958584749506,32.055190570697626,58.67901094214193,1367.8819157592711,0
190.83258086657284,8.654442366322908,77.26587676039426,36.76230996534823,1651.5495727264104,1
228.15015041001413,4.041580696463166,90.62169738057143,55.331339293319814,922.087243792281,1
221.8576289911759,8.56026823755076,25.84067622368433,41.567130154257725,1899.1608147114837,1
230.87537847709913,4.814079113020664,31.43301540835442,58.77880925253525,1111.4523372373435,0
221.61134709259042,4.017722363070658,20.711490809173718,33.191564945360014,890.3728651241141,0
247.71650845567027,5.189826568982253,22.643797085016732,63.85272051123495,1285.6057171587545,0
242.8117184243671,3.4246590864577424,76.64503152561558,50.480935564350375,831.5473578004276,1
231.5330548803965,4.172979644620684,48.46114754717543,66.08982492384925,966.1827250727382,0
247.7371242906114,8.196989283358807,30.60493045782958,49.802237826183394,2030.6985529002704,1
167.18001041977402,9.531209636515584,84.80592490697863,65.22673850200593,1593.427726345726,1
220.74802943017073,2.759398793981231,41.383153805507135,52.200226893379444,609.1318461833464,0
179.72072833926012,9.571505447773466,98.42601552200335,44.23383644979882,1720.1979303770433,1
234.64869585176558,3.7426733375002263,49.6755672459435,48.494471365909334,878.213417643603,0
249.09476243110544,5.98331514635801,25.3475043187389,66.18421012451478,1490.4124649324835,0
225.08447938137778,6.391544635354036,35.90346695105946,35.510517175940784,1438.6374966915012,0
238.88389785071524,1.6321972224421086,37.706935922190766,57.81096531777668,389.90563455808183,0
237.7552275483329,6.247347786890571,34.163502326997225,45.316373127191426,1485.3395946457417,0
234.16821919453216,6.219038312251654,29.739838015555822,45.84942098149214,1456.3011266825388,0
232.4324936711007,1.984658250188351,44.666334659231126,41.82409110016885,461.2990661762017,0
183.41944622573186,1.9759133091394037,45.63037948348146,57.47071182388679,362.42092495240274,1
243.2100077112554,3.2251201205732776,25.819818686701915,41.394107064424546,784.3814893943518,0
231.25323170692704,5.736275371868018,43.74058170957004,53.254662288183,1326.5322177053338,0
261.0012905418659,6.241802935808201,22.266634812883087,39.867537189759894,1629.1186215539476,1
226.37791750509237,6.196040804450807,28.939393839868085,30.47485386677437,1402.646814088151,0
233.12300196739326,2.9435994401214067,36.046182672762654,65.06392475340076,686.2207380706404,0
236.5920017546834,8.678261630969406,22.82019822273029,53.2015395160369,2053.2072910219154,1
179.07919485383263,3.268186373399171,20.243245906586395,30.370100897436096,585.2641843805908,1
229.53339652017337,0.6467030277273773,40.60782250322907,41.76013554379813,148.43994249414476,0
222.03676292661675,1.5863730466504968,32.215212157966256,39.29093459162003,352.2331360723111,0
217.9531412114592,3.8046388481900757,24.721355446066028,56.8389883794314,829.2329881381751,0
266.10651798066533,6.379429149815665,39.24179746169949,60.805251677156775,1697.6076777618027,1
243.36501732988984,0.5529506132625285,26.391720521990184,54.64369284599974,134.56883557920847,0
249.36773566874254,0.6972051043190686,49.9579450380963,54.94511331445264,173.86045816073556,0
212.38049770255898,2.2766376983282894,47.73988064874787,44.16984012756977,483.51344745937047,0
249.97985401674887,2.2099531399180177,37.28242637043481,57.85751170808852,552.4437633005618,0
215.9469025478473,3.4660014257781264,31.57437565277868,58.56861747429255,748.4722721232088,0
248.88666494962763,0.5928003809579103,38.03950473008453,52.50530383469553,147.54010979748304,0
216.0366393085412,5.652403670665074,46.62687375238049,41.32067863535078,1221.1262930257449,0
224.19980164153415,0.9715555844132373,40.19612738047428,63.007717392227605,217.8225693091726,0
249.60703174522874,0.9930351223353071,39.853721414435626,47.92912058104356,247.8685493048761,0
228.30582464134162,2.1814315297092848,41.46688481996697,58.863061043401075,498.03352428890156,0
243.412258434338,2.559492133727145,41.75279371959627,34.83999070048266,623.011760715447,0
222.63182578033005,4.3601794898411,39.36534456436098,45.854246878698994,970.7147205532721,0
224.94538608370897,4.976988853734485,40.12986383390948,36.40785652821771,1119.55067923762,0
240.11926469184468,1.191393081504084,22.470474318928567,30.10804867336654,286.07643068971163,0
230.13055603603257,4.644816299965839,28.881915221377575,58.4169886554712,1068.914157796366,0
243.27960212441388,4.217014137787896,37.516694701161455,38.39101655116433,1025.9135215940676,0
228.58899212322686,4.501477687495333,22.851393759850566,68.02137898112667,1028.988247649752,0
165.11873422565137,3.782054834639068,22.655669456441853,54.35996444207714,624.4881070676081,1
216.41236158062276,4.039453403879302,35.969307901397315,33.034865648961905,874.187650628405,0
234.9508876260341,1.7286123378522318,34.08304586462131,58.8129166591424,406.13900313969583,0
225.8195630473428,2.595199977526134,38.31181599932161,67.56434793240962,586.0469249454254,0
212.9898361454526,3.4944523276338697,46.72472394531883,33.778497032043475,744.2828286808334,0
179.1770437593086,6.78366240561366,24.67025638292713,39.09519816777383,1215.4765756990153,1
210.83728117968295,4.426751562376172,40.12109222437681,54.10103560501014,933.3242638693057,0
212.76920502982526,1.8675126042118062,28.708835470967436,61.46174623640189,397.3491721813247,0
211.7636886559013,3.0609188001348584,32.49176510425761,48.03629352755817,648.1914557927531,0
214.62700894592467,9.892528986006164,49.334460589283744,55.499952117366526,2123.2039071773643,1
243.06910593585127,1.194979118468839,35.142629706966254,57.88364553043034,290.46250593823237,0
243.3111628409318,0.9697661085737848,40.721031184974976,51.36110921538871,235.95491956081287,0
223.61099928936125,4.535412113032254,46.729861239327946,49.84703704404461,1014.1680347842157,0
277.43595542049326,1.9352841851788343,26.19335697248601,57.49489467744533,536.9174169252607,1
238.52067342935115,1.5250735381866973,27.568072688025378,36.26589513454534,363.76156735757434,0
215.780608956278,8.267882438800001,57.751555568318324,62.16811629191124,1784.048707423181,1
226.26271231621965,2.811542995174176,43.73012222196222,50.408516659124885,636.1473438817771,0
239.55968252624976,3.079771858461973,27.88772742896441,45.0199448808288,737.7891686664285,0
223.72462065668037,2.0723875218464256,31.95506086411941,30.76691642999593,463.6441121787295,0
169.11372752306002,8.980443949307482,80.74868390871647,63.11314428264771,1518.7163510792984,1
219.7537091986442,1.491732457965462,45.77567116164708,48.70175398775063,327.8137407699209,0
227.9793104840432,6.817509579565178,45.50802183007772,58.2547508740123,1554.2511331676285,0
216.6069199807379,6.489318588658946,32.69226568389449,41.15023197874517,1405.6313122631634,0
246.71389691281408,3.015937537043406,36.879229917442984,62.118652044342674,744.0737026096132,0
219.34167207705474,6.964417364489718,48.69712572356479,63.73916676502056,1527.5869497696494,0
221.79462512278786,6.437184098066208,28.266700103636865,62.032379787073296,1427.732833876966,0
268.7555454377914,1.1297619547707627,34.50779144312987,50.041895111776725,303.62979036928175,1
215.28647110100096,2.9465189952740896,40.16788819797698,61.295832345778365,634.3456765246257,0
233.5933757775902,1.8040064123102426,28.619909996829485,36.47582440209434,421.40394777596885,0
218.99547120902128,3.876417111543044,36.880662673721886,67.79789683286018,848.9177919450822,0
235.66702840645985,5.812185248418899,36.807243913491575,40.20014610004303,1369.7404260427436,0
211.57012212284,2.4853874725651313,42.338110370101404,31.900710288284415,525.8337310931814,0
238.2492999412713,5.587235158348698,33.65955230185785,57.92297353914596,1331.1548650838354,0
216.3965298009651,3.0879717078988924,37.39903460609429,67.92213127411561,668.2263617128798,0
230.29576375379844,2.6379785583697086,35.249350828300834,30.959017895061265,607.5152868658962,0
242.7947259010802,4.100621270055144,33.517474784483525,41.421002868613584,995.609217287178,0
225.32405734362337,5.931209614769642,49.01639620424805,47.54621525401498,1336.444215355405,0
243.8620310327945,3.2748845841359735,36.56054516886954,39.237666583949775,798.6200060853871,0
226.03380942613916,8.413521048139524,27.987417046727167,50.25478950608836,1901.7402131979798,1
246.46472822013712,3.7640530699637473,48.975163251749905,67.66539408293474,927.7063168947877,0
165.63615774751935,8.43580893963077,89.43010008135927,46.87019921136785,1397.274980252616,1
229.15975734557242,0.6132985457632985,42.0168611269878,32.943251779587634,140.5433459275099,0
241.72041230502398,1.362185183950776,35.559160719980376,61.16270057437879,329.2679643003765,0
216.51666372006477,2.68932422128847,36.64097529749947,53.01118379419,582.2835080549406,0
228.30275390695886,2.243834271006671,45.26072654194852,42.54300528256123,512.2735433816364,0
234.18450854020887,9.372733213157359,20.73422897516567,42.47110587220088,2194.948921201749,1
210.37379813944978,0.7143501339368572,45.55663947411149,57.36099446768287,150.2805508777213,0
237.51851360474836,5.650968349405211,29.203828493303035,31.441495099967497,1342.209602778204,0
185.89787695004992,8.683014221368087,93.38729346583808,53.00833172251204,1614.153909279418,1
219.70859947194333,9.983346105663356,27.8961493492217,53.02080867864496,2193.4269909189757,1
188.83416791470802,6.684863406373747,46.53715961174788,38.58226085320009,1262.3306189660673,1
240.4356589184496,6.909181533276793,25.41271466244111,60.64103598077186,1661.2136145405896,0
217.02505862272008,3.2389501178900573,43.81507736445849,48.59399214816209,702.9333392111558,0
249.80637640800484,3.094210447123269,38.462022641277194,44.609768064614876,772.9534996396562,0
237.82563013781632,6.596265344616743,36.27076851476964,60.73599715795119,1568.760962139717,0
218.44632149727707,3.763855665976961,20.600351708863244,40.11419915050235,822.2004248793511,0
210.59844793025204,2.219550860469271,35.42092458427609,52.92596991924982,467.43396631708384,0
163.09762251816267,1.8149945704795942,27.107777621943423,61.04685968160895,296.02129932859566,1
273.51623271485465,4.359298993461903,43.69020841378267,59.55220200314746,1192.3390379693574,1
249.4552868651557,3.9683332457176563,23.393172695051597,63.130942592639535,989.9217081870323,0
241.09208592575672,6.721196124000334,40.90386541893024,53.84120643799204,1620.4271934513517,0
224.57639463981613,2.794530881316936,39.091181171287715,60.05092467750984,627.5856700357854,0
217.9364040477425,3.7109166709326926,43.749202165491894,49.02816312756225,808.7438349838908,0
240.84544192683288,4.798224490723094,32.28034762647178,65.81650844776875,1155.6304979323563,0
249.82065794361299,1.2725417600955418,20.448499133127168,65.60075604595059,317.90721976779156,0
239.18798509786885,5.7715999370584505,45.769591730963505,69.66376942656666,1380.4973597359974,0
238.40973367709037,1.2500990788253834,32.20427874070548,63.918867732503614,298.0357884527357,0
233.64381522142457,3.7745273842101215,39.37854593336135,68.9157755755078,881.8949787045966,0
232.9584607000652,6.109687065126851,34.441481352452826,33.14108743766291,1423.30329405105,0
223.28295563295282,1.5071216046965834,45.47103539850419,50.86398051964487,336.5145663949319,0
249.1330190578019,5.370317116604395,89.3124559732877,43.4036973707337,1337.9233165574424,1
221.52500515418768,5.494911352987516,26.158158224114054,58.487527746964574,1217.2602657923637,0
216.8742747900186,2.200561240896895,34.8891081045943,46.7349882043139,477.2451232505375,0
271.4914900694603,5.933648268837551,36.88008622052926,68.57557026629041,1610.9350100547804,1
238.5652797440861,2.9046368583540416,28.368985832605816,37.215499038708515,692.9455046682153,0
218.61877730996844,1.8022805344146384,49.715957152514534,62.06989667383043,394.01236680328475,0
214.00965481070367,5.306563268897385,90.39454375659909,63.23689963287402,1135.6557734078885,1
210.9244267387117,2.9245461492106446,24.46364851547459,52.33537910280887,616.858219993162,0
243.79801509090416,8.000481749035734,26.74058573836737,31.216941586163426,1950.501570185917,1
246.3275838278601,1.1301888033934204,38.19229330231401,48.059837564777766,278.3966772092017,0
218.48111402008917,1.1772518116689596,83.01805748894121,41.11331598258617,257.2072872956025,1
174.56362951902807,4.191464181287815,22.75551011687603,47.80074734901421,731.6772004846024,1
181.05613288088412,2.8680354575764992,37.033308692956346,69.26316119058379,519.275408914058,1
222.14040499512447,1.6516444140789555,84.1838003590475,57.08509954295607,366.89695905143424,1
187.08405105429458,8.397834719030534,72.39215672288384,63.48088522593323,1571.100939320636,1
213.65415461465747,3.2781538713780494,24.043934852584314,66.54678389770878,700.3911940860437,0
232.76603922618287,6.532689581607569,35.907896769150454,44.14364583829274,1520.5882794049435,0
222.7387770240922,5.339376751633207,94.04817029839128,61.668646703370854,1189.2862477296505,1
271.41379323153694,3.905597188658353,36.49936959151593,49.67162530494672,1060.0329478081903,1
238.62023818484516,1.2125832636223584,42.48877256447071,35.43544600510377,289.34690718452407,0
249.0431874488587,6.7204464976578695,21.81309634821692,47.73013765899849,1673.6814168562348,0
229.41379588537671,5.896152079497318,48.51835324228671,55.370106138061495,1352.6586296749372,0
234.13302262578395,2.528008489704927,47.29470922496181,64.81601852423347,591.8902689182576,0
222.99195661521443,2.4070328912893593,21.002539841151783,62.63283404101181,536.748974065791,0
223.00531713601058,3.5622173074854,44.56213971363956,34.98456830830085,794.3934003631674,0
187.86831660135553,3.3849279545357667,26.514212121130157,44.94563273866794,635.9207166355042,1
217.0461565001144,4.447233355659671,34.298724815258865,64.62803969296014,965.254906905038,0
235.75471710220506,5.459167710325147,42.78459707564921,65.442958683821,1287.0245391611977,0
211.28661081290525,9.249194503040309,36.673384608911746,52.4083761096378,1954.2309592967404,1
248.64224531060796,4.4267078574805065,42.477089918074014,67.45387789884333,1100.6665810180639,0
210.48250071289604,0.7228959090185254,41.07015302305585,41.16340544605134,152.1569386853414,0
218.09108724362676,2.2566176879011417,35.13923167844226,69.02277853424329,492.1482050475592,0
247.44592418052093,6.735969053515158,26.243299892615223,42.44774409875778,1666.7880876984473,0
163.9892388937553,9.8439112602655,74.2231137331364,38.99587222921629,1614.2955153086068,1
240.56372000851925,4.525783488585943,26.964017384004684,30.037721701099613,1088.7393119673682,0
245.7097017198542,6.309244742700753,90.9863342129664,48.6308078199171,1550.2426438065602,1
215.4767529598265,2.71661110527482,25.631842264948208,62.848008133998185,585.3665400192236,0
170.32632670633913,8.075494633934866,87.49585485649138,39.19845661604137,1375.4693373348787,1
236.1531985531071,4.927860175840068,42.56464676772998,50.143075853543664,1163.7299425471087,0
249.6149771831545,8.384345466428897,23.469910712158963,43.48011165349034,2092.858202298334,1
230.92520451624898,4.614687885150326,37.34865845520211,40.369605415610806,1065.6477436569955,0
163.9205341505397,5.313954852388366,43.00786779047478,46.6447417772744,871.0663178553533,1
234.7217471649495,0.910115427690902,23.235673284605433,56.010028785847595,213.62388330938379,0
223.92120610833013,3.664246000391082,49.35735184578122,68.61768882954843,820.5023838851959,0
220.6199686887313,2.4668489923167525,28.063438944848123,51.289832285671224,544.2361474447503,0
229.55117552918665,3.15196335461299,26.338551127098135,49.30022365528453,723.5368932763305,0
231.66381851193373,4.888731200825555,38.99936523309832,48.49960841622374,1132.5421376616794,0
221.3942452384304,0.6575616836455329,38.75058362504312,40.10274236550748,145.58037264841428,0
239.88033998387837,6.453530349674577,48.74368386438839,30.421041852388058,1548.0750543762151,0
212.91873331702752,9.64225220897036,39.72140486160819,63.87132108675317,2053.0161266572795,1
237.27332128131434,6.957760142572103,26.970066377720546,54.95782299045553,1650.8908577068341,0
211.57807811690765,0.5940591697686227,23.57685733453576,55.963669621541925,125.68989742737097,0
232.1371824465491,0.7070689564336905,34.07908989080021,66.98491271370114,164.1369953419387,0
234.99689879153826,5.568821391550433,43.51775837425663,50.77120329581085,1308.6557569383303,0
229.2101600434462,2.0645899134975894,84.32464151387283,49.783910826778595,473.2249844968672,1
231.55090344460464,2.1747706494425083,30.98723543400845,47.36746367853878,503.57010866322236,0
228.21456538246002,5.768052510952354,44.84178628198629,46.46255087604121,1316.3535968901988,0
211.34601328540228,4.88381161704588,32.13817648840589,47.81910732333383,1032.1741148995804,0
170.75558126604327,1.8395138633619645,35.394245045398314,39.69675255548843,314.1072589853171,1
212.59336875144766,5.457241631914916,32.8232576256968,55.06574733247034,1160.1733826194397,0
226.43686278775357,9.077166771708407,30.017736070144146,65.64220775367284,2055.4051667868926,1
215.90095336709388,1.1275781108853433,20.40268745360383,46.91424314267446,243.44518913601232,0
210.86591610348992,3.8801270508819043,40.39935645952284,33.43004203644418,818.1865451821454,0
239.74514714402986,6.907744336554763,40.01571033927682,39.793582032380826,1656.0981824006606,0
216.88399410599447,8.610863385366065,32.858499117912174,36.385197330110564,1867.5584437192572,1
241.54207368033025,1.5867730545572445,20.853721755317675,55.17419770515754,383.2724540578286,0
277.81653507148536,6.858940204265495,41.00643976536003,50.09206870646968,1905.5270018115457,1
238.21522238589668,2.3952551589395497,28.488427041119937,39.53151105792273,570.5862403577511,0
181.82433857708602,9.41358100879363,93.71222427648964,37.74955732099242,1711.6181405657198,1
230.50363701069185,2.648905264805012,45.81534459762335,48.95040614954881,610.5822976343251,0
163.35382872017925,8.694094051907554,82.57224049376323,30.676853738597725,1420.2135506324357,1
220.9483966869137,3.789235756478625,30.092316415498075,59.047285397858445,837.2255650626768,0
215.1904893398506,5.375398606938257,22.976866882480298,63.561966723174294,1156.7346566237945,0
170.11647222225147,8.080975648656608,82.08668736869892,67.40871240683501,1374.7070694633824,1
233.51542767719127,3.759077110869608,46.201524931131424,33.36006858082503,877.802499216257,0
237.2043879373311,4.849020109604841,48.27003484805111,62.923501160275215,1150.2088471946265,0
228.84331402818052,3.0866948653086674,29.304416632724063,48.053469006163894,706.3694823710038,0
227.2933559951466,6.865202126456176,22.658989242487422,66.88923479354919,1560.4148309072411,0
234.94968981998164,5.89618928301501,30.813890874477664,47.216876323518676,1385.3078431642766,0
224.9892409014304,6.515940590704817,44.86789673579037,34.359999594519046,1466.016527261495,0
227.11478059411965,1.141272948763259,38.57279285813359,35.74766429046936,259.1999553563715,0
210.2887978801487,2.5578762646822035,40.31572171017966,49.36155760911394,537.8927248261856,0
231.76728616925203,1.926170619375402,77.52959456569545,59.53935888744423,446.42333715158424,1
224.71940308747148,8.155263770499591,48.538477934659994,30.143101784001253,1832.64600652755,1
210.1737627113636,4.694577291694509,32.521613831016396,41.90187045373321,986.6769737347578,0
165.57472041525602,6.64187080556651,32.813196885111275,52.18774742588231,1099.7259016659264,1
241.60665547573848,3.247932051073548,44.0154537379545,40.15190570223969,784.7220000723354,0
241.46195745460042,6.830205485783658,21.788765731618067,62.498247096756174,1649.234786414472,0
232.02973123564288,2.3855997221798617,38.403364177039705,44.152113225759024,553.5300623732177,0
211.51753251743742,1.455242638374775,47.512345965964364,69.93109715492986,307.8093320831979,0
271.31289764769576,1.8523696566583734,41.1438750839656,66.20312511177924,502.5717790626506,1
229.52369041059904,6.528248437137955,35.629741659480715,49.50393752198244,1498.387673209129,0
237.56918945451807,1.194741938065704,44.633315832245486,47.42020109813037,283.83387383358934,0
241.44730676792852,2.950174815960769,23.01102485285162,55.351161581730025,712.3117638082969,0
248.30653899235892,9.735410919533376,20.085636773819008,45.20964665653561,2417.3661910977507,1
234.06194025518823,4.637901684247192,80.9507591211647,66.1789570912515,1085.556266927703,1
228.59136823750003,6.983839346802323,34.8050109221785,37.13593007714324,1596.4453918364316,0
242.5606694207972,5.54959212483883,43.65745295325413,58.32095135991647,1346.112780813291,0
244.48336343360927,6.307382524945723,25.824580898556473,35.218225462055756,1542.0500941611012,0
232.76427921451216,2.4759556004275254,84.91421391256604,62.373713149548095,576.3140207006476,1
247.95909376478383,6.0087540324462205,29.991177060901826,45.998484983357514,1489.9252045408552,0
235.0471781169806,2.3641722397255087,49.07747416467526,54.347368824140034,555.6920135299827,0
235.8003926196627,3.0701325684431,44.53387042938257,52.713638422068854,723.9384650332963,0
217.07027469693844,6.122460824691975,36.886994790703696,68.0137390605562,1329.0042530371313,0
221.81042520343897,1.758031926057222,36.61520876686208,45.31171324319637,389.94980903997316,0
235.71007655838187,3.9859393776817122,28.24208753888903,49.19085431129511,939.5260758704254,0
191.23779275801948,9.68089916327761,79.70828408302212,63.546286179698285,1851.3537878981679,1
243.50916394490625,1.4928778058395078,22.487814575291782,55.67101617764045,363.5294263718846,0
246.3156240165133,2.86072977459052,28.614567903128858,50.029396245767934,704.6424395708833,0
223.77712184868753,5.009318441539135,42.78685501741725,64.11935876120546,1120.9708632711806,0
220.21641683407373,9.227055768327146,57.80149861454418,31.93087547831926,2031.9491592291752,1
234.00727777257302,2.3463930035181493,46.41645027016871,43.09001231623268,549.0730393378934,0
220.78042484873188,1.4415433772435868,37.44591422831331,36.7285440933684,318.26455926571487,0
228.43888209022595,0.6331983047068339,20.504218394634275,50.80850755027317,144.6471128686554,0
247.6856992912162,1.664275347020208,23.097764283082476,32.083516277086034,412.2172031398317,0
234.92589469343827,5.963596818883217,40.47934646879394,38.3344315629943,1401.003318267082,0
246.41385385234622,2.623816906102913,34.96191095275795,68.34261338574787,646.5448356357584,0
177.7868691838783,5.616912323893522,27.343685570882744,31.97789746717389,998.6132565453715,1
276.7181916441191,5.887322722119981,36.00815303366929,35.646641327881184,1629.1292972903736,1
241.8683467017029,4.400913140887274,41.3278891024365,42.1522850294547,1064.4415853642035,0
239.88696682158601,3.506661504039697,38.04152668306193,61.58913047231849,841.2023918741037,0
212.6371555742993,3.9568528202702336,21.863773121602872,60.66229177467013,841.3739287284066,0
188.52125825500417,8.547005731659414,73.6476204860058,52.24229340765846,1611.2922748451654,1
227.6996525467215,4.705153604192485,34.82377223423812,54.811152684033715,1071.361840853583,0
239.59185487744395,5.08858801512553,36.025696754258576,57.156120834388275,1219.1842412510564,0
215.06248546027035,9.653283607426966,54.59023582415397,47.81834753483736,2076.059165466128,1
161.72511152875316,9.147900845986516,95.60441999579469,45.926197783391,1479.4452845711448,1
241.82826740379352,2.682612792768435,20.095228945535098,68.38290350516263,648.7316037904425,0
242.78071674840285,5.864460155227644,21.992312611181983,36.83440797545859,1423.7778398286173,0
222.82797140165292,4.782109764925933,38.69398762258054,49.78359112039255,1065.587817938481,0
225.27933878761215,4.033360795023602,34.03956098311826,35.091701323803136,908.6328529947947,0
212.92207107242643,2.958265440027022,41.30088043025687,30.80094138078826,629.8800042725364,0
223.3808389657319,0.5574069822477741,25.711498131829156,67.63784773082618,124.5140393398646,0
249.88908818516526,3.911308877370818,36.31809236870805,45.673720517314095,977.393408976736,0
220.0618221253178,2.73223400484938,33.795532427012965,37.6796780092316,601.260393579909,0
220.86179074673757,3.4201892975504546,39.58440100442729,64.24584601145149,755.3891329498199,0
217.3491336136575,2.9625085215286076,46.83149229115567,30.39442913348558,643.8986604773203,0
229.08640185646325,1.5468003972444204,29.630645788234,38.998001755081354,354.3509373948723,0
235.0338666420244,3.4548627275057338,77.62063447286688,64.3891513400893,812.0097455630834,1
217.35492962883964,5.0808570574700616,71.7011395411014,52.55213564446577,1104.3493281805984,1
247.95383353868243,2.681016124212481,29.756635741239027,66.93538671962895,664.768225777505,0
248.51449336742968,0.6571072888677727,29.19033725606439,56.64771841065725,163.3006849810198,0
215.60258237435747,8.696549230726383,35.58196657926089,50.45182984984138,1874.99847189034,1
246.44941661790773,6.598815210437312,84.92725432462407,30.25980063997026,1626.2741589816517,1
232.92111840926887,0.6545485649622604,31.90735771960086,42.1347978228805,152.4581838041917,0
230.9875364837391,4.330495608625906,92.2737269264067,38.795319588293964,1000.2905123901484,1
224.56109876858267,6.736357372317571,33.31834880980157,60.203758691925856,1512.723813225476,0
232.8747875748693,9.788605786637296,39.00790877827798,67.80470029370184,2279.5194932172967,1
212.96636423096123,6.294450175440871,45.430435938866495,69.7035950373538,1340.5061686965785,0
247.46751706668599,5.87516866304672,45.3327899936026,52.76566281817073,1453.913401392173,0
247.38232290173127,3.308761641503314,36.16458101749007,47.84457228500751,818.5291408032352,0
228.82020315969308,0.8117891307665932,46.46144558023096,47.775752756630794,185.7537538248425,0
215.56751211031948,0.5220210118871544,27.35870280930929,58.18344128533401,112.5307708018254,0
246.35549761545872,1.8976467008151998,26.137808428753274,37.26031846485982,467.49569727766203,0
240.87221873912938,6.18772445309418,38.42488107848597,37.52799926719449,1490.4509179631611,0
229.03706789459852,6.703248685551455,27.420541154532284,59.26583615679552,1535.292424307027,0
221.91389393440087,3.4634535906437396,22.136201526236977,61.9474948372145,768.5884727608347,0
239.0164849277188,0.9442644144132657,48.65295668497058,37.72059941622794,225.69476117538954,0
162.8580552243769,8.064920283524552,92.33670571313738,35.33408027014454,1313.437232914439,1
210.89466137977718,0.8237512042922421,27.910263757864673,32.60021957643225,173.72473129039605,0
243.31100124909398,2.621081672590352,41.835024877381144,33.7563985932412,637.7380061136084,0
222.6698873302974,5.373393711530747,24.087560421691457,65.91533511057928,1196.4929723278801,0
224.12551173124706,6.676174620317271,37.35447079192576,44.63086075852088,1496.3010531857724,0
264.6217784426914,4.054020672895709,46.634543448949955,57.75031681396301,1072.782160305099,1
224.89875755648433,3.462282791055151,25.311243231797192,55.36003069663953,778.6630980175003,0
244.09461397048176,5.417592290375806,38.3153949227648,44.568088905980645,1322.4050987687406,0
241.0460745642249,3.6616591434420624,26.742501145320723,37.80698460160025,882.6285629189113,0
241.0864478482238,1.988416704452026,35.799267905755926,48.06185443892225,479.3803201184104,0
245.08619601484776,6.140358035531249,33.532282154745786,30.614650029388933,1504.9169930975572,0
234.2477414969656,4.125470934137402,39.54008317400617,36.16302929892334,966.3822489330634,0
217.3060647497509,5.378405874528868,30.172628397880402,58.395817335258144,1168.7602152208108,0
226.31440102363655,5.082724394711663,26.806115489944823,61.8114817918889,1150.2937269573956,0
233.50247088599193,2.7980675523281913,34.473544111433526,53.893972039114125,653.3556871745521,0
237.9325329576224,3.3190300651952374,26.06819545226091,38.55735131204189,789.7052303744055,0
222.0383086223469,5.367964663110378,43.82488126512828,38.09870168383,1191.8937945415546,0
196.67914996074012,9.413530563723262,91.67300269067239,33.40174485224284,1851.4451894025378,1
210.3525933317789,5.154829663098794,30.3331486528553,61.46610064305387,1084.3317878164114,0
242.77335009195446,1.3495386493640344,25.201194702725246,43.635061583357455,327.6320189846781,0
223.94811243371913,5.463705711400929,22.908541778801442,44.048680785539524,1223.5865809615686,0
247.6937403068543,9.972633684544025,23.542726953003204,41.65090089022948,2470.158938034835,1
241.05565474610904,4.37352427875877,39.33097101477702,60.300392912740236,1054.2627585641994,0
243.3283782764105,5.086528727170936,37.32025175589111,65.58941339132227,1237.6967862388783,0
236.6588078421482,1.8083226705439817,82.23974450408761,34.27025321977653,427.95548740486845,1
270.1246207218176,1.1537934993065355,47.74242427593085,64.07347235275734,311.66803139147663,1
219.15769344557782,1.2905487894206127,30.901774382963797,40.21713124184362,282.8336959684042,0
248.65637184493715,4.237197705992669,46.697931676702936,56.03515349983109,1053.6062083618278,0
244.18430250933486,3.5638927161244838,46.05884511531083,41.66307078303061,870.246657104956,0
244.21257857451752,4.318198564652334,46.6727719474688,67.51308827969532,1054.558406270527,0
230.03877207435474,2.93726956898444,38.775751912103516,61.74364788809294,675.6858849005498,0
232.27193537492687,5.106735769381848,24.03293248507202,62.56267623805067,1186.151400602688,0
247.98149748454608,2.7069379743495063,23.24437827011596,50.26004804147701,671.2705324769744,0
248.78106093296026,0.751452228671745,42.605117033219244,51.00409592568976,186.94708268939416,0
212.6336865803462,4.544085007128451,37.55660988172866,41.235330922703994,966.2255472002012,0
169.90475548795624,9.667079263087548,82.15306381141362,68.4797563946729,1642.482738477582,1
227.43361475490903,4.112963169942741,32.15468621258495,38.42316762019773,935.4260810938869,0
240.2367165850055,4.691450874131277,27.033465464241186,59.26431777474096,1127.058754021152,0
217.0080945169616,4.989342100351694,45.28361738341788,49.26157790786298,1082.727622090576,0
222.1099028188493,3.7150170982152093,23.959489940372215,68.2332331873196,825.1420866549437,0
171.5277748673761,5.753014817367787,34.84271718757413,41.9989563261813,986.8018304021407,1
235.9034235520723,6.541267342672342,24.608556605130534,37.20072180203227,1543.1073605057718,0
242.27597391678756,2.4104977383147803,27.617387740100845,54.79865165851336,584.0056871744272,0
212.40881457780944,1.0296848525102975,39.29038940554298,48.60494396591118,218.71413891043883,0
260.20147323986464,3.886112678802771,32.433438051064385,34.26855439975075,1011.1722442005979,1
173.08309770527063,6.237692382454012,45.9086900275986,44.86078300974293,1079.6391200877101,1
241.0058431091438,3.315021323413853,25.761259806770124,66.17701369268602,798.9395089741453,0
211.03228672764925,0.6318198294882298,38.669460693627926,56.467002428701214,133.33438341677456,0
222.80043956988254,2.706710447889628,40.40475640276636,32.32535164107314,603.0562775782028,0
249.9869282096837,8.343045387574374,50.8618582924951,38.936501797185,2085.6522883536877,1
244.99733297402594,6.081883184740797,32.10711177348804,58.09584570161707,1490.0451597210704,0
244.11824454694994,2.5478638005712537,35.71017199996955,49.414894848182016,621.9800383401746,0
245.6582025822549,1.5782065103064806,24.485259185620883,53.07638141291005,387.69937462550297,0
217.7847701729826,3.0396633746550568,48.39691528936231,39.864696907626964,661.9923894524843,0
239.60597574790364,3.412836546523537,48.12577960278749,59.46626940875162,817.7360307978778,0
232.77340807104378,5.001987382263154,37.76570541287654,65.14790335304303,1164.3296500977533,0
221.9954296022322,1.8899527817192179,21.133489041937853,31.72055857520221,419.56087970569155,0
192.05488999501836,8.140474611738963,90.66867370513509,36.99784054764119,1563.4179560647663,1
243.42770348770767,5.408024303790917,42.58828663050912,50.713812487476204,1316.462936677532,0
231.32122245953022,8.275797643460669,43.649716230024566,42.591424948678316,1914.3676277130212,1
247.9462463082626,4.669687398917871,46.30756795612541,57.042240200530124,1157.8314619946805,0
230.50752289315244,4.892353942256651,48.80756975604312,40.146778364867856,1127.7243883461297,0
217.73903397657472,6.352180692458686,70.931849692691,65.81585070573773,1383.1176876206036,1
236.63397458400513,0.9659159678896754,41.18638957895197,31.358852853318034,228.56853459589016,0
153.7381565067551,5.240916670060864,34.67870472511287,37.63795435501771,805.728867260679,1
226.7199303890215,1.0565899997354813,22.825090947417117,40.69318193450707,239.55001118976458,0
231.19642434243798,0.948417503681424,49.05293827677409,65.48674753178364,219.27073563492624,0
214.89354303848566,6.625618620920436,33.834253336421,42.44667859085743,1423.8026602713578,0
240.9097657818565,1.5945044389698542,43.02487500527921,59.977871517354615,384.13169093035805,0
244.63369154998327,1.3589319581040935,37.864370199970196,47.97372210007286,332.4405414762516,0
220.10244285078102,2.9198177692644025,23.244522680709974,40.063958790593006,642.659023694213,0
238.82671469840557,0.8155777768576105,39.535769244525824,38.85639639172759,194.78176102793242,0
222.03224644341736,1.9590736512859181,36.5609712751955,44.29505613791849,434.97752374312046,0
260.91100311930705,2.8013626692483182,35.933282676324666,46.32887290352928,730.9063441345583,1
215.2529299905727,5.824569250625493,49.88435726372576,43.18168534095528,1253.7555971301317,0
234.7215009870783,5.169869585781019,31.760886044107735,66.1971806792726,1213.4795490819654,0
228.01560305623724,4.703372895539383,48.5841154474752,61.78209177686822,1072.442407174773,0
223.2923964295984,3.558540452182948,29.435527166273157,58.007502433218264,794.5950253595971,0
249.57333147313102,8.545095295786059,54.99957980097686,60.66490660697944,2132.6279007247067,1
239.36498174627874,1.1764937167186051,43.68000447021657,51.29322410348411,281.61139702696056,0
236.23109207136721,4.670529991643659,26.284586681587992,31.215896592461046,1103.3244004780552,0
232.78047477377686,6.19793430940889,47.846503869427835,51.15220872627066,1442.758091160882,0
164.59316126885477,9.913107934665703,81.04810976335364,55.85010070628762,1631.629772965996,1
245.5553709633533,4.670382640741622,39.306634008692576,66.08704639909935,1146.8375418881146,0
226.420665614502,6.129836889900055,42.27261535614195,67.95902659859604,1387.9217487194994,0
227.87945160565673,2.5359097227446705,89.81943667415703,44.58167880355546,577.8817169405086,1
218.64754295481902,5.628909248901555,70.60652560443393,56.83040086846135,1230.7471767879806,1
223.87040287680276,6.105628289905079,45.62803077972592,30.892068195945743,1366.8694650770542,0
224.71328897283826,3.2017965097529197,44.96122217656328,42.39359086110713,719.4862243283328,0
161.90460910282206,9.918261865855829,72.15625761125874,53.17793676994759,1605.8123103708147,1
240.4722101981981,8.658191760629519,41.358261877397354,32.46721185012382,2082.0545089984084,1
229.43282235441598,1.0588292793148755,45.299970646758126,58.72024840430591,242.93018994470413,0
271.2336277872922,4.558676669948364,31.169444233227956,41.20212822466226,1236.4664110993872,1
216.98797405683592,2.6151322551423166,25.9832101103966,55.352616249197794,567.4522499340159,0
225.30355294683682,2.617895129593064,27.128426005839277,51.41833235837365,589.8210739395372,0
179.7765885614227,6.006267181938447,30.549049200135464,32.51503128457951,1079.786223957324,1
217.5468916491213,4.198783724971831,42.185306994711944,61.34553208591346,913.4323480745409,0
230.4973293027726,4.53627312580175,44.58442165101866,60.45554660419789,1045.5988404852435,0
196.6189195029406,9.553280148745246,76.84992509779931,30.992373201702634,1878.355620555182,1
215.66195403951292,5.117519708348937,39.8339176047715,31.75886566485819,1103.6543001382502,0
212.27605921990485,8.10498436790606,37.09691209477746,67.27302892246479,1720.4941416580298,1
227.08630722804176,1.1625697349869555,34.80718379806943,57.86188257142816,264.00366801327084,0
221.8684523411474,5.972837665140763,20.31091167041531,55.45882834200388,1325.1842488496934,0
221.93522054245875,4.774359909585201,45.040055653691155,52.33568465314695,1059.5986194828652,0
228.45604763302305,3.507939615810825,36.31395484413824,56.83835604174209,801.4100199634464,0
230.08050497599,4.32400050097384,30.30060159248156,56.73460906361733,994.8682187804949,0
222.69489332269808,6.757909758258119,30.442111125834202,43.8600354946298,1504.9519926997123,0
248.8390131944024,6.890022898694502,37.38973891028948,30.0434807921973,1714.506498997976,0
160.9950352805842,8.753671122032332,96.87396572526525,40.98547519267932,1409.2975911262263,1
222.10489140327556,4.480037001504995,33.14998326843062,59.0693934541337,995.0381317019231,0
222.95403546228013,9.273060618827968,55.26177801623728,51.31561313566395,2067.466286054044,1
236.57415810637548,2.4750300260831057,96.00365794450725,47.45102622558266,585.5281447086113,1
219.784506802781,5.476064301645552,22.074000074524683,35.89457608619645,1203.554091757483,0
245.70403158910162,4.619258032874639,26.66873161488664,32.136550529981946,1134.9703216276419,0
211.89594311724656,4.48269333762142,26.767398324832854,66.18624249635319,949.8645324806886,0
218.95753733238783,6.045444557630845,27.62106195342525,42.263963060995025,1323.6956524183367,0
166.4065507692255,3.0859940245531994,23.492009534911276,31.555832489873048,513.5296213203385,1
210.92427411149922,8.102263276213394,58.1703376606124,35.69144874443743,1708.9640001955677,1
192.09806981925976,9.47337175173873,78.91953128536142,32.34250842081914,1819.8164281893098,1
243.53176468003053,5.252889829975827,39.930045333868335,35.22595326786593,1279.2455299637988,0
240.88609325972462,6.093911374091888,20.396938375808546,57.37900407513911,1467.9385035759951,0
238.27491382173753,4.631538870758031,24.450435887569174,60.64487005380521,1103.5795252918974,0
243.05595094978534,2.2025400915134883,40.665555869019954,66.94757364087481,535.3404764478381,0
230.11576311761678,3.5102672206779273,24.728340471886042,53.612480419630465,807.7678202330569,0
277.0160520329903,4.06011627836819,41.570514635358045,62.03133653495571,1124.7173822284333,1
214.6171024281707,3.3465499650079105,45.27434114604695,53.8656562157494,718.2268566210938,0
260.0874796456602,2.6432309182322262,37.9288697958668,61.970638638398725,687.4712676445039,1
214.42165457666943,6.493602248220156,42.53445103467748,53.591184031123134,1392.3689382261462,0
260.34936260558004,2.1542385535748148,42.57416045161215,67.48353592425985,560.8546343235697,1
232.31603115242038,2.150225499806208,24.171773773817886,38.7592091956623,499.5318541977077,0
212.60538005775845,3.3224208750947137,24.056835528654915,40.90708209577926,706.3645528613421,0
245.31901999323588,5.102073650663382,46.05387736842411,45.3385133819077,1251.635707914052,0
225.22348779591067,0.6205632722086485,41.74112825445675,43.99089827580313,139.76542456487493,0
233.92564261482133,3.3356244261138066,49.42530104671695,44.250121715952055,780.2880874003669,0
222.46604402438606,6.938867371369269,33.353331041603845,55.36515243467212,1543.6623741184117,0
239.32096859454631,2.249865376191543,33.45839758489016,65.32532249309833,538.4399610374934,0
276.69605335909,1.3200939672991645,45.427220893707876,55.180412886105984,365.26479081482245,1
245.59854820548992,5.99469194629169,28.90835287860716,61.6595352937903,1472.2876389483818,0
242.9105574186948,4.890461517151128,22.63598992795828,57.32320693896541,1187.9447331658564,0
233.78200404580178,2.3906155783430405,27.99491600038536,60.5014044821608,558.8829008081494,0
227.85049007239596,5.0161284908921004,22.38848753982313,53.78193530446629,1142.927334915873,0
237.36914843552103,2.904532619486781,33.46939322191519,43.19877255778775,689.4464344907705,0
178.57611625282584,9.634996513051334,85.23352560853363,49.83360124416096,1720.5802574102265,1
246.02903240495934,1.5932381732578167,73.51321694515833,41.97387105938709,391.9828461572656,1
169.36852263039162,5.989840241015985,46.88085095974979,46.584802495859115,1014.4903924129462,1
244.4709535915742,1.6328114102588445,38.656458916711806,30.99883601736525,399.1749625011828,0
249.438412084614,1.15450840717472,32.71079455998927,42.28599800759809,287.97874382399914,0
159.50795041224916,1.487126722302587,38.814151821833526,43.45474847534839,237.20853547777168,1
211.28479024271257,1.3670950286536812,40.5911669831793,38.49482621209991,288.84638637094815,0
276.59915018312364,1.9264896660399542,44.68344094598504,51.611769706894655,532.865404463221,1
226.28565538223646,6.921954450903009,43.50668049927278,53.00345445540461,1566.338999448576,0
226.71246331606,2.2098348410775923,22.13003238516171,51.6881755487726,500.99710034235494,0
266.86861176038985,3.405416335474756,42.83331765455774,49.3015362986669,908.7987299143023,1
166.62814313139717,5.721740862874249,36.38073779962251,51.88112585697791,953.4030554597742,1
225.94398650873822,2.259769260741261,49.98005368493346,42.33420282529241,510.5812753617848,0
230.56347499517096,6.278084227898763,80.65801654172,34.37046226363429,1447.4969158967135,1
266.7914628241634,3.01133908128143,21.26134388227834,53.92951039407586,803.399558554645,1
225.87727449537394,8.34821849506647,35.12606453169845,62.15774123104208,1885.6728405574868,1
194.1826067576496,9.371708984802984,70.53635452104454,38.64931577563965,1819.8228804431294,1
232.81544398304908,5.417104912462681,23.317375612059784,63.53351282373541,1261.1856852977553,0
237.598760485669,6.8141120159562005,22.510429647430918,66.04896091911158,1619.0245688016964,0
225.7183522654673,6.034351526152244,47.18762710213605,50.254866941805815,1362.0638834736924,0
238.3258933839423,5.912931344942642,23.645335086129986,62.4027723291691,1409.2046453013706,0
228.02493700432677,3.2553483879804888,35.27634755738128,67.80202213578414,742.3006110963877,0
248.12710153052558,1.6718858490016637,41.72407936497899,62.48958154434989,414.8401898026848,0
234.2768912090616,4.171283077060185,45.82791447736088,62.86586388658,977.2352316466287,0
243.94350628123513,3.1914460263628763,27.610904899874324,64.79074272055703,778.5325337782753,0
242.33458760707265,2.2121234777129892,20.117879642666534,49.81836771611778,536.0740307075006,0
240.17503822099638,2.294488384451167,33.309369398104366,33.48134260366217,551.0788354331913,0
241.25960973034287,1.4853214273650766,39.41478683380872,66.69703411218005,358.34806789021417,0
242.44086757168907,1.2083155904754528,27.521954780061634,65.78155408962364,292.94508005526654,0
230.40276755802833,8.488460234019168,33.40439440147776,64.52217572463796,1955.7647302242851,1
231.13408490204944,6.749538483831565,29.6264419710993,49.181645004249134,1560.0484009715751,0
220.6319768771469,1.906546285632315,91.02113728562105,40.30624707228779,420.64507600683925,1
187.99820037328817,5.8338215516495096,31.326362689866713,61.54745716925696,1096.7479530090113,1
216.68400351062536,0.7170558316280731,31.5715013828306,66.14237214789128,155.37452833781177,0
218.26052659719136,6.803835104066762,20.750123385517764,61.431286015750175,1485.0086326940677,0
211.49951827478637,6.465716511362293,24.189269906287507,52.071171349027814,1367.4959274544574,0
212.60771208738765,0.8244961568119641,23.466700965090162,32.8546805555752,175.29424152463568,0
163.7156836539592,3.510213460792043,47.8684020671787,66.43007250952589,574.6769965048994,1
237.9670972584629,8.044984659271082,54.257721785817196,57.77589309919654,1914.4416468556035,1
268.01315696875906,6.91708186965217,44.63370878353173,47.39920791552181,1853.8689488968446,1
262.0033865247466,3.114586153316444,32.089184003701824,30.66148498242683,816.0321197919919,1
267.6253143817809,4.005632150499367,48.5343869421624,60.484338667897504,1072.0085635751623,1
212.17464713760734,1.5953838489344359,33.67773272958251,62.55303600394817,338.50000519670175,0
231.5398660298024,6.296731759553164,47.41388778279887,38.63099985770758,1457.9444280325415,0
222.2164212388606,5.022715046367571,48.53336602928799,33.081279999364554,1116.1297625063794,0
245.36588851942886,5.362944249170417,49.76745737466726,45.871715258626125,1315.8835807778607,0
216.892473491898,1.2530064918827,37.36154031770714,44.571400051793304,271.7676773258446,0
245.47948278093278,1.789317043620665,42.45753041010599,41.28914384472445,439.2406223991086,0
275.1214322044352,1.5887132434030746,33.4074736357083,59.360174023984186,437.0890628872074,1
221.42659955386893,6.120985448599285,46.55357962722938,31.79741809810905,1355.3489938020525,0
214.69887761091437,1.6680051152334696,49.105631729188175,52.06620995161826,358.1188260898898,0
249.37869492370464,4.120214844094781,39.833537820365734,43.31082184196721,1027.4938006256316,0
233.77637535236292,0.9536075960030209,27.676486581343255,37.87246997841228,222.93092730206666,0
231.47605082081688,4.146843456905215,31.518176691117766,40.74909877859163,959.8949467765634,0
215.38636645537827,3.8709977056296716,43.042219574318594,36.571919358098896,833.7601303726809,0
229.73777117130953,4.432881266718402,87.08298049284564,46.41972458165367,1018.400262082937,1
239.805309939936,1.325865724824883,23.116213708364313,58.40580150386013,317.94964108036896,0
222.2709100541133,3.5889785355113117,33.48053950188638,58.34316500259997,797.7255252527781,0
235.77584649127462,5.141353149260473,28.77838182270396,42.89333247201895,1212.2068908774686,0
222.29848692134104,6.902096148310612,44.421557792642886,36.58618753024118,1534.325530355065,0
211.7113307298907,2.0864124317790145,23.428738575105697,51.33352459570288,441.71715238332246,0
240.1788590000895,4.498601707784798,98.07613875893374,64.70576131648,1080.4690252716066,1
213.38508782080362,6.637670757696734,35.5186030330378,32.97590497487794,1416.3799575566977,0
219.9476723788454,8.863433770053222,45.36202033226878,40.27943751415124,1949.4916270072606,1
210.4093542563503,0.64403698103939,20.25049212541309,34.414202262315015,135.51140529770737,0
218.84886056729198,6.914177862169328,29.1801831562683,35.09683133437596,1513.1599468953523,0
244.31829821590034,4.907392449119889,28.88246267406351,52.4646463916582,1198.9657718465305,0
238.48766913012815,1.568112248367537,91.96295109468075,59.5737733182122,373.9754350475785,1
219.137451839915,3.249735164034202,45.38829364008876,56.80806517362505,712.1386830010232,0
228.80995942639905,9.744059469685734,29.001615961767975,49.07180895601533,2229.5378519072124,1
225.8030530155277,1.6513804561545165,30.908832463134708,44.93856867170888,372.8867486898646,0
233.1179896339137,4.16441372302035,74.81152401531014,58.61827821439266,970.7997551143859,1
222.00768737222657,9.512890952735063,37.36261044790516,52.338911664645394,2111.9349206408883,1
182.7881852814164,8.443186860878894,92.69868364269836,42.382126776106034,1543.3148042919518,1
227.45404777214446,9.57982400340569,52.716585041866594,41.61926422435775,2178.969746519374,1
247.43820614914415,1.5708167493612675,21.264512508888025,48.16221290438197,388.6800786509818,0
279.9818153559462,6.034548991912633,42.19109403343454,64.82905226608781,1689.563981610094,1
243.7460902611399,2.197324507849463,22.931096333032247,54.63728028346675,535.58925782329,0
227.05763181169726,3.9238610407953,30.841478346966277,55.04238125771316,890.9425954811625,0
248.79565367527053,6.510608448296208,48.05810487745801,44.600139823348734,1619.8110847175938,0
248.16522412230302,6.365249366779313,43.70733427703442,46.293263593903696,1579.6335357011355,0
241.71649896866592,2.2745779710102063,38.79348104684334,63.11737299407427,549.8030237838387,0
183.38433438220633,9.977351086291588,88.0596338394163,61.42471016074575,1829.689887857166,1
185.1869060743955,9.973827428436424,81.94129522312286,43.27625139589987,1847.0222431920856,1
243.02434690030375,6.589030671899512,44.09372498537115,47.066959224632186,1601.2948757444485,0
244.25197306864467,3.6889629740263064,26.500599311161782,36.788937589914916,901.0364849831008,0
238.72951979925136,1.2221318574989382,27.315172990878214,41.91505326091173,291.7589514720886,0
225.91829109183078,4.8853809481505515,21.669159779861083,34.957567770577576,1103.6969151387605,0
223.4785915138732,2.422786857883838,22.010842371125683,65.82876698992006,541.4409945382026,0
214.864726272786,0.922798725291414,49.24617600293729,57.2469020175802,198.27689551461552,0
238.0692416302314,5.416156612121034,43.39886607166338,49.11509222612231,1289.420297198218,0
210.441123370756,6.522621248421947,38.099236351668296,38.126157487598725,1372.6277428398776,0
262.60656729179385,1.6887758019889845,21.44006907890388,52.683198822941236,443.4836162857734,1
239.37534565419801,4.960624583073797,29.543322272249508,37.072066658562576,1187.4512242340022,0
239.49261095252388,3.4278664702685657,29.70589742534417,64.2661206322525,820.9486909612309,0
230.72009345586338,5.331964572341502,44.46749420705865,57.44292621690878,1230.191364433984,0
225.1719517068875,5.515822098772564,35.537214819208586,58.17544314069505,1242.0084272485988,0
261.8167636212283,1.773623832518903,27.188294960846157,64.3811082098996,464.3644517115786,1
163.3630886967139,2.63467864665299,36.47467072370718,58.87412642132449,430.4092414405105,1
160.7892838267362,8.235106523250876,95.3309647363929,63.79656340073013,1324.1168801103918,1
213.51812033474917,5.082307169746838,30.803950633216232,31.818585088197032,1085.1646738481638,0
215.48859247856097,4.3292562348798045,46.94352750810684,61.7228813329383,932.9053325332834,0
226.8862065970992,4.521398608947623,33.314382229402426,39.84396490305264,1025.8429788975272,0
244.92975782965283,2.923657149425593,45.24615403074011,47.24328185933962,716.0906375857437,0
211.13297430188112,5.019312858888167,44.225075753414686,56.54227678234244,1059.7424528487368,0
214.13173870210574,4.223581885520507,32.04548762553806,47.163911339423585,904.4029326972243,0
217.0089716946446,9.549443245218683,57.871646891264824,34.01761671447864,2072.3148589012762,1
248.40050629010875,0.7455974417796007,49.32897009651417,30.18577932339955,185.20678202666272,0
278.77177716354595,2.901671731813513,39.62918964602168,33.20130279063746,808.904185422877,1
240.94717385917002,3.936458048912328,47.839071853611344,47.15005633365417,948.4784419006079,0
191.66300385571964,8.2305825197672,97.82928116525785,62.84568365988841,1577.4981692209594,1
244.96728933175814,2.2123779360792604,26.160196380171694,40.56975747248849,541.960225978726,0
261.4162940277153,3.401314573232867,37.30766415798931,64.19667834239084,889.1590505569962,1
230.40554167641608,9.335347902016574,21.050272752396243,45.06954981323818,2150.915890101923,1
220.10380372476533,6.725076695542167,20.904841145205168,68.32348750349692,1480.2149610296065,0
211.9528816770148,2.4010812159531234,43.58846921870676,60.09768025792212,508.9160828618152,0
217.87160534367197,4.676769452729515,33.74248069027192,61.69159813323609,1018.9352684884258,0
234.41647443042285,5.2493680795591935,49.80158336086007,57.151267769473876,1230.5383581978656,0
214.32744779520155,4.66595903518649,35.69549202554648,65.96581153780065,1000.0430915284815,0
226.17498798283282,8.45260857230247,20.69303887022788,52.99642352828425,1911.768642264101,1
218.33307670912166,1.3149779863971232,25.687864705300782,31.27156598220551,287.1031895748494,0
226.05588465250776,4.149909892025443,39.108728540623986,68.89938249104637,938.1115518700044,0
226.7167073932575,2.098336567922127,34.301357955704425,66.81889202455552,475.72795768217304,0
268.82491752862353,5.026674990246615,20.971261318232244,53.44954688119578,1351.2954896962408,1
223.8656172785277,1.8098418152567046,44.22666652997903,32.154484578203856,405.1613551489333,0
227.62086975936586,2.141604558155933,42.36357240521061,55.367603076847644,487.47389220807594,0
276.98141749806985,4.698876151247466,25.595330375121794,37.08837519284958,1301.501377020398,1
211.99161012750835,3.101136434385066,73.56017476215412,31.15922360999905,657.4149059503703,1
227.24983164721107,4.96521444998064,28.67847273325889,63.98701229604499,1128.3441478504,0
248.72912203846974,6.70201185138405,43.19828668000445,67.29621984586473,1666.985523686174,0
159.45894869465226,3.072521201060792,42.587901980145844,46.982449528262286,489.9410005631842,1
223.95979741207643,3.723119534110314,87.84905072024411,68.95762334293029,833.8290966002902,1
246.9257555086743,2.2508199681732117,49.67223396421114,56.81054747310367,555.7854211551805,0
234.53561712254418,2.271452598761344,28.225215725344,34.542181753739754,532.7365370150985,0
223.90686965875645,5.458560606326416,38.239135027944876,34.10338241324083,1222.2092182051515,0
183.4943282487558,8.904365370723388,93.23650982421074,38.3633936863492,1633.9005421823715,1
216.24976457007668,6.7239269807705035,43.36214470775492,59.46889706005586,1454.0476265780078,0
226.93345769865527,6.501335702070441,22.18751035781016,62.13036286715807,1475.3705905305596,0
222.9611182253539,3.876293238287504,43.479650331667386,63.541396306149466,864.2626749779602,0
226.1214195573874,6.652265739120866,27.39563887518105,62.123783035225415,1504.2197722029832,0
225.07580067540854,0.5088918983629892,33.39797904045881,41.068799901691975,114.53925148127843,0
213.0063426135234,2.7591291275254126,38.442721662219455,63.50077261459094,587.71200425263,0
226.98575885236198,3.047714910923989,35.40182027625547,62.383490832382115,691.7878818217405,0
243.86619654009178,3.8705864144483555,38.11542095543814,47.49532969971959,943.9051872712718,0
178.1140329358413,4.6842616418353815,35.307879386619476,47.351376088294906,834.3327323539652,1
219.33581806913628,6.61818391715471,37.66383587540689,42.44769777417506,1451.6047836011292,0
242.22739155507568,1.5505043947469335,28.785068673807814,57.18032090946222,375.5746351342311,0
241.70006727445863,1.3479476666528454,42.880585113638254,32.73406859402265,325.79904171244226,0
245.9289407532865,4.2787049100599415,30.554806912604345,39.30378547855402,1052.2573663269275,0
230.36008734146952,6.945385540944904,49.49647959961237,55.400982645664385,1599.9396198322477,0
229.64563876538648,4.9361139305396025,23.04723632706144,43.13408295242873,1133.5570365974895,0
212.9344303806768,1.7729550723125194,34.5575976377968,61.39097284651157,377.52317841339794,0
223.4190644224348,1.0352944371889279,36.50886569549389,40.85074345932707,231.30451455850144,0
249.08750956529673,1.223543089604076,26.3637619616582,48.92378152397499,304.769301035308,0
173.34859393903173,9.984076947557188,73.08498448192472,32.11891624184403,1730.7257006381385,1
155.33586355763236,6.279432599846754,35.32139860835094,33.29174164071904,975.4210855491441,1
210.36439775528805,5.54414415986159,39.5175495993837,38.504989974540294,1166.2905472577809,0
210.3122677795556,5.008944797312832,29.680044125291577,52.863556611868766,1053.4425395054682,0
249.60951536349273,4.796370316045398,77.26265998856515,47.47111532085031,1197.2196700919344,1
174.8566764797293,8.078780325779373,80.89738535686531,54.425710036865794,1412.6286777756059,1
246.9613796972102,1.0048706862734509,47.90020159499498,58.28550071742746,248.16425109937387,0
225.63001390836374,5.315260870762837,38.04413302643622,56.86571685819781,1199.2823841968004,0
229.51253927230397,6.934138646246307,26.417686114991533,46.71424746088526,1591.471768366206,0
240.604460417594,5.466082066827185,28.773363829921877,33.25561266531932,1315.1637262872418,0
227.0980213296994,3.1671943631825106,49.65169635919589,48.79208302790718,719.2635730453255,0
245.6491776412587,3.69194167274826,37.97526905631733,33.826748417128506,906.9224358101031,0
247.76894697895148,4.331784997140265,30.33505565427385,55.02668722526373,1073.2818072806638,0
277.77573533432434,2.967697409928917,32.68610347190413,56.77922985543725,824.3543302927746,1
242.8061463474259,6.2186873725274765,45.71601002973602,45.002175475421446,1509.935516262796,0
210.49553287615024,3.09606976228308,33.81280467099805,66.27897172273914,651.7088544335128,0
165.61294079071305,9.174733558914973,76.02922098373719,61.602965078530985,1519.4546056631534,1
273.0926405183419,1.2943502044518593,23.10811608708656,35.143472517250935,353.47751508921397,1
217.12937693077288,4.975170643525136,44.925117534774586,46.35255560293641,1080.2557019528851,0
218.00065045063306,6.826320985617152,30.49992568572855,63.834676248193404,1488.1424150493458,0
212.68270606161155,9.300614314614512,24.80362826286205,30.226520021031867,1978.079820467575,1
246.64596785788228,6.405012842692559,26.774731632921014,51.88244859194505,1579.7705917280723,0
225.74311280583032,3.8994921642677474,93.70647284655833,49.091105301329414,880.2834995237455,1
223.4931812441366,9.266213645435464,22.00852485830291,54.34755042117272,2070.9355657061997,1
243.22333300457805,2.81042151327311,28.446615881845872,63.6355590684594,683.5600876060558,0
225.8643519733738,2.9050230137377038,28.544011227486525,66.47017328005907,656.1411404656038,0
238.58749797739816,4.163794798772764,97.02603683204738,42.51782469393434,993.4293831304977,1
230.03021098963944,3.682145890479437,33.68316198551638,38.225179021291254,847.0047960816187,0
245.15203832343707,5.091237660980601,86.23203575970467,68.42951355597886,1248.1272901784425,1
239.51640214659957,1.334343983818786,31.455343967702472,53.41938036683915,319.5972702302361,0
181.42103530782398,8.460843943628674,92.31210444857336,51.12233687568498,1534.9750678310465,1
220.7518838466791,6.991540131968365,22.15131562654798,31.7424272228968,1543.3956551216759,0
248.8428983451128,6.865048094079899,39.64783204316408,65.20426668825618,1708.3184650094347,0
248.88168376706494,1.4281015259071703,23.033755645449748,34.488461569890916,355.42831235809126,0
241.2389760287221,2.883336656185115,49.33687963358379,47.37680552473318,695.5731824841768,0
228.63866992744548,4.913741575245859,44.96677341513136,48.35073159826372,1123.4713381314039,0
220.69378848635412,4.698457421635841,49.57915831851031,31.962142903511754,1036.920368422641,0
260.31221244515456,2.9097843150000138,31.04064408317677,45.02355496039696,757.4523927758621,1
193.3139616636577,9.228820018634332,97.39736858464948,39.278738086311435,1784.0597592830738,1
210.2435012390236,3.8011032445039596,49.949207911459645,57.79861075274556,799.1572546955249,0
245.07434332104685,5.581194728921738,20.462454982296176,62.674419221640896,1367.8076331373832,0
215.98693858334406,1.9711504582909847,34.05739413125417,46.99471708272044,425.7427529734254,0
216.8887328882813,5.4545001326741005,49.70329351204751,61.11166321678762,1183.019622314648,0
219.79235845648535,1.9148281944285985,24.100852234671088,52.05322198769205,420.8646048924351,0
238.2201064265255,4.921386911068842,28.769999338501474,43.21244021587386,1172.373313720929,0
223.97790563134512,1.8820507325255347,31.23008461090219,40.883366303119104,421.53778136300815,0
243.20555609106614,6.045224029520736,26.592509005006384,32.590887981008066,1470.2320717946664,0
261.2827050447477,2.357617508550611,43.78706834988907,62.17585787660808,616.0046800949622,1
223.4365538042676,1.3725497241093332,22.225178908547672,69.68686857793638,306.67778027998764,0
231.68386036793277,5.475740252634447,45.202314790631725,62.2685907217891,1268.640640102428,0
217.47231592761995,4.756884463765902,31.272780434118886,69.29930604244427,1034.4906809352851,0
248.26195634916826,1.8094021306976598,45.9187108434507,42.85409223260901,449.20571278935444,0
161.87979564557665,3.1624708381076685,49.66512898340281,61.3183106386912,511.9401330079649,1
244.89652705946807,4.616471621591364,46.717812803657274,43.668387485209124,1130.557867396316,0
245.84908229232434,2.2717253834389295,47.46502628736246,63.13998848577077,558.5016007386395,0
184.64394248597418,8.37803413466911,75.75662649154286,56.13086263330975,1546.9532529073715,1
222.53622245898225,1.471307363923124,37.40529109389601,56.47060618909583,327.41918284353505,0
213.56999006546337,1.472101941651387,82.78454645352171,67.8337763625086,314.39679705383605,1
220.26966405366198,1.155777213688083,38.16710821681791,57.19491495788699,254.58265857995156,0
244.44520972179126,3.6617679276694663,24.033711223011935,41.576205228176505,895.1016290316917,0
234.5248789496624,3.951520343329256,40.488932560660615,55.49563401493197,926.7298301864222,0
241.14405434802225,8.497414311932936,47.12730338356272,66.08776473530702,2049.100938654418,1
241.16416749354588,5.21113045777033,21.785785906154675,53.260332384962894,1256.7379385484423,0
248.69276688922366,5.774148767554266,23.291714037413605,34.87007990590713,1435.9890334330712,0
223.79556696692734,0.7268880839752103,36.24924523499159,45.513803987433874,162.6743308747357,0
242.0768156902393,6.447998974312239,42.697818020423895,62.89689240065109,1560.911059275436,0
220.54291803674403,1.8554290119447203,42.95190294096692,67.91668315737988,409.2017285043214,0
235.5479637953269,8.775319801117599,37.03046459721221,33.012857286696196,2067.0087108060634,1
237.8190241675631,3.3497877980726742,36.56645204163888,52.30644990489665,796.6432653060533,0
229.0357004331796,3.5599414408400647,31.65281663683571,62.82701533604282,815.3536814039069,0
234.14578098023952,6.32088078247537,45.98700868576768,65.6168881511666,1480.007567295683,0
211.39929953232252,2.1969341993196396,28.36122036862126,66.37441306899872,464.4303508547756,0
213.26815838408916,1.3799608740721574,24.67028376625926,55.21686992675693,294.301714255467,0
271.302453419661,5.337823146657849,32.58961528013032,33.863063228226565,1448.1645156085292,1
229.16094926436696,4.3953952844309185,22.365470917118763,41.476141956484085,1007.2529557723116,0
232.51182140833004,2.310135964278129,22.8694579866802,36.594269637862006,537.1339207551966,0
243.70779776891047,2.3480779653588946,41.440752017442705,52.71354985357223,572.2449099273202,0
240.5598819727817,6.951559709848665,80.36189986190789,46.441631222984455,1672.2663833279394,1
218.16292233607228,5.007067516889455,47.51136770463428,45.78419806644962,1092.3564818186244,0
221.40397997531977,3.4578360812529008,28.719509880961052,39.34316332487465,765.5786704916554,0
180.2102156100364,8.494689342286687,82.04044012715555,58.75456291535244,1530.8297979137624,1
186.2009878562036,8.891699268397435,80.39733963627337,63.43696292111254,1655.6431874958853,1
269.6772270058124,2.3105387719783574,38.08842892071813,52.34293686833064,623.0996889165385,1
244.53214059380497,4.7887865818723885,41.636153748858305,36.026389528306744,1171.0122337121456,0
169.83308530532867,9.45764436018549,92.43329914816303,45.898157026681076,1606.220921410843,1
230.85083227567478,6.489084322001276,39.18850197296186,36.916899905090446,1498.0105164410274,0
227.0881210912734,4.344937182809924,42.02192105069324,50.597894060577794,986.6836211039164,0
262.36803168283006,2.503935880249417,24.19221978693063,45.606828610868924,656.952728361054,1
239.31689038522276,1.2066083675829826,42.56178105351105,31.8281929855435,288.7617624427492,0
241.6785996785841,5.328048167201317,34.2897834175659,31.999308603102072,1287.6752200692608,0
226.26896415896394,2.5574329762868033,39.21231910479602,47.464582488069055,578.6677104503912,0
246.63801882049378,5.560205146446963,21.691345738716574,51.002554807627824,1371.3579815551925,0
243.4915943623394,4.484590746837817,25.173474007192056,30.82965371224803,1091.9601510101345,0
230.2946188825932,5.27342761139903,23.625213540018773,38.8513626365983,1214.4420019720833,0
218.7230712824461,3.0436876574665312,36.78845017295228,57.397469929652374,665.7247124655536,0
269.3612172559093,2.3983005911476933,37.65931009148185,66.9270411382532,646.0091665771096,1
190.51333701210137,8.734149901490069,86.35717524182856,50.654652741941476,1663.9720436967896,1
222.86353056896195,0.6263285086849629,23.32117066419533,62.474328916391116,139.5857827415236,0
212.17640511000712,9.31331391324569,53.48031183212469,44.93261625463764,1976.0654657734833,1
266.5078084712248,1.9044219581870103,38.61677586256996,46.794783634812276,507.5433224808986,1
240.46699621576735,4.047069604214165,38.82891064705363,67.41001257577332,973.1866712015147,0
224.36655754535812,5.16507185111069,38.339165511661605,37.14131618158859,1158.869390708136,0
228.7135205249886,3.226033946794531,25.348244249661224,66.97720367137049,737.837581304501,0
165.80261578561695,8.241374610323945,88.83395943109113,30.004745796434,1366.4414680608795,1
225.5821254250438,4.993774117795056,40.851181294922114,47.20473094430763,1126.5061793847817,0
230.843847183205,6.85005420918255,24.873806415104994,54.02669070822422,1581.2928670612068,0
217.77865378630779,5.374937808921072,28.26524059795986,45.268392763741666,1170.546720211958,0
219.76817892751797,3.2995846560396336,34.20037642782855,59.7688669123723,725.143711075011,0
219.48309150224858,8.6473255620716,39.25241514233173,53.866516277299255,1897.9417475898942,1
233.699456185277,2.4356159759904425,21.66472163213182,30.10110199327636,569.2021290651392,0
241.69002800656074,6.749303530491691,32.80898597843658,50.50735813799771,1631.2393593093161,0
232.04125410720627,1.4402568630453494,38.3364299359649,67.33034670323416,334.1990087375537,0
240.5825487222841,0.6527657483191063,31.264917239648632,34.429940313220364,157.04404744921962,0
216.94147678555535,2.926482435798768,32.52568418322591,42.02364491123674,634.875421409174,0
246.75408205035637,3.10386993168427,25.770294694250644,40.82891032783934,765.8925757964545,0
228.2004412922783,8.299273443017853,37.98909233295127,41.13968013429547,1893.8978621019598,1
179.13963439580874,9.075211413452827,84.75749259257131,62.096731487148126,1625.7300546706101,1
215.06633863673048,2.7519334977298926,30.17230545160659,52.62528771171715,591.8482615285393,0
214.69087078215642,4.74893732677138,45.53110815605068,67.26432381863697,1019.5534899744338,0
268.0139856248651,4.128532254089944,43.36965517698826,43.604357460114755,1106.504384199454,1
233.3974447335619,4.823826672626937,41.38154008875649,65.2795036306452,1125.8688192287273,0
213.01419584915567,6.729265793601124,33.05035782312426,54.93030038692525,1433.4291416791739,0
231.86054834804816,1.8341739432857556,42.654291503484245,62.150078972163264,425.27257625593705,0
229.54244642339367,1.2405981903319045,22.518549844993515,43.58259382254115,284.76994363722036,0
248.14625803853085,5.593547825882293,39.7977288577718,50.70592356070421,1388.0179621522507,0
249.13826688737134,2.9377645385613653,23.207768073417345,49.751955828629846,731.9095656603567,0
210.4386366422579,6.317774468508398,78.14452652499575,31.558894558736924,1329.5038457661728,1
221.33870887644025,6.396560933043081,93.72461970443732,53.27950083801434,1415.8065381692336,1
223.0337636329971,4.232485993129806,28.772087021800914,46.090912555618466,943.9872805716841,0
269.99644515497175,3.3253980297989925,38.39216929648145,32.23862229048028,897.8456467710748,1
244.83562280106668,1.887499854903297,32.791696843082754,67.57923550859502,462.1272025121717,0
224.33470529329594,3.3634882128019585,35.58358299552669,55.27965376525876,754.547136976402,0
185.25899106785087,5.746684709208637,36.60001017268311,32.95481671629871,1064.625011213038,1
224.66834591568977,4.541161703824977,21.947708689395235,51.20774218001893,1020.255288534033,0
176.93683200987482,1.1100919700417955,42.670453311485595,40.61369899227733,196.41615641879616,1
231.11639311775696,1.903516406103224,46.534139407265826,33.41475117306261,439.9338460190526,0
243.97689077819558,4.502985313738033,28.769885475279004,46.83040831105843,1098.6243560656828,0
185.72554873517734,3.054596850294261,49.94593637863572,30.14018654124233,567.316676185646,1
242.95362060684775,1.7965074644148382,21.823078051887226,39.48592292946009,436.46799292681266,0
239.2226508173362,4.558180922582836,27.128636526812613,50.130817924023376,1090.4201232052772,0
235.31728714175955,5.320468964068013,74.82560494447857,55.30637503718159,1251.9983229464126,1
221.7306434297132,6.487530210571758,25.151934887056075,32.610799698013096,1438.4842478597786,0
244.02472834109085,0.9983704827938847,30.666060956912254,65.99099338237305,243.62708584754145,0
222.42674023647785,5.559733974982075,36.29632961416413,63.29332562534332,1236.6335046372585,0
246.82216685518893,6.576926664348857,24.65939060440119,31.35501857627,1623.3312905422547,0
260.86427399099995,6.845905823226484,20.515189719871085,67.90606612324356,1785.8522523867357,1
210.40361620087526,4.9795220062093035,49.41620912094062,68.6250289135037,1047.7094370582747,0
217.2499122426462,4.176002945027791,39.11914479284973,59.57671654663463,907.2362733323196,0
248.36028347057737,4.651805165880046,45.411407566116644,51.60262861136687,1155.3236496478644,0
249.08731626379983,4.283788910328934,46.006207483975366,68.1316958546516,1067.0374831144618,0
231.957547140747,0.5228205309192291,21.20058922217018,38.03404864204465,121.27216794684746,0
220.1903518079938,2.4820751450347953,30.80196480652185,46.82150760275506,546.5289993990889,0
211.6944772781113,4.880638918974652,36.12004474529233,47.76576808880478,1033.204304735545,0
243.1071762881416,3.28000390925533,39.23358395155938,68.14288895340636,797.3924885931291,0
196.4716776146641,8.349678578631146,95.03268537533035,36.00859581867703,1640.4753578868851,1
216.02163253058143,6.500057825056292,36.950248479584936,43.170953565603504,1404.1531029118405,0
224.84768944583976,5.082630226647276,31.548526517856416,39.84376544381776,1142.8176627692249,0
226.7128741134848,1.5777405341969,24.619639708323703,58.29847960887419,357.69409111312405,0
184.05504845772643,9.219962985628943,86.81420446520505,66.58782974084858,1696.9807340983791,1
226.1493201641972,6.105472499407781,25.43188697347893,51.7694703044167,1380.7484550222716,0
265.40836820804486,5.156244106860647,27.60361081611094,44.25462373284153,1368.5103344842319,1
244.2520077478858,6.237216964826776,28.907375237462947,62.9435929668252,1523.4527664181146,0
213.96077691580632,5.4274965823984775,37.893387466965336,40.975297746830016,1161.271385477862,0
249.02493481929287,6.106256765805093,44.29394988121294,35.12070834566663,1520.6101930944794,0
162.1809023551312,8.659462214292425,83.84977542284246,38.19284988303418,1404.399395824108,1
218.0348294276663,5.532693694810933,41.37733829741782,55.39806063043927,1206.3199260236267,0
246.36163765256944,6.80196151997763,25.20917937876236,38.92050565647512,1675.7423793114494,0
213.6500227712898,3.3369145923502335,37.453737943331305,50.882942845493325,712.9318786414766,0
231.69783224308827,6.7322062026825105,26.18052212874128,56.193254335760145,1559.8375833750106,0
212.6566561792574,4.086883457453302,23.148175409838483,30.893871537074293,869.1029702563416,0
232.59396683998298,5.071716204373061,26.0743569242414,56.73037748832698,1179.6505906617522,0
234.53829706525028,3.1777379193226927,39.61398528000851,69.8021100991699,745.301240117616,0
192.34432127637825,8.471672103799742,83.83811599456814,48.901225412436034,1629.4780208813888,1
248.1866440450067,5.028446217848159,36.17598005981905,50.42060373554594,1247.993191568541,0
224.88747588272392,4.873026545739198,47.73710659060201,62.65856237567354,1095.8826397807973,0
227.35826502759733,1.0389638846331648,23.065169691067425,48.809215479948605,236.21702623652914,0
220.56108382787656,4.678087479708618,41.10142056740413,41.96464526447831,1031.8040447661524,0
213.9622573686395,8.637596723501103,22.05081329852613,45.82679656385264,1848.1196932002604,1
232.4653013313752,5.003254560019154,35.96359580614119,47.36946786445583,1163.0830789324295,0
243.66767072388015,1.9258924229242553,42.026550185866064,60.29929298960476,469.2777207587232,0
221.89202396902556,3.558519659298839,22.796417776780956,31.8372012891636,789.6071295353867,0
217.48580125848903,3.7771493321972796,45.47409908483367,39.42569327998748,821.4763489858921,0
222.22891997212918,8.730754749069868,35.87705122495255,62.86161528786464,1940.2261984273346,1
222.66028195500107,6.781070197396147,24.593075143964,59.704052861303595,1509.8750021088808,0
233.27142104778102,1.1470622503077332,29.192350020618395,50.03459766643553,267.57684115955044,0
231.67479772212607,1.928435541407656,39.50301657951662,66.17417361001257,446.76991397577734,0
218.66464143104346,5.9887496771921445,38.94660456325873,33.14835668570261,1309.5278007834975,0
218.3903406004534,1.7941265614554534,48.21936030081571,60.46166192304436,391.81991083657675,0
219.55715268311434,1.270727314766178,46.124978638560506,30.235182773698035,278.9972710667216,0
221.10450011845333,4.207445302267354,27.515253076575043,42.448214373132316,930.2850903335581,0
177.29390953352527,9.654891471959226,70.73991064894032,57.01294107228664,1711.7534551855438,1
160.87718149829948,3.3046408880547533,42.024487919124525,67.51643813697373,531.6413119342861,1
210.3988388622649,2.700014383071898,31.959030045366035,43.56694480008976,568.0798911097419,0
235.30665015273598,1.2873321754853955,28.178915266025164,50.30592344070499,302.9178218473025,0
249.64341352541436,3.3043045357436736,46.093974607766484,65.86039342455459,824.8978636305602,0
260.73139624725917,2.118483082997961,42.40311333858287,43.0187595470649,552.3550521562565,1
238.67536702389108,4.277704727758739,48.76093224096195,30.85759466492453,1020.9827459176511,0
249.45706184574118,3.594294525737733,89.2561932638631,68.77486710919494,896.6221517987666,1
226.74428037172197,6.026250601269152,47.96917048234639,54.049442318356206,1366.4178559244308,0
246.0588633579062,1.6339026802411267,30.586335449963556,45.02031911049047,402.03623633756814,0
241.606632637238,5.71393845766615,41.58965219834343,30.885146976863265,1380.5254298531318,0
239.899718235256,3.3900640604000283,48.34808136096189,62.95242087521404,813.2754128894346,0
212.49700734730052,4.740250609290398,47.34738803756657,45.177815475238056,1007.2890685504275,0
261.85690173061244,4.1008035681437445,26.40343643978127,51.45718183593431,1073.8237169599613,1
231.64121156251247,6.563593795788455,97.95708053261811,50.50892804294209,1520.3988190606276,1
228.38348023517776,1.7126264292715019,39.09032945954268,50.00369343128933,391.1355842597711,0
217.90591124478462,3.6176077152969244,46.62766972156575,52.655628825243895,788.2981057279396,0
223.56114198975638,4.214174054787523,33.421394679142026,56.36519650492643,942.1255642319007,0
229.73200864955837,2.4239520634357854,29.785551838337277,68.43669726232245,556.8593764033448,0
222.44981010314388,3.8143017422506666,45.89080844448871,46.666803328254815,848.4906982397516,0
196.84992593310778,8.612297301837149,77.43132915337141,45.3720075024208,1695.3300859805468,1
242.3948647616531,6.897140653248002,44.72087877309829,52.199013394101925,1671.831475886149,0
217.90791554174322,2.8664086666782898,40.00908588644619,47.88246222163295,624.6131376466535,0
185.76965603303927,8.040681662135203,91.7389401069818,31.422075101962204,1493.714666646023,1
221.89374990160184,8.514822460393411,35.25764328422436,44.246678612577725,1889.3858854830776,1
222.73106184477922,4.537367144514154,24.92790991161872,63.839251697840524,1010.6126020772514,0
183.53944654844105,9.0744111127726,93.57600570117654,52.234843855860206,1665.512393391306,1
271.3432909259174,6.396036454110418,49.097767206978304,55.37812559022412,1735.5215803404565,1
263.2143116978301,5.39922882971786,32.94096369164006,47.83861081617623,1421.1543001132673,1
234.29425533910975,1.703572795205317,38.80748837941687,36.951954285409585,399.1373194685955,0
223.21430754796245,2.00241222306401,46.669749156689974,32.19813815474507,446.9670577968091,0
231.94878422332198,3.6269367405085786,21.375560551241048,30.29009712060578,841.263567415863,0
224.61624523606227,3.822593485979448,77.9965036136286,43.794951347728386,858.6165958845339,1
245.31247195469484,1.6968451500277015,45.21084516155956,34.86226518073076,416.2572782776305,0
211.48701152198583,1.4152771036044964,47.51909436392152,48.377549864735144,299.31272511680686,0
248.38907352155846,6.213450000431226,42.640475626044235,67.33891167790232,1543.353088979639,0
243.45477172040347,4.98494277630299,46.09277748703065,61.87646262970519,1213.6081056441187,0
240.9759414806902,2.2059659694017872,29.857764890841644,34.31622868891905,531.5847263509592,0
171.03776589650585,8.842142796387268,76.06863825617614,45.521104733660565,1512.340349631961,1
221.80988218051675,5.499108875777142,31.81798935938741,59.18039999835068,1219.756691833962,0
225.08141987172715,0.5523788778209786,42.75912751741135,55.035465773219364,124.33022212709716,0
275.9948128742568,4.88549526562587,20.10838797602716,40.14777180354048,1348.3713516344797,1
234.74749398847885,0.9263406203201414,41.15239784551375,51.74144390589039,217.45613919988617,0
221.6818223239166,4.36635014668875,20.82478668895324,32.58801322015954,967.9404574222626,0
186.31113628952716,9.162244799858112,85.89697527415022,63.737617746589606,1707.028239624376,1
227.69883707974074,1.5104398990169723,37.87824787192113,40.021776970852805,343.9254084850056,0
228.85002866494114,0.674008807070331,22.75813807762513,57.43716882832878,154.24693481846802,0
244.59160887999582,5.015368023687296,20.243028249419673,54.66849323068539,1226.7169340389607,0
241.23732719161978,6.944799973810263,35.935963827245345,57.311180007765216,1675.344983562419,0
227.50390975015173,6.064619659536494,25.022688432387536,40.62142422455048,1379.7246836921865,0
238.48995567376056,2.9432457061718797,47.831968393490115,33.778282050748764,701.9345380019178,0
238.35816493713688,1.9689139767997008,39.692394026890184,36.568678329093835,469.3067224290572,0
214.84062866994594,6.544901090371876,36.552526488186544,61.85383101918596,1406.1106648381085,0
233.70634591541787,3.7171888690824453,48.37213878206882,59.902985442164415,868.7306276707229,0
171.98678676014765,3.801948723410889,47.835267998185834,40.29367952758129,653.8849443662841,1
226.45384995526,2.0819031371414445,23.875517534262485,64.29659386603203,471.4549806396138,0
244.45450875826268,5.9023759751240235,28.461270643690135,51.90949777297096,1442.8624195055147,0
246.61007536123034,3.1277076479234953,31.81028551667064,42.11021482471813,771.3242187623097,0
220.07037546181792,2.9365397731792298,43.99841145754645,63.370220143406875,646.2454104421147,0
228.76057722211152,6.17982854582034,21.580199954890915,65.56579847983141,1413.701145275543,0
237.14156976857504,4.286586026499902,36.58822244567756,64.37440899011285,1016.5277392722253,0
223.88112101302545,3.9986428512409766,44.33866561838119,38.65772333646686,895.2206440665502,0
167.5565542573478,9.517972880886965,72.72696704423643,50.59069496301772,1594.798739436302,1
224.2567142063115,4.4069991935415525,36.6834662446164,46.186216716186664,988.2991586534932,0
219.07078213403065,3.463236824756669,48.59764567162503,64.01811671135161,758.6939999148203,0
211.19123149283683,6.567908032658099,35.80249249642243,51.51351292597231,1387.0845857487593,0
213.98643299398051,9.990343644748075,36.0166584468331,55.53003941587956,2137.798000923723,1
275.478501136111,6.830946548076436,30.76804280759145,46.210782809309464,1881.778916404988,1
211.1437935343777,9.817778009698223,52.86366296470321,68.90332130205329,2072.9628930460754,1
216.2470932176395,1.1845316340837575,40.502483968811276,54.24040294988573,256.15152269495314,0
212.2969391760898,4.657802896302516,37.1036145534517,34.51612844242463,988.8372981705502,0
210.73736838802967,8.29590947754794,35.126192742429666,57.34922774042156,1748.258131683767,1
226.9205778496705,4.122742920657034,46.65777483869876,43.042820093084934,935.5352058811324,0
229.57088903590432,5.353690410946403,23.295792711582003,46.987339667878416,1229.0514672639617,0
211.34236726589003,3.6391968609083265,28.945918944527882,63.80429196021649,769.1164795309617,0
228.1573184697196,3.1515799118529264,34.9173644056869,31.617553248506454,719.056021631399,0
154.8153185909848,1.8614647806915714,39.830811747031014,56.45763353803099,288.1832630686633,1
265.293897928723,2.3314937362798154,40.22068839804898,34.176897846356326,618.5310612940744,1
229.7104169599636,2.978690349948592,25.55804527093204,44.21265057301419,684.236202281311,0
229.97062698595002,4.885425470260376,49.04705370578512,35.76653040697313,1123.5043584889083,0
172.39856588583373,4.543931359651846,49.16146894327143,44.45913336377102,783.3672498876448,1
218.07198325368762,0.9584729190425925,43.184134785852216,39.987242573573,209.0160903505693,0
237.51092142181926,3.56303846739571,46.29056339081575,47.75179363918915,846.2605494525418,0
245.84062091846488,6.100167847624717,24.92119841229239,31.038440734156836,1499.669051366916,0
221.4618959421527,6.8196887113211195,36.75548459482475,44.93046928117075,1510.3011917444712,0
185.41196445084768,3.890928012485185,40.92418495927401,32.08974654783856,721.4246063317105,1
222.0505359141345,2.3522937272920967,31.689677441095476,30.025578434421398,522.328082772667,0
229.46266734431754,6.110350952953917,33.45576823647447,44.54225175470691,1402.0974280746984,0
269.4522641726828,3.9756150072902763,44.275438925264154,43.62705475880644,1071.2384651932618,1
240.23493437349862,0.9743943074895016,45.95507474429776,47.2081078587188,234.08355251365106,0
240.2990463703934,2.2293374958557415,46.70942624961953,69.16899889026443,535.7076742918955,0
247.47749460130694,0.507336046425388,46.827134889065846,42.441812790052225,125.55425369028737,0
219.12355459079757,2.560590357480862,26.404537510959052,66.23476425239886,561.0856609821276,0
262.85716857732984,6.172111834063999,31.96813312618238,36.770867093571134,1622.3838408446932,1
226.6667219968038,1.924550099296774,41.62256654832903,55.25157249330924,436.231462326223,0
247.0154685730137,4.13005477724545,27.506134611906255,38.251672602894544,1020.1874160334985,0
226.98549625561404,1.381016585090439,32.474492377856784,35.95081712936471,313.47073490398674,0
241.40968086745434,4.071897858897931,40.40170624564692,67.53514948336243,982.9955626414202,0
224.5663279273553,3.421621031386951,45.81575678216111,35.228812758003855,768.3808705775776,0
233.09120275881935,4.896532201154824,42.90497226295116,42.72827183984349,1141.338580114467,0
248.19356838706238,0.9965494113582566,22.874160673606564,49.79770167607875,247.33715447903222,0
169.26729289820767,1.3350293252588463,49.33170535617931,61.62368514601651,225.97679982628568,1
213.463494327174,4.350895365137693,42.76291252105632,37.62869012018981,928.7573280941975,0
242.5684359353147,5.493610554701056,44.08976053601459,65.17293699478878,1332.576519891572,0
154.29415898584398,5.183317964851536,26.221961534874097,67.04582989082343,799.7556861429841,1
220.22568117235102,2.4306314872703063,43.05614291034248,47.10425949768119,535.2874749630679,0
153.39037893101286,5.44965300366003,40.802775260488204,40.03216530003586,835.9243392739445,1
235.15442341378008,5.454112185643906,46.29456839262097,64.08558255417903,1282.5586062491645,0
239.82337352891432,6.866006306194362,87.84566504389069,64.0233787928899,1646.6287950223318,1
211.46526559398478,4.378708192618112,31.669493048013173,65.59031259892615,925.9446909105461,0
227.2820411001619,3.9314097859051933,28.191164986587424,66.33979469813178,893.5388405416828,0
226.96622436476068,6.023394818073162,29.359352049436954,62.698613780438436,1367.1071797163302,0
217.31154133459597,6.680470830116276,45.27342472423124,45.51595605825625,1451.7434129333758,0
247.71880757723824,1.8770828686165477,21.77031410669002,51.49872258021221,464.98872993735296,0
217.49276370845502,6.295004733255266,20.22210375934674,62.67280105855474,1369.1179769934934,0
232.37177550581202,4.866491742966356,32.943349769240314,34.62447552769659,1130.835326797466,0
240.1744879673577,1.9367284312373518,20.843050508529327,69.18455556395764,465.1527593042549,0
263.2232737579232,3.5576854375272093,23.930436633008433,57.959404326979424,936.4656078668014,1
231.24578530258657,1.4514436013430205,24.193149832804835,53.33661741040496,335.6402154149812,0
184.03369703463656,8.320586947641658,76.31807477897524,41.315442882742204,1531.2683774726363,1
230.4321954871019,5.792914375759092,42.590306020628766,66.54942700439767,1334.8739778749618,0
238.9518092069914,9.3394460156623,51.94996595808003,40.2845865201658,2231.6775224335343,1
228.40264955831805,5.585870628801257,29.277683314198566,55.72714467479583,1275.8276517081952,0
219.16005702812137,8.402156375587744,56.289882763019946,40.558669469423705,1841.4170704330036,1
226.51811584401378,1.4063491264748307,35.21818533269721,56.60127046808526,318.5635543479533,0
278.379586510008,5.019655680182598,20.40332131950249,38.185018902360795,1397.3696726718445,1
240.57596810250297,5.959087222381272,28.765304101461346,67.2411438511025,1433.6131775316298,0
237.8615608955157,4.378802608069401,23.682201640238613,68.52458637539519,1041.548823208743,0
220.19527825644735,5.7885812214493715,38.55790884503304,63.52596661505428,1274.6182527670903,0
225.0797294146654,6.491995747060602,21.087569525443847,64.24520881412184,1461.2166461095587,0
243.94945311015871,1.4047779872097563,37.40656891071622,65.52431676045887,342.6948217210096,0
239.86266695213573,5.73036551606113,42.09482626150337,67.01318947498393,1374.5007552929742,0
216.92501756660624,0.8107719140661186,27.393796089125154,35.72790015520968,175.87671170130375,0
217.39781348846927,0.7530690973809127,21.079694866060034,63.26277993459446,163.71557517634554,0
224.32341207573512,6.312482277811605,22.10589834223141,69.21288290911303,1416.0375632263078,0
217.33857015875395,4.913949143350296,42.90143779350688,47.17371133483098,1067.9906806485872,0
219.73211505378413,9.89759342511732,34.28630358304913,56.0745979066875,2174.819137243456,1
163.12438755004624,8.854830240375419,85.9719606168074,65.94772215208644,1444.4387598208689,1
213.4697309049341,8.23408916275354,48.60767482614596,32.99133023836336,1757.728797820232,1
226.07680747970707,9.29319456760494,34.02874037817004,40.93535672455114,2100.9757591318817,1
247.3400750680974,0.7273821778549981,43.07693610624313,58.90909112178508,179.9107624738514,0
237.4230744726159,9.370381214028727,21.079401434739694,65.96488402641884,2224.7447168151434,1
239.76663049926435,5.438744896152079,39.51664936436718,45.79466092577169,1304.0295378954552,0
211.60794765031505,5.452322649221391,22.987659449850167,45.87003703198407,1153.7548057290671,0
243.48297783276377,4.076965557333735,40.72865360507817,57.303286793704515,992.6717144212312,0
154.11234246943417,1.464923740814497,37.797784105261314,37.57390894519435,225.76282923600837,1
244.48070864520068,3.258197908675792,47.47074050154913,49.91752213582425,796.5665336193684,0
240.01555708362807,0.9756381419920137,22.684351489472522,56.07894855691843,234.168332162249,0
241.6166100127684,6.455760442732954,31.651006330146426,53.856401063385846,1559.8189532276651,0
249.26442622569732,5.902048647817868,47.3521312483206,40.17360350310417,1471.1707697544737,0
262.08034503590204,4.442335290205456,37.287598852657766,68.08949141662976,1164.24876562221,1
237.63230497224274,4.237309078078692,25.30280687303148,53.68257231019667,1006.9215231036484,0
229.7562397563742,3.837249068715086,24.919639158766117,48.53910924922671,881.631917036627,0
229.57796794742157,3.6764602683199574,22.325531293789574,37.630966080668784,844.0342776403281,0
226.77387975703627,4.360593385080928,45.900353135691816,36.36658952354616,988.86867997767,0
227.96948523103663,3.3086688331755827,36.55703655485517,63.32887085486002,754.2755306990122,0
223.51415542781214,8.155740128612733,27.667970846465376,66.45079155934044,1822.923366735591,1
236.1372769669745,2.998658050948702,40.179462182971136,53.54766881453618,708.0949467061215,0
243.88837950293555,3.6976124869608187,44.676080567404156,46.24050144752877,901.8047174746935,0
279.3190041022515,4.085958873459153,34.210733968721016,60.21815237301031,1141.285963337368,1
222.98207624129998,9.597409147685278,28.425823905421467,51.82297386981781,2140.0502182881087,1
223.89589447001356,6.5538293868419855,24.38272099319258,55.29603580540786,1467.375492770847,0
214.82953410835947,2.618863784497279,36.889445135457976,37.48714435953961,562.6092867168055,0
218.59037599849887,8.373823929581151,38.197402871897786,59.91061108560129,1830.4373213123713,1
210.79519634789122,4.017934082213811,48.69801703301923,45.65107421627782,846.9612037731445,0
248.7560686845615,5.014949475573735,41.575157685263754,52.50808021484271,1247.4991161954256,0
167.397821216295,3.436205239566216,31.097900137703675,63.076956358674444,575.2132703554015,1
223.75251614540358,5.212310231690041,20.470848060273394,41.57522894422779,1166.267529271078,0
217.4380839200322,2.4676186993077627,34.581352234496876,46.88094263878749,536.554281822722,0
247.5294128902253,0.787902683783603,42.49228269268454,32.8569108436463,195.02908873158808,0
217.01645166621645,1.4171356767880143,23.776939296251754,48.111465467813694,307.54175610613703,0
215.3353797417136,6.866072246730557,27.732976605866693,48.35365358411133,1478.5082745837651,0
229.75690581798182,5.414107786023683,35.63306042883485,41.42595482872221,1243.9286526818455,0
240.35737624908214,1.2685481422207112,31.098994832176082,36.05930866615542,304.90490310981767,0
216.1073292993981,6.264021305525774,41.957125970390955,52.43708984177046,1353.700915011704,0
230.40907308796778,3.88541584190922,37.71211176961718,32.40340628890926,895.2350626956094,0
187.06127096396415,1.0588486882838581,27.426751869059267,34.15982281253343,198.0695813889048,1
276.649789488389,6.283494658725799,38.204942867412,64.42914237552338,1738.327474587909,1
214.28943207078095,1.101744435838642,41.37814052764199,32.78327134174316,236.09218944300554,0
228.90827594545158,2.519572903128566,46.112155098262996,36.81732807519984,576.7510893740363,0
240.96686000091717,0.6977450435563476,40.18851200739106,62.655909054462825,168.13343222697625,0
180.82815128158455,9.658075229485236,71.19517272514179,69.82262643999528,1746.4518886862807,1
249.1576724872551,2.87303061601955,33.74071461600768,60.094457695895684,715.8376212720558,0
221.84617873055433,4.763946817139028,82.6018800873834,32.44584724190745,1056.8633970578803,1
242.53373316180432,1.1418942964309744,22.08775542188927,36.145260815730666,276.9478865895762,0
182.6007107562444,8.936452808185265,96.64977444107866,60.6679129533393,1631.8026344142659,1
267.106722987103,2.5394393559402806,27.993794649394843,46.16768536746723,678.3013245896879,1
279.17486593816875,2.6629636830651684,46.20108318948256,45.5518047584561,743.4325292179304,1
213.21772800837337,1.5173013440229672,27.49679584602094,49.54073415723305,323.51554527662836,0
243.53164775416457,6.885710784115714,89.353096154738,64.97548149211238,1676.8884932143203,1
237.59151965641223,4.973086264067972,41.143609605207956,42.84053775714534,1181.5631228623392,0
233.7654233589518,2.5479655736360076,30.49557103110991,60.48987060066859,595.6262510250558,0
215.96844591852675,5.94464042643867,46.49342861222959,48.64564591831257,1283.8547544424077,0
247.9042598161962,6.234752169377246,27.331452390255155,33.8237494521079,1545.6216216868897,0
237.05587945974958,1.6400258039296363,35.39637975295244,47.01661977090067,388.77775928722275,0
269.59966131057985,5.962901173023262,44.51381846510435,66.6396800544831,1607.5961366755307,1
247.99197413848012,1.4858352423245318,22.459063327804717,47.264620694893964,368.47521498858765,0
231.6324912992974,9.437628533388477,29.01155567450177,36.65097473528433,2186.0614091461075,1
195.9311883017518,8.608886897980748,85.00444249493198,46.89407490802938,1686.7494398767499,1
224.32587465606773,1.7540738359031693,26.116594263815713,37.48227344105521,393.48414745030226,0
241.91725470045262,4.198305219448066,46.79619765652526,55.46177954306897,1015.6424730834575,0
236.70428918908013,3.4214847556943178,40.68016466600248,32.788309858758446,809.880117067897,0
159.80919832926716,5.608194725524495,20.379278042000553,38.689862899235216,896.241103160494,1
241.20907666471578,5.413181982659517,44.40908071405492,30.179267733021153,1305.7086278553777,0
238.19344790069346,1.5101073368036004,39.49372182537874,33.36440397238743,359.69767325338336,0
229.03187259978404,4.7481734924271635,24.376073808616884,37.40893323323752,1087.4830663992498,0
219.54803218795914,1.972600015420893,31.854473254929104,56.15158603346892,433.0804516795949,0
241.03895634999552,5.175245288665996,23.79580742147227,31.953664932829756,1247.435723235283,0
165.93356722878852,8.044266551116236,88.85009095895961,53.294822526333945,1334.8138445659406,1
166.4337270992364,3.22951504547521,28.905561028399553,36.09627680151525,537.5002257414991,1
215.29134832038423,1.2417459217140605,27.215361272166106,42.266745212524654,267.3371537571584,0
151.5029154337844,3.9535384382736662,46.95336602432549,37.61800622430076,598.9725996779913,1
247.80316791231328,9.97362136359751,21.796379860349262,36.01383498927066,2471.494969457389,1
217.4533390537763,2.8652225585747413,23.872890495789,48.26047026887161,623.0522124942817,0
224.07620223034644,1.1130322345078594,32.84384152130425,69.33030443846279,249.40403606847747,0
245.0571709936974,5.980794420553954,48.56175254891632,61.60438049068378,1465.6365609958416,0
244.2633777690983,0.9916904242727727,33.88491971596423,69.57024954460235,242.23365273413762,0
226.1958878575666,6.705870607862559,98.14763733145512,30.49638860240638,1516.8403560034315,1
242.80877766735486,2.678908451369054,22.86388036099485,61.39996697694335,650.4624865596666,0
229.6964314686149,1.7114010273051132,39.82685161816784,52.0496527249047,393.1027087837061,0
223.61326033756828,4.379715367685118,47.7461676630023,66.81505401285966,979.3624327186209,0
239.4248391103954,5.540874023404761,44.26469299948384,52.8304913900592,1326.6228715846541,0
240.46705141784994,1.1928834238907753,23.506141586612056,54.22499210584611,286.84915962824397,0
235.83243520204832,2.8219218744256063,96.9617834083159,53.74067568455456,665.5007075957195,1
220.48524201781714,3.3111247477177863,23.66130686089438,33.149334730539266,730.0541413517399,0
226.28660248356482,5.2204676471568,23.301746013128643,54.39462191604383,1181.3218872504817,0
212.31994617828116,4.04121285879385,22.484128241436373,63.10878991164032,858.030096674088,0
232.27870135041795,1.3675485290527838,28.623713405122487,49.71503588541197,317.6523963620549,0
217.32922874968622,0.5576308078685521,30.342805618078867,49.31485818224974,121.1894734011369,0
229.68662023420822,2.7001580807002465,33.65268998319223,43.89831002314376,620.190183654126,0
211.71588043974288,1.610884384637778,32.982526073329986,44.25186862207427,341.0498057802206,0
242.15042779521917,6.261155778607877,27.4600635049271,63.45564241145222,1516.1415502824061,0
220.95282477144883,6.90546446153041,44.74405374302502,69.77013276346145,1525.781879133996,0
215.75370695791435,3.7719566941375553,39.15931280103662,36.842403701334064,813.8136392448974,0
224.862924340648,2.170181390734926,73.42969342357375,59.612191630239266,487.9933338703099,1
261.2308529381979,6.113939048653092,49.79056037636937,62.65434036864361,1597.1495124918015,1
196.23820838997528,9.170199797089973,76.44613521547404,65.56384970864958,1799.5435787590511,1
270.8794715795296,4.090362074547217,40.746026752309305,33.1012564643669,1107.9951173222987,1
170.486556416352,8.425701541919828,72.41549675774536,52.47191410648552,1436.4688412738587,1
226.47593190439747,0.9769961082380556,32.15677348788002,31.59728757062437,221.26610408018323,0
173.13234841431648,9.740095993212783,92.38798183996616,38.76153446568234,1686.3256930858036,1
238.6269510742136,3.0395665794727105,42.982399973546634,47.811790895008414,725.3225054466493,0
228.04821632849587,5.3656334068593985,47.066608596211225,31.990687863543023,1223.6231279068763,0
211.3134171633551,3.5446620426583317,46.558484872907016,44.463610656812385,749.0346489233705,0
222.89988873426776,9.68591245647023,27.211818427871215,32.51593030427437,2158.9888088370726,1
244.35701554122772,1.9353619532058044,24.618719772555266,66.39217315800762,472.9192708774116,0
191.4250721715199,9.883821089702959,96.30966492921957,38.34670498046367,1892.0111654267794,1
223.90959129183702,3.099081518391901,30.824204787372537,63.05436840700017,693.9140761632162,0
230.94777328978753,6.885907820805985,21.799378165745495,49.518305591629954,1590.2850782938756,0
183.52219063387264,8.458823982469212,89.35411122457775,43.39424858304848,1552.3819074490887,1
267.0727572628022,4.149263308033494,37.989204322068986,52.66669815000658,1108.1551922858812,1
222.3099806643128,1.3217704765076823,42.82422624293231,64.03121530522728,293.8427690750824,0
226.2836782463208,3.740699910263109,35.99980528258809,56.379606843506075,846.4593349100185,0
238.85908330936067,0.9028115453661667,34.048657030186035,63.10684542276776,215.64473812726987,0
215.9635899507299,6.902719992538738,46.678563862227904,60.85254532900056,1490.7361900133412,0
217.35382907557192,6.619172679220258,35.97053379551417,64.0942184154994,1438.7025271409354,0
223.41153268317882,6.906013124381254,35.654991454845494,35.62781695442985,1542.8829768481644,0
229.27777117570884,0.7760609181746737,33.87601956134901,46.7576336832051,177.93351761566333,0
151.82410895304344,3.5383528551803485,45.77931737698317,35.38699271967986,537.2072693992136,1
249.79014752247886,9.638277275503265,42.228141628812054,49.38965429598768,2407.5467025105163,1
262.3350593431602,3.4923605798127904,25.597401184793743,34.09666870711036,916.1686199529017,1
244.41959771186595,0.611463001119348,28.779130451665267,46.96208740857969,149.45354074928127,0
217.26310033531956,6.767431298947202,37.366191307165685,50.884421882281764,1470.313105315548,0
229.4286151758403,5.944859091458697,26.58933629153728,44.04830273545652,1363.9207887688729,0
249.0771005693518,0.9332366813322652,46.946633717287085,42.51950856721819,232.44788673120476,0
237.17262159864015,1.4153895883022443,33.312781333410065,43.018644009865696,335.69165924106323,0
243.3277461757272,0.7935904172336052,39.597738784516004,42.563095056793884,193.10256761210815,0
236.6834420534218,4.234495144420338,29.457687721244895,50.518429930369564,1002.234886139907,0
244.54785836010768,2.5398220721265505,27.354590886545942,60.07334844238605,621.1080483542788,0
220.720469283443,2.9400689342326256,46.46713885374145,68.01767210193377,648.9333948894972,0
272.8124309811538,3.4840063100879983,28.964774955460037,68.02752272558513,950.4802310087864,1
223.85574272200435,6.3440782397438555,41.6942429176225,31.164058052919064,1420.1583462443668,0
230.660498504983,3.647644865495141,33.28974615968955,42.093750473560355,841.3675830442509,0
231.42526611388928,1.8226191284459718,86.15427929988118,35.83556985933149,421.80011682487395,1
235.94887520619622,3.0362737871243652,34.9563463499388,65.02613550698344,716.4053848900517,0
241.66931571998612,1.6099045814752766,21.10123948413885,37.42298410980191,389.0645385796007,0
214.67338945642726,3.426881605001131,71.25850454470151,57.31010309359837,735.6602894114743,1
232.3758097855388,6.56275975773235,29.17574323984527,31.945098865411108,1525.0266131310013,0
241.4736453805667,6.726145639204244,24.734026310769973,45.68559700464599,1624.1869068592507,0
172.10015841405647,8.263541777194073,81.48901033192939,38.145945644931096,1422.1568489162737,1
249.78020416882237,0.578059560047717,36.22759439861896,52.94666390196039,144.38783493045838,0
165.53191111794155,2.530692360028004,31.97395107200093,62.30648310662184,418.9103428070093,1
212.10365884962715,9.100984938931836,32.291745729691726,51.34409606101711,1930.352204682793,1
247.3051986295744,6.314388083074577,25.699895276068535,43.7377713317604,1561.5809991089757,0
213.82744829223626,2.8046908372549804,27.533368604570185,66.62066914866787,599.7198849788481,0
170.81385347486298,6.584354767272383,47.97283348936446,68.77320501406642,1124.6990104433803,1
216.4223124305268,4.898788541419263,36.24303429829534,30.738636195729438,1060.2071442421245,0
245.5232152903522,6.147660171006011,30.718127659881354,65.64202467722139,1509.3932916978324,0
242.23622588075608,3.2783019625413927,23.401949820347262,47.34908250584065,794.1234947035027,0
232.0377677536241,1.186287633878782,49.74205589148834,39.76547283227625,275.2635344789611,0
231.07211675423747,3.991853166066776,33.19462213499733,60.87568585301018,922.4059608551546,0
234.38781820579936,5.204351505150607,20.750753046916,52.82576730180179,1219.8365944683187,0
226.20728415203845,9.85245490041166,34.12617609130152,48.34915296800963,2228.6970652525642,1
179.38153924502586,8.449137238553503,86.11833539645343,67.77075483562882,1515.6192431441946,1
237.18563819998693,6.857222227756952,44.89766938950471,56.36136532333295,1626.4346303696689,0
244.35649304382565,6.375008060140972,98.68678591228462,65.18252950451125,1557.77461270217,1
227.78422396944404,5.536524002471644,42.194649030967895,51.525737203258174,1261.1328233912038,0
247.04325387147674,3.4614164937608036,30.90001345748793,55.18269580675087,855.1195936230671,0
218.42751668121207,5.940102491264716,28.698112809871336,37.467357036572665,1297.481835998833,0
239.2224032358986,6.775478159858722,44.278437931142996,67.61393510680767,1620.8461684737476,0
212.84707195454706,4.125080952393363,28.70892449132103,63.12219891877091,878.0114022924016,0
248.82912655943178,2.1561503122534775,34.57352343065697,50.04961909701413,536.5129989288789,0
233.6037359795203,3.3813589095150567,33.401646679696206,44.509465918899345,789.898073950354,0
230.88380947659155,2.6791109320521524,20.03959606952989,42.317748306477284,618.5633380025828,0
225.73792612894545,1.35703793268208,35.23051473905253,57.6976141007252,306.33492860196424,0
242.15019790276762,3.4380538719160274,35.57275191019185,62.41607763435933,832.5254254848425,0
238.06397399598387,3.324915396666947,32.53208583534688,60.40822498116641,791.5425725309665,0
223.54343887766294,1.9571197988548614,30.773298289027913,39.21499289464096,437.5012901315757,0
241.9268321047138,5.612984897916363,30.935028936463773,69.55041623577047,1357.931655004506,0
225.97601207113178,5.931005315069266,41.89622037927923,59.971013472964174,1340.264928672039,0
228.7329722947422,6.101882850359917,35.121140228862714,57.338109736842014,1395.7018009571377,0
243.69427150873528,2.349645458450417,37.26425833659094,34.92938672039216,572.5951383008827,0
239.27871353410848,0.7784425877284897,40.27372890883955,46.58760616663145,186.2647409518354,0
226.7963019079387,1.7625140430212811,32.46678596369949,45.37356111834111,399.73166701803615,0
157.9736213705029,5.934346557677694,32.396680324753135,30.571630801628014,937.4702161839233,1
182.75331596856472,2.2015969283079766,37.3766356871332,48.665374798007484,402.3491390744892,1
245.58854880497591,3.3428483951569956,22.260323527194522,67.8655490885981,820.9652862416492,0
172.58285834428446,1.444338906982219,34.45270727368029,65.8297378049725,249.26813698485094,1
223.24755088608975,3.074792772835743,37.586621345817356,66.77016986105247,686.4399560178285,0
212.76611362711054,2.761680599301451,25.702562377995342,56.07097915276413,587.5920481927592,0
221.67719884292293,4.04362779701203,28.32002618148663,52.039811333810164,896.3800832050061,0
247.7122195195849,2.3908942476442636,47.6900251816965,43.03341758016582,592.2537207205686,0
181.23092939548758,3.1827163095943423,42.08162043448369,50.51915367657367,576.806634789959,1
162.62723342630468,8.498153664343183,87.15517869569625,30.732688288629003,1382.0312196637453,1
219.16740957724787,2.1240647160454236,36.068284986999615,53.278414160767696,465.52576159010806,0
278.53157834286253,4.911726069905022,47.37981187701667,63.33888406720193,1368.0708146384309,1
224.2442359807584,2.0672179099539205,26.671743065360968,68.08695349825125,463.5617008233571,0
249.93075904816274,1.2951339413921323,83.23430798107229,48.083740895615364,323.69380904117435,1
232.8540626282778,1.4748506569850404,43.517371417617014,43.29790872990553,343.42496724895125,0
238.62556944267837,6.278773764986048,45.073623093566,54.33236112414238,1498.2759650715452,0
230.12818680299856,5.496776156962217,46.32636627678419,34.15127712706688,1264.9631302636697,0
241.04466393654002,3.3057364568607466,29.966832921988516,46.45290787293078,796.8301333067672,0
249.99220576535205,3.7044507891794565,26.254834248627816,36.51386301116379,926.0838239361715,0
232.35268939673287,4.039718594677423,26.157017803409275,57.81317625810268,938.6394798792894,0
181.3362950058197,9.021618431423075,86.38163777309694,63.6682306089179,1635.946861310475,1
222.64205180675484,6.2759551878304345,36.81374613674991,53.33559481478289,1397.2915400658153,0
231.95898539944557,1.7875182486406578,36.40600698254384,69.88692511644467,414.63091933768084,0
211.7760986242412,5.676831688279288,31.894262861701627,36.147045940062476,1202.2172674902522,0
196.83069559434134,8.883592980885211,92.283725042491,51.879834013540815,1748.5637858046443,1
236.84360697983675,6.726431580785961,43.08910900374237,54.16071986300713,1593.1123176964322,0
212.4936595163779,1.1927851966955865,91.32063638676395,63.20929458936683,253.45929146280778,1
246.20106389772792,5.036844307709483,31.128639392270614,37.25033166519526,1240.0764272452896,0
261.99873813137236,6.2871354213658535,29.12613554405011,56.17573459322299,1647.2215468589077,1
224.65212581049354,4.695371915692727,48.42568941653714,31.650789894984875,1054.8252823312605,0
182.2925720307621,3.3032497206056655,34.155289245128415,64.75403007204656,602.157887629103,1
231.3863826699634,0.6312670000481639,24.757940175141268,55.66746031899199,146.06658764006428,0
162.63548557260933,8.93702009983965,89.87749793121847,60.63832685222069,1453.4766035095909,1
235.21136157985373,4.007241592153399,21.569173162499634,59.71218749039386,942.5487510698218,0
211.27222124935366,3.43259145587442,45.96912761844531,36.03317750644115,725.2112215241415,0
214.3991694306167,2.8637842431554437,37.405156099739116,37.7204853594357,613.9929631610144,0
187.83454466394798,8.974939616631088,80.95650865401956,45.02346483859243,1685.8036962763283,1
213.09258747530617,4.934985508635898,30.545226320279063,38.99035111754755,1051.6088311883634,0
217.21177141144872,6.360192555930626,25.071125490876533,65.31704475579451,1381.5086915916008,0
244.6980382155544,3.581417409885829,47.82901158443221,38.45962974433401,876.3658142300944,0
215.03354762054676,3.4069318538153683,37.09711089940527,54.22700888692688,732.6046430273647,0
213.0534256866581,4.759619463987242,34.65295581359833,35.47515466549028,1014.0532317673774,0
232.36245151061007,5.016991459304167,70.80079475760563,48.63486915630702,1165.7604346917094,1
217.45621656272445,4.1433067715068255,45.98566745796742,65.31222716753939,900.9878145905909,0
226.76420345146826,4.289542139529583,24.412097136510305,60.61728866979087,972.7146064419329,0
228.75771373763263,8.523240554581347,56.86406398629746,46.71169330793025,1949.757022901901,1
261.14359309060535,4.581783794298657,37.07139724681022,31.426976654421296,1196.5034828074583,1
234.38081245239698,1.743405632313697,28.199887493739887,55.61389385190948,408.6208285357692,0
244.32054630273308,2.725481479059724,27.999789751646034,69.39463761379372,665.8911239018528,0
240.82914461226264,8.220669547650406,21.099407793174837,40.94782063865395,1979.7768153007232,1
242.7727504938786,5.119337098628429,49.448282819960426,58.46051601247274,1242.8355481393758,0
237.95710643780868,6.996483936711614,41.30425647687584,60.467254239212735,1664.8630728185042,0
188.19137173790907,9.701611915934897,98.63135800662678,38.43877158846797,1825.7596545286324,1
237.22219390577928,2.1085402417586936,38.01418589750822,40.303151299919975,500.1925420886195,0
227.6607478604346,3.9397356418526854,33.48097614875452,49.72782079151717,896.9231625965917,0
216.35860376090523,0.8077748526244564,25.87936167475003,53.27774566023132,174.76903926699836,0
189.92975655453066,3.8948321379403925,44.15663629140518,62.1995222423969,739.744519779781,1
266.53512094486064,2.7372564867622295,35.710951588139274,33.16578673112838,729.5749887562752,1
217.0343152526477,5.535703356479641,35.41572077807368,30.42268491097772,1201.4375874153425,0
226.9476071464199,3.8205403722646865,26.423487302388068,52.07128913576415,867.0624954917629,0
221.35669598657722,2.457985557164979,77.45647932253539,45.14825430261509,544.0915617167659,1
168.08860349835894,9.085899875896226,89.10696916496441,50.8730989745538,1527.2362216653094,1
217.67902023436952,3.6734258347950504,32.036444831339864,61.82253450009078,799.6277366218075,0
231.85685696855757,8.239455027999787,57.36945764288556,41.6702067428234,1910.374145925809,1
270.5303123304326,4.236559087457418,45.8210609762645,33.9043999291883,1146.1176531361878,1
226.26153255548053,6.127969590229624,48.16649945211701,69.70898478374511,1386.5237909387347,0
211.90833365815487,1.885640914945532,80.46586290310819,63.19672123947835,399.58302416374624,1
231.00351381887918,9.106889663895398,35.56125416270844,69.9279138754438,2103.7235123206688,1
225.0317960915223,9.155315992132014,37.546347376284146,30.693837074148718,2060.2372014949046,1
275.6955421676682,6.472407070753754,41.378182207612774,46.91129362262416,1784.4137765013054,1
242.3878774824235,6.692828675322057,30.87389780689779,36.076242039557584,1622.2605369648136,0
233.30489432712986,2.560038521334535,38.31856190589062,68.67408928978523,597.2695166933355,0
224.50637465142486,6.582394314564977,36.96905806103432,35.134895941302666,1477.7894840891336,0
236.14545779640198,5.9486533778088,48.09430360122942,42.69664534865541,1404.7474751747723,0
212.9531456877553,5.2993049176038385,43.85474758146296,46.374925077126676,1128.5036521623283,0
248.16948126618527,6.458428613022128,26.997977057511296,61.23230590999229,1602.7848786883899,0
216.1689095647856,2.8190118060626426,25.324188239224476,41.806241552873544,609.3827081668182,0
225.0106188417376,3.061386878933072,36.189418778515694,33.48896555366891,688.8445561427061,0
195.62714382421882,9.43266205451339,99.93654124685382,43.94023199326364,1845.2847363835424,1
245.77130874734712,6.080537601970237,77.24872815287154,57.669828504436026,1494.4216843236807,1
248.5274155811956,2.768435702092024,44.95528317754301,42.7372546430924,688.0321702436435,0
249.34363167937326,6.198874110355597,24.81097729714722,51.899537325978855,1545.6497829993084,0
227.37355406593167,2.678690339921996,30.078777445865395,51.702129751064454,609.0633428301428,0
231.4958170093346,2.313275341788956,28.669487127253987,59.54992116142491,535.5135652149821,0
225.2378305069523,3.148973470998693,34.55330419154518,56.76044098918155,709.2679529316929,0
218.5254841722582,6.251673463551006,49.43115880043636,30.800587726917314,1366.1499705093418,0
223.66809516436794,2.3004322400168604,30.071191726098064,55.55511025704803,514.5332971792712,0
246.514428466318,3.529744412106593,29.76730499447985,60.62125326190396,870.1329263826364,0
227.27411462952148,2.8094734065079945,30.146297299692034,43.48285448362333,638.5205810392902,0
216.0846561203536,1.4222535355306936,49.65831514458566,30.88663023562447,307.327166141107,0
248.96698034634787,4.583667859765028,33.52001361820194,33.150437321854795,1141.1819459563062,0
215.5121195072507,4.86270979403468,49.37529491600175,51.278906344678106,1047.9728942610805,0
235.01135003518394,3.8340429706433388,35.99420790831938,49.12427784479988,901.0436146237981,0
232.87781449628008,6.915468003453424,44.77590263126956,40.58793510844026,1610.4590748631867,0
160.16101115415884,8.803290354424083,75.60402523135107,54.97601949888652,1409.9438846482146,1
229.5011028162,0.7633769153578548,39.68386413101606,63.68155134422085,175.19584393905663,0
218.71164000049518,9.38672523034942,48.291768229661415,66.89798772734547,2052.9860693637474,1
187.67285075858908,4.933349184504093,26.94309891390274,40.069778571301214,925.8557052434437,1
245.9132431840568,1.4723847649591295,44.77921008750461,41.65211234820602,362.0789127658947,0
227.0997548797728,3.1903039246331852,94.06663956913906,51.17931529517576,724.5172392761735,1
234.91316947844717,1.493777496691176,45.34371080868685,37.83100445652545,350.90800624330484,0
167.4682634275797,6.131382180064413,25.329677235585166,51.28322282731588,1026.811926106195,1
214.96719019318078,0.8243754859208385,36.67614153937386,30.829954949615157,177.21368187254072,0
223.90257124646965,0.7828812048124578,32.01335679355655,35.21460096707564,175.28911473804334,0
241.64638748360272,4.571368239098277,33.36203233362527,33.67333231420642,1104.6546208353768,0
216.54838610036202,0.9978112351004969,39.91988052378824,66.4823959128403,216.0744125938215,0
211.63983642432456,6.221935163220516,22.009212983707222,64.70052970806348,1316.8093401867432,0
224.61578154492358,4.028182966466937,48.712544523326564,65.94962180343913,904.7934652189197,0
237.83292924095275,4.27279014023218,40.80384737189502,63.17309840248388,1016.2101950832807,0
223.0303941571159,6.735639203520137,48.48008925574773,30.4488355990985,1502.2522664612181,0
249.75080169377452,3.703362993346658,37.18598011900558,36.656807420898105,924.9178765513844,0
277.3283025904965,1.1308407587463736,40.386623573218664,51.918711871757125,313.6141481232809,1
242.69905757219684,2.897750045431037,28.814060864465223,63.12500767427604,703.2812051059033,0
245.93036334699298,4.594244073862796,42.22452973796346,63.45783585038451,1129.8641143898465,0
241.0419583547752,4.4890921320222485,22.085233895455797,50.3431168747486,1082.0595587376558,0
239.43788806892888,4.05226114033624,48.60720612236892,37.325414862870794,970.2648493458988,0
218.46328538281966,4.491422400728089,41.67949107082569,58.89217317318155,981.2108937050496,0
163.21789415993445,4.229310602393768,47.578316335481965,51.61307468968221,690.2991702709945,1
180.06523174269068,4.722812476308865,33.79382039824584,37.75075179564903,850.4143230238266,1
234.8378434950302,3.2693661083697245,46.68159670247155,39.39361086142341,767.7708864852854,0
233.5739430602194,6.259330461235494,30.94217088319366,55.90845339472661,1462.016496747716,0
232.33887686690753,5.614148655607246,46.01094796330052,34.20476519409587,1304.3849932076464,0
235.5857776774348,0.7256986426087394,40.71845600452481,51.121355312153085,170.9642790784387,0
242.58617802376202,2.3853296299225386,49.7424513861141,62.65480756453361,578.6479982497433,0
193.92378655204487,9.069933411330808,73.9131836360004,61.90262210138087,1758.875830900176,1
249.37664136724266,9.708392889611119,57.2090121078041,61.550969455017196,2421.046411884841,1
218.2173699925874,1.8525210199132698,24.55048545100031,51.86598201213588,404.2522648214594,0
268.31577803154505,2.799948823322267,21.456003521890068,59.77123757176656,751.2704469782232,1
197.779391003738,9.410897735412673,92.62603275977335,39.69688380024296,1861.2816229083755,1
225.77363172377292,5.483371154685001,48.163877292585724,47.09319303896031,1238.000619682611,0
246.7489499733532,9.79350272922613,56.8000333899862,66.30901372517371,2416.5365149977165,1
218.77662554227615,5.687302788439332,26.411389245577368,40.688291070262764,1244.2489124919348,0
230.59929614783223,2.591878803099019,24.624681488760245,48.12693647575529,597.6854276951196,0
177.7494145023442,9.319434645279852,98.79067657342043,34.00049521426227,1656.5240516913555,1
211.98450946647728,3.7470452516041504,27.56778231462713,66.44262117095482,794.3155496099987,0
235.35489784208318,6.091867221294568,49.510755752515294,50.15277481314184,1433.7507875353183,0
213.02958581185834,0.5828031316918978,38.26406277495488,32.61857408590584,124.15430975417891,0
210.14425744425847,4.49897874327686,32.76245481321489,35.08083079145151,945.4345472634188,0
232.78642795887697,4.768636892064851,33.8700763899034,62.15836464363783,1110.0739483366974,0
213.3818289044963,0.7875877486157541,36.074835183483266,58.24926816937832,168.0569142224043,0
235.5578248742157,3.6001604802319758,49.62033500453346,58.69894437065646,848.0459719215561,0
232.81798939489377,6.982880180073074,49.41377512563732,51.524605019780864,1625.7401237100669,0
228.4845969080701,3.2842255371018765,35.941949209889664,40.94337071257483,750.3949479999122,0
239.24303526938195,8.926459274818058,32.957564806428636,54.349219303393944,2135.593211115998,1
229.9348578180368,3.202685539201659,96.44668783204003,34.50846730995636,736.4090440922159,1
217.77476293064547,6.096858092914345,27.604080341469903,55.337213604472865,1327.7418258062087,0
226.19654677883346,6.345821771720868,24.98193333205821,56.52783301393359,1435.4029712371992,0
226.62996210128665,4.014009748434896,37.31919254569243,54.100453502126214,909.6948771619957,0
220.8707479069519,3.108888657161534,21.119559907251933,60.750279061255,686.6625628667074,0
239.16413134379505,8.503816530734843,35.81169991802687,69.32649159645634,2033.8078936802035,1
225.0548250919307,2.457066673023889,23.288749589900068,49.595765685233,552.9747103366034,0
237.7954834322912,5.81436455518505,36.32749143486916,31.287856883493475,1382.6296302518078,0
212.21562920083755,4.506316103393662,40.55089847807565,37.91070510470074,956.3107072595525,0
164.9779951015374,6.938646494080537,29.065565299982506,41.10115167940114,1144.7239873117185,1
233.61786753047903,8.32490105568933,59.432156908943526,48.56782489686524,1944.8456320323749,1
216.41493860420772,2.380957655667531,38.43874348038247,51.9821349314559,515.2748048705071,0
270.60926000081633,1.4991620611090435,28.557909858245985,50.81488865763872,405.68713597801684,1
231.94532442745066,8.023876599908364,40.04843005498766,57.900875544323,1861.1006611315752,1
247.5484326566811,3.481910957931453,48.152488268721854,34.2959369476453,861.9416002860542,0
228.45983193805344,9.87598413345373,29.30832801555486,31.39139923434936,2256.2656753517217,1
210.01238927660023,6.293686570272299,70.59159196612937,60.31248127568464,1321.752153980937,1
239.5286720054528,3.1113438352623604,22.127237669955253,60.70026781581456,745.2560570127455,0
246.88481743844872,0.8313312326457989,34.37975833314546,58.92137723403182,205.2430596026386,0
218.68933898369738,5.434091249074176,43.52884114366179,66.90779935817469,1188.377823237126,0
230.25006937989306,2.860334878499468,27.712454655541045,60.041318461504346,658.5923042242306,0
227.12597767969407,3.123878774556181,41.379836769402374,66.7118250444272,709.5140208239172,0
228.8633038437693,5.564833245802742,39.229139723664126,32.42441428471254,1273.5861219740618,0
211.51667776294533,3.469306120341079,44.775603030168945,42.523326774054084,733.8161047171981,0
246.37908433471563,5.9398723945582566,39.9514433714768,40.672151283690056,1463.460321636318,0
210.64235290720455,1.1955693719287357,28.777893308718284,52.07160254317983,251.83754556685764,0
215.44911113273795,1.677024565001617,38.959462789499185,54.631591959204975,361.3134518773649,0
220.0200569878376,2.912277992921758,22.900691490132292,39.058424150322196,640.7595699670705,0
154.08247140551308,2.3971839387450466,36.86844692376177,67.70638972424345,369.36402569543884,1
214.50949152786785,4.580590629156196,41.985348103638245,45.73134679971164,982.580166757612,0
160.02184235724513,3.0066771212699486,30.24644350769529,68.37295618032854,481.1340123189953,1
157.99283681365458,5.866096661575936,24.715474148251204,38.41848868568014,926.8012525854907,1
245.2139278340796,1.3566133461217167,23.667025785635783,49.75899953221064,332.6604871546399,0
232.7491176659264,3.4356384504409525,33.04877319053651,34.47891881947973,799.6418179592623,0
242.84314309787402,6.258237794216338,27.040505986557505,34.53842006099076,1519.7701362014018,0
234.33190454967587,5.149795881251336,31.184299676096167,57.187034699625585,1206.761476895702,0
152.5949455134043,2.1537503393864785,22.055779627909644,64.71975733344442,328.6514156881557,1
192.55208709040653,9.62564678933799,87.60758069770259,60.42591758312103,1853.4383788821008,1
216.78344003282854,6.108200221836726,34.94445311703701,39.83748857011396,1324.156656499052,0
245.67500667736886,4.610097198637623,30.420351288200514,49.32951061172058,1132.5856600586176,0
233.05839425836936,9.867786876299727,32.92354989178209,44.62568650816846,2299.770564274225,1
233.56803627055413,5.192505804538067,43.205575707263094,35.99265144184413,1212.8033840894102,0
217.07452848375664,4.803827767552617,24.738391172653046,66.166547358243,1042.7886475586618,0
221.65609065152978,6.030891093981498,33.754028304371715,30.959837832002922,1336.7837430370664,0
213.38173341520493,6.904740671467519,37.64334711366807,40.26130470443914,1473.3455332602052,0
213.0746841352702,5.699293477747311,47.75984161592491,64.97777552824638,1214.3751575652138,0
223.03072478573475,0.72806947290595,39.5420107610275,51.3961913675918,162.3818622365819,0
246.3052381333883,1.5912128570385011,20.28998800070547,32.93265808483062,391.92406167377715,0
211.3314219705383,3.7684841191803806,29.422713657007343,37.21932032272531,796.3991075797813,0
169.7406794689909,3.4995848841636583,23.990120629629736,36.53823433335633,594.0219160973492,1
232.4825640023543,4.3523156758677155,34.5862119468989,59.55103524830058,1011.8375076733661,0
273.6053125745715,6.344871365882819,21.23199121239835,32.861552875615054,1735.9905133078169,1
219.31118737749915,2.222050760445639,26.63809995877643,37.83300195420631,487.3205906864081,0
247.35816527180953,1.4372315153899948,26.132113242966085,39.85062895923143,355.51095071769157,0
211.17704266002758,3.0390562908988406,87.5347462675668,43.14269674068483,641.7789199893697,1
227.7724506186694,1.188391185136056,38.57480073988113,54.78348400890752,270.68277253206435,0
221.6266504639751,3.188960714303525,36.50792293577534,41.8425371883278,706.7586815722957,0
249.32060625001037,0.7721081721858494,49.67136242273456,31.91007764313586,192.50247757996337,0
229.747634198774,1.4314392295931138,24.045390875561715,40.25250853043784,328.8697764983336,0
166.90562563121165,8.504436786536743,96.32795119484257,47.441968824875644,1419.4383424980063,1
233.5735351180219,1.4236952389117854,27.781748222625676,51.84991870411554,332.5375298833225,0
237.16510949603492,3.6946934646868965,43.15967210764073,67.92978142889874,876.2523801067524,0
223.3866003993818,2.577068908709643,24.53548758011763,62.412125493338834,575.6826625115918,0
261.6144660916583,6.882312091866618,47.55240527291015,58.66526359061644,1800.5124033898492,1
217.6071254209597,1.9396832126309258,33.29120025668034,60.728906853459264,422.0888881279079,0
222.43167650138588,4.399637894129059,27.131880868347608,53.368744851712144,978.6188327901535,0
211.37472823605393,3.1175583605077652,47.585758385574344,41.724475165338426,658.9730512123667,0
212.63763552237148,4.497808415700413,45.47727092895016,44.11691572372406,956.4033465471595,0
248.26447416655435,5.3429719948446746,37.01490677849794,42.22124665379536,1326.470132786739,0
238.6297615600187,3.891627311392737,35.61799450408943,32.94839274688975,928.6580973981055,0
242.90976124157976,6.654195305672434,23.200471924452053,55.24660842796283,1616.3689929557318,0
245.61249963792568,5.383086196201665,48.957856074959395,68.40130150327985,1322.1532564155043,0
239.0140348760169,3.948400093871814,26.438059856459162,37.79476328869603,943.7230377411461,0
241.82181105674755,2.609281074030062,45.70906505986899,54.33261464092858,630.981074878045,0
221.66694998440786,3.472412816071943,32.36952734249375,39.42754655698405,769.7191580254363,0
161.49727909812282,9.639834038757376,73.18113268085774,46.14785734130237,1556.8069682167845,1
210.3060498264487,4.743902685379084,39.79108818680771,56.10105268530587,997.6714345231576,0
220.22929307094196,2.1079428269628115,48.802009495389115,32.70112748903509,464.23075861598295,0
244.85015623280776,5.501528963910154,44.6732637394678,68.89174336489333,1347.0502263327182,0
222.38621097521843,0.6992866859762825,24.500580853695862,52.480586181720966,155.5117164796829,0
239.45220063923642,0.7420119319535937,27.784640697136457,57.818124935539544,177.67639000685938,0
239.15041856897855,6.973115190299562,43.91251866347311,43.6734183504401,1667.6234164898428,0
179.00027297789248,1.1399339893760503,25.23666486070895,69.50342966154298,204.04849527509097,1
242.81997512656955,2.944563633431413,45.20085352393447,68.61758240507098,714.998868228417,0
232.3739676739312,4.586156684763191,48.04504406525706,40.269763497382314,1065.703425212745,0
222.9888091289257,1.9100656711857265,22.547610170696423,54.82843454943796,425.92326937574734,0
167.04268144150632,8.52981438699564,72.29179950385917,61.1387335966074,1424.8430674020904,1
232.26782683283415,2.1111912201056797,27.30336902086234,69.6290022099042,490.36179672250586,0
165.74410902618845,8.964424563512418,91.28584190729794,54.49611632411888,1485.8005622118442,1
223.091007733258,9.403472020921159,37.5621215980558,41.51016962249298,2097.8300493387974,1
231.1149683155825,4.362648186799472,37.06357047962525,34.66193453734216,1008.2732974641934,0
216.73656427220564,4.814142075434549,32.881519899966,63.95154350956622,1043.4006133479495,0
216.34166142366442,8.795920752890229,29.197006541822425,43.516057031002525,1902.9241094311612,1
168.78218855974131,3.274133172797618,47.872127445251316,39.97805067809729,552.6153625408316,1
248.5216313094249,5.765999279298537,20.4225923648861,66.24430399447496,1432.9755470202406,0
238.23730156664254,4.0949751978869005,36.10435650808352,58.71685293570877,975.5758411269032,0
216.36100523065707,4.737431943764188,28.71737686713987,68.95800830631043,1024.9955375646452,0
214.46388080027862,4.95779858011829,29.184778773983936,35.943497104856085,1063.2687237182795,0
248.56889112349114,3.174298746516345,30.420012971931904,47.780358482772165,789.0319195162558,0
215.32406154394457,6.02288501787495,49.341032362835406,36.31765942414725,1296.8720642610074,0
248.65333735222575,1.5177789451632648,25.589288525073506,67.07265415713593,377.40080007778664,0
225.73970684474438,8.11253988842942,37.30686135670777,61.11605977948148,1831.3223761803526,1
235.8976848726481,2.62433085930136,24.84187753234379,30.524667030939376,619.073574049038,0
229.0493125406865,9.975546664274244,37.584689200354596,55.98323778471356,2284.892105669554,1
236.13359697675244,6.03427156369754,48.273735155998885,69.89282446559082,1424.8942494704327,0
233.01480259302866,3.4296669059589577,36.91452441725513,36.298118287593866,799.1631570518699,0
211.4028511791413,5.75030728938117,96.51279996503146,57.441587949921136,1215.6313561313789,1
214.92621895955162,2.983937221479274,45.0000686151576,43.91311215144459,641.3263446252106,0
220.97121504900528,6.934646465492201,40.3000626699765,66.03419319908511,1532.3572554151015,0
152.2483823146489,4.790417060940465,42.93948834771072,61.14057179410229,729.3332481406806,1
249.80728482499757,1.4535752509696076,98.09339268435272,41.57796777217477,363.11368673353206,1
223.52443682944528,6.79040310192529,23.045115749106063,49.90987267825504,1517.8210292027688,0
223.0409380911194,4.695970940720966,23.931672302650025,58.666496725347876,1047.3937638670407,0
194.40067011638183,8.719273486358006,79.74659819443656,50.68193418760533,1695.0326086759972,1
247.8143253782613,1.4346036246052494,47.09039117504277,33.34328888001423,355.5153294167583,0
279.2903047856885,4.649981530881946,30.01360564237802,63.065991018562364,1298.694759007841,1
216.59091207647543,5.090877291253547,39.168669906030786,65.15795610381582,1102.6377557820224,0
272.0872294992241,2.816641554140155,26.01080912010351,51.702808136322716,766.3721969583836,1
225.60452853735734,4.871686768115049,40.71519896033408,31.83680224365052,1099.0745965022777,0
226.47058200905508,1.1297990475670927,27.07702600094865,32.065671888910266,255.8662478557956,0
162.98589560015503,2.914264188121976,42.46505857690151,42.58228464102511,474.98395871651894,1
237.5409760843146,4.779766037281249,38.09881043145994,46.54467397397579,1135.3902899504442,0
232.5833623350356,0.914070166148121,46.274595261545784,63.012605721213724,212.5975126528746,0
232.67276493542525,6.559480038199011,28.1491039223629,59.69821070779413,1526.2123570264928,0
230.93488589883884,6.245799341407435,36.55127852447221,54.65011307348405,1442.3729582549688,0
242.32441386457373,8.927574911510707,27.23242540150541,55.8709984432773,2163.3693576639057,1
275.90650708016375,5.245220989761977,24.066346508345447,62.68321549766773,1447.1906021487864,1
219.24385912973247,6.420662179245566,72.91844105040586,40.14448222767786,1407.690754346116,1
236.94857855324062,2.5366096809553613,41.045593313354445,45.517221506194886,601.0460582467621,0
216.50424529149535,6.237018788918133,26.680820351882566,34.51641355435504,1350.3410457635969,0
227.62825769638945,5.677841086584688,45.843348036973644,63.83955509548926,1292.4370740162472,0
230.22183751872657,4.725921275205267,29.659492618523718,31.643972614120727,1088.0102799466001,0
210.51273333862375,6.6791965607186565,43.90050938219079,37.68039106094378,1406.0559245028194,0
249.31354192077754,2.9280656019184788,43.51167072301677,47.87261873677018,730.0064061906894,0
197.4986875125498,8.373870690083352,89.10830726280636,59.8583903688711,1653.8284706912716,1
174.04650150844267,2.8130603884759453,46.67983346058321,60.60678438634053,489.60331914621895,1
216.68412655634455,0.5747368205824355,38.63403352015846,46.244952305249754,124.53634596767554,0
249.42009166547342,3.5299238811420484,42.495178509362724,37.09649669004945,880.4339380065934,0
226.70250477792064,4.826821427127301,35.19796088550378,65.61865030497563,1094.2525076454967,0
222.44011252612364,6.454316395349683,32.204068359031425,40.78591446558447,1435.6988652607884,0
241.73239092863284,5.8630944951859805,20.99893350695516,44.345823936060995,1417.2998505618127,0
225.61156403357336,9.309044538021883,30.174381552255273,47.27950369700629,2100.2280978813105,1
233.5237116605583,5.41591700509256,32.399376842033305,46.8093053120584,1264.7450410747492,0
218.0776345804793,1.5053894703314323,34.45063305984614,51.17022163803,328.2917748122394,0
262.4422524273199,3.7410125818773445,24.000273909322864,50.93393977676608,981.7997683468337,1
211.63093097365487,5.033629045805155,80.35472392407941,30.703596648500984,1065.271601139775,1
222.37307096867247,4.509449449097573,25.177573821478163,46.52217391813592,1002.7801223738156,0
228.36949565456365,6.8306149833340815,21.36512713370888,68.03872745809598,1559.90409875451,0
241.82910859879354,3.2975520171044903,33.61513643770941,65.17305996063294,797.4440648545325,0
167.96967514338473,8.992470347739902,97.00831081383075,42.89420373624705,1510.4623230463912,1
238.32606750962404,5.561385321812013,36.91773373762889,46.09820713115879,1325.423093653202,0
240.5934958841101,8.810513561144216,49.93101497589027,67.9877672367685,2119.752258210047,1
226.4198773249156,1.0071215435047876,46.77111111952587,39.85737123174623,228.03233633163364,0
231.48813946364334,5.998347698749913,32.199051668691574,61.32269880636065,1388.5463486396438,0
170.39665895430895,8.601241119711284,89.8346280915728,57.82340697214177,1465.622749659222,1
175.79414697614715,8.509635247288763,74.70501099689089,57.70309517587623,1495.944069375283,1
247.51169147147127,5.873460973864434,45.72517219871769,66.26675258460762,1453.750260432861,0
243.86802893401602,1.5273984518957207,20.64925383824707,61.395655786554,372.4836498606769,0
249.54098669303687,4.886176792410113,42.60349130726317,39.83215425111464,1219.3013779346377,0
211.72879749019827,5.945867179503406,25.088722790947173,57.89432267335082,1258.911307952693,0
212.7381267770417,3.629708910571063,25.078586308183684,59.17775953306199,772.1774743808247,0
223.69890224943316,4.1883551332190745,28.549048327319348,45.11952464839847,936.9304455318853,0
243.73210700815963,4.469523072020312,96.74998106607275,49.383523327904726,1089.366275665093,1
241.5964680089122,1.2359169260108396,82.95302614595674,45.290236586256185,298.5931640766509,1
248.65105007589585,3.817440143087604,49.606305408251615,42.089975796527895,949.2105001806108,0
216.6265266990565,3.0683117510346873,29.490017275656566,33.88216523933511,664.6777174565445,0
223.5246308663825,1.2970249329733499,28.883513918357266,65.45744221421562,289.9170193673625,0
238.55821692968206,4.478306017775411,32.81543487225115,39.56102547214677,1068.3366984659672,0
233.6842885388417,2.779895895870807,26.446893007226954,34.65850995566528,649.6179946386155,0
235.0083328697172,3.9424621668208317,96.1769955507389,51.87739409792843,926.5114612264966,1
246.9840396168685,5.177982374294804,23.34649722040572,37.10817844787256,1278.8790038682748,0
220.98287002598966,8.813871824062694,58.47930480001359,50.88917179081314,1947.7146917225787,1
247.66404155149496,6.487456394346915,46.52335861701253,33.91978968118852,1606.709670013046,0
242.32395921974046,5.931235482251117,37.33721427505688,30.699821899446764,1437.2804651236975,0
272.2657278766626,5.882489773405285,20.78854317012821,48.02484191721103,1601.600359883214,1
236.0590435171628,4.1000583556320525,99.75623634046933,32.18486145956153,967.8558537950536,1
213.6566619645807,1.5386061537382076,31.491150512547854,36.22160366001949,328.7334548858679,0
189.02712533954073,8.149226481314715,82.08686833093017,30.10214353072255,1540.4248555037811,1
217.72817939527405,6.142953216736268,23.130051586072472,30.057335945881217,1337.4940199903301,0
216.21733215702957,5.296911484788551,47.59804195344185,31.677520572102686,1145.2840699129108,0
249.87259904283798,5.262367805004345,48.595629311174214,36.56333140864622,1314.92152055579,0
216.19244962387305,2.4653987195435985,41.73152204987156,36.59786643032753,533.0005884776905,0
220.76839676457593,5.88977256438995,20.19777216016817,38.92459834154667,1300.2756463483543,0
213.8684200789537,3.5310294036489323,33.08621889447109,64.10092027287055,755.1756798107273,0
235.5880824863641,6.686749411629578,49.47081125970125,56.13578928611354,1575.3184719526357,0
234.3168023385952,2.9858840828520425,49.62369850880232,58.20085037987435,699.6428104475997,0
212.31065195888274,0.7906925394877908,26.147389415796177,39.316522170124465,167.8724485576775,0
218.59384046545014,4.60091780060134,26.337641924317452,37.515061557645836,1005.732291699299,0
245.54674397295275,3.543985667961122,32.41546233716501,53.123796298388356,870.2141414546636,0
224.1374621796174,1.8899291618363487,37.154299838230514,57.89550246276861,423.6039260332506,0
220.19271271859049,5.567713337361786,27.67860995749791,36.01246205071052,1225.9699033931684,0
233.90976356683532,1.423011822228587,39.442613363253685,64.52271985013964,332.85635889030027,0
228.00826464460476,1.9840177665636578,30.837851872111848,30.878822832100298,452.37244797824417,0
230.59105688001813,5.96135940295354,72.28303167500087,43.93981392984011,1374.6361651686907,1
186.1283329993362,2.003182776808818,34.2944548636586,54.80438128064629,372.84907094040665,1
244.44163738105192,1.9019938918237569,25.269314976165994,40.135143794318054,464.9265012061585,0
160.83071546841566,8.791044272502837,98.23059468091702,64.85429364928831,1413.869940061149,1
232.60905524683324,0.5385677288493671,26.465034675012966,30.99096507737535,125.27573059408394,0
276.70855922535765,4.716529323607279,42.46170905889988,50.90824012688408,1305.1040336795209,1
225.78286793852953,5.647182722906332,34.04812790793478,57.2085161767553,1275.037110950706,0
238.09258073542998,5.603903188313951,35.381404447789855,62.52263797022675,1334.2477722971728,0
248.26537291455747,5.392366365996162,25.134249492381926,63.18337885453725,1338.7378467459544,0
249.3784383189546,5.1723237838779275,22.53172239710573,45.79841710441395,1289.8660277034637,0
243.56054412639207,5.240745973143523,31.08080211834917,56.13730750010516,1276.4389408470345,0
215.04210435809628,2.0265815044909035,30.23366938142943,37.81933625454012,435.80035137892065,0
212.32791080521147,6.175166676458045,28.66830253894561,41.612824157342644,1311.160239286298,0
229.01589487455533,3.842572791495421,26.248440758752402,54.34281351454602,880.0102464649419,0
233.41806787429755,4.013811430986678,75.86645195068306,59.20043955098311,936.8961090326798,1
278.323020536288,6.733932551449201,47.81207348153555,40.49792267855361,1874.2084478069744,1
221.90658023717256,3.3685222305249916,29.425022383758908,44.96851182956232,747.4972486286936,0
240.50102708375903,5.281128288741461,44.432707012374564,31.28737612861609,1270.116777603416,0
241.57531842754517,3.9650123451101074,37.344220212863604,32.10347440857508,957.8491198391218,0
235.5341721954191,6.084682285719395,47.50950191544207,50.01677983340327,1433.1506052390482,0
243.32198524275964,3.9945599048578053,35.50575576611952,66.20336151043816,971.9642462211302,0
170.97501946621426,6.0548327715601475,23.334434824013268,61.78648617175847,1035.2251509821683,1
242.32475019941285,4.4780060941196425,25.797079744546014,48.93416717331205,1085.1317081489908,0
235.3541160353417,3.2771067755060783,46.98099586762781,50.770536579513774,771.280568302662,0
212.49002359765817,6.493782533684641,25.31349706035119,51.13378773746217,1379.8640038207097,0
270.54746579941684,2.444109455340045,42.79084993399735,52.57364671492603,661.2476192786421,1
238.41679204962657,1.5480953630234855,99.11626768467279,69.14991658461949,369.0919302389615,1
214.15741291889208,3.1826587260396955,48.910498167815064,46.01243596924452,681.5899589723981,0
238.14340235995084,1.6617530378689758,30.899704507212544,41.65229785097951,395.7355223201021,0
216.51011544856655,4.066558161440536,45.726397698105345,50.566821868304075,880.450977011801,0
213.00992070711732,3.4185362651057796,22.846795023075558,53.97846703146627,728.1821387645871,0
221.49063323966993,0.9989837914423747,29.30713584322203,50.267087084283894,221.26555256273792,0
212.66662205103293,4.734484707154456,34.66627282260484,51.47632031656939,1006.8668698228121,0
156.9620444546014,4.310861054241725,48.35065752605716,50.71478476724525,676.6415644334995,1
174.91728529880368,9.169823000543635,70.36562653035227,43.28300968725344,1603.9605459256231,1
230.87491891059588,5.813409728295196,26.193280763872067,51.09764182231114,1342.1704996142225,0
214.8275387138496,3.8214791475732257,22.37445862849183,53.494185245519574,820.9589595194561,0
214.26859887473503,4.074983655667825,37.74222238696741,31.159477203750324,873.1410383373907,0
243.54010101294548,5.195055152410701,23.93555311762396,53.69898590254459,1265.204256585925,0
211.48924807009166,6.059759846443547,47.1880219186949,64.01809093449035,1281.57405340968,0
225.05960781378508,1.4865377699715048,93.06903529310121,35.65259893611027,334.5596075101655,1
165.03844408645415,6.382344810233753,20.513662573914857,57.952823249771285,1053.332257104234,1
268.42714175491216,6.354595229962985,23.539616249731857,58.347388752403816,1705.7458345883629,1
214.05341936530388,3.013319619213025,46.406468734567035,69.2213548515456,645.0113681331035,0
245.456655512255,3.8127537055722085,41.510451129918245,31.814856890952928,935.8657728617113,0
212.8064774484396,2.2460167211096955,37.00442977606036,62.28655065686722,477.9669067096487,0
247.4476616446084,5.767161299242931,24.68720438315308,45.558339425117495,1427.0705778249448,0
247.5362412643716,6.92015314684036,42.895593138884216,52.95077222317455,1712.9886989426757,0
171.3441210903853,9.308698692324647,96.15506729199731,68.79237956705416,1594.9907959315856,1
241.8621449240528,6.034950234368709,38.695197290941785,43.90367528919052,1459.626008194331,0
233.3779561724605,4.442415787677191,38.57780641363164,63.8823276348678,1036.7619169963739,0
224.69175790460673,4.309011227779624,28.49983215834879,69.12612488336157,968.1993076004916,0
228.7851552256946,6.202872797134944,22.401909879806787,62.827520083770075,1419.1252157377567,0
211.2720816327868,6.368933797784,21.175905063672293,50.60871185085171,1345.577901239236,0
212.84800393897993,6.2668280426762974,42.97476640887331,37.87764692979566,1333.8818399124743,0
241.78718273724863,6.28233916888462,34.04920780517439,65.89999509604817,1518.9890886444805,0
237.52912168710765,6.863690836263404,27.078553675835803,36.74085104329912,1630.326455869496,0
216.57596090881236,2.347058237081682,42.28955970111812,49.10096143685149,508.3163930049084,0
224.74896021103172,1.7644448368503458,33.42234362860986,54.98542234752705,396.5571424318387,0
248.91251445880857,3.3813276467737685,48.43882750254184,35.386357064967406,841.6547667675449,0
188.51346532971223,4.761590985579145,43.538123760334045,65.1032709013347,897.6240171742445,1
249.12894674325497,3.8273399854224595,74.88247323347142,38.08337259909756,953.5011793966422,1
229.894052925074,9.39631528803969,43.3628763973508,47.942194241828204,2160.1570041292784,1
222.38680800360638,5.054058328054957,26.725720965181967,54.869064612355274,1123.9558990401856,0
248.81669917547455,0.8950819761503543,23.243678218881843,50.243338625830276,222.711342797192,0
211.59710635220685,5.868060235586438,34.841704943086874,43.865749865621154,1241.6645657505396,0
244.45628726216725,1.778763631783172,24.812531162978278,38.52714116893132,434.829953342683,0
242.43723422513636,2.6513615096231673,25.203859943444385,38.36776670514482,642.788751324023,0
219.8414090485692,6.202321503783884,23.11674063242942,31.294741360220808,1363.5270987640897,0
243.82572481545282,4.732991877826796,48.73233899351751,43.451861650790306,1154.0251751567698,0
232.47900957254996,3.9958838143238657,37.73071964585965,43.90135450641395,928.9591115209954,0
211.4012661176247,4.814871999246334,35.697741444664445,62.84045038605094,1017.8700368349738,0
242.618889489247,3.2656941874350314,22.900951566390116,69.11646250362777,792.3190971669762,0
235.17914055849386,4.860181712182191,30.87236756680642,59.90113279448549,1143.013358029117,0
221.41830881148604,8.595343958692608,38.755719420351355,30.87155799049022,1903.1665229867408,1
277.07526204003955,5.815782529600202,39.84206099356349,42.99499468397155,1611.40946835686,1
227.79317030391837,2.7027322606163824,45.444088679095344,49.34028298310661,615.6639501284819,0
270.8588481159545,5.3057042201155555,46.41591576958487,55.641692730715775,1437.096933504458,1
217.38508826949263,5.440233060505805,26.203446779723603,57.817220858729996,1182.6255440646664,0
213.64215401237857,2.132151454092474,28.547894165753426,55.8883653797964,455.5174293329413,0
247.21227651947552,4.103350961224777,34.727951924493965,47.387780572334705,1014.3987324827552,0
210.8978786864713,6.935561434764036,36.725731285827976,31.40780008560711,1462.6951940914346,0
227.48315033158715,0.6562450283316577,47.732862564724186,30.422674882952535,149.28468643432714,0
248.47162990504896,2.044429230389669,27.6253722273079,30.016925142406095,507.98266310044596,0
211.79553646308352,5.847265843974766,45.102127098347566,59.06800336738091,1238.4248062669003,0
242.85017799555368,4.008534381578732,29.129308294397696,47.49107076457562,973.4732880676918,0
247.79634746999653,4.52425671278696,41.93702434791719,57.06333481679506,1121.094288445222,0
210.6904394198896,3.9149133186015033,44.65130685876602,31.780754056463998,824.834807386929,0
248.49056312140686,8.601154216108045,54.457916856173924,67.34630181633086,2137.305654654751,1
179.9965755146744,9.262544513282318,74.1409274558991,31.546535447123997,1667.2262929430537,1
221.43352578655714,2.1468144059126946,38.45526048981941,48.23557696536964,475.376683110621,0
211.394636252681,1.0888220137843274,30.592434722025978,30.247318038549178,230.17113354784954,0
224.42678657237212,4.110368465865371,41.624756842484025,40.03891261919418,922.4767864225763,0
221.1221422385355,0.5114606826873858,23.600388665773423,60.033214547453376,113.09528182661859,0
249.77198535216155,1.5909048888712596,43.663151466964806,58.20177887302138,397.36347259983444,0
223.2295657426386,4.163085276286179,45.57122292447676,45.447477764778576,929.3237183749366,0
224.97676707609187,1.847532376077819,48.17621051195052,57.8909738550379,415.65186103839807,0
221.71954149050427,0.8264037719852451,44.90050011124358,66.25185607628643,183.22986541059177,0
227.61160184034784,6.557241331936768,24.356350601440116,41.676143626252596,1492.5042032158638,0
211.20233248807995,0.7357760254849393,48.58378481248739,52.84370435945016,155.39761277122813,0
225.14698642826338,5.146479037492657,30.99551610663861,39.11041612373153,1158.7142460077011,0
239.15732046872148,1.6736726083889608,22.089448097788928,47.07817781985908,400.2710563641997,0
248.59992233371548,4.577404289236458,24.580904313396825,36.89816345793843,1137.9423507941997,0
224.26263029351173,5.532733837220139,36.3741945685675,47.33335502099765,1240.7854430489026,0
186.63089684243155,9.618957168244336,88.78644972575636,57.94440888217714,1795.1946029983762,1
229.1798734591304,1.7807280620417614,40.40739472095571,38.858077617068375,408.10703192385336,0
247.35048479227004,2.4890990678945997,25.89896127398007,40.725869238631034,615.6798611397166,0
228.98185705792696,0.9507858616208781,21.580194686163527,41.7164306215229,217.71271225836983,0
214.7058491125694,3.1311453630834727,28.52086004608347,31.042222111802804,672.2752238757214,0
271.3320343508098,5.343807242641102,32.55549159958052,45.2596517296891,1449.9460903244017,1
230.9542242817129,3.844264071571098,34.04306133348816,59.620734587297974,887.8490265837621,0
175.09789143319898,8.2731338534066,70.4991839260585,60.06212225396105,1448.608293276112,1
210.08028183355896,6.170810323978443,33.313665154727175,39.55439518532901,1296.3655720028264,0
219.621515732202,1.764615047730268,45.2367867372289,36.81326537479478,387.54743146637344,0
213.0928097868875,6.671888945160902,38.099417133377656,66.12610044809173,1421.7315619104095,0
242.42688227049646,6.048754116420523,41.0884787353601,33.71789865814825,1466.380602064659,0
216.74238688224887,1.2676289202834097,41.754129925995315,52.28027282757371,274.7489178631942,0
220.11469201312562,1.5049489887907708,26.19643909306688,46.01108029657921,331.26138316314535,0
237.9445200503488,8.983023640809687,55.41763394043172,39.31658243556134,2137.461248813398,1
213.86659068662684,2.6784954270450845,35.20641332096609,59.309608573431696,572.8406851518529,0
218.72368513625864,4.605255963386821,31.473733503629347,49.28379468929391,1007.2785553076964,0
240.06482203379255,3.320621251617746,96.9612048872438,37.08889533225879,797.1643498112436,1
232.05350170796305,2.5748717332672713,32.7271173588582,49.69690757594378,597.5080021535225,0
164.49839394458243,2.4864169842106945,32.26027936376592,50.62944417657479,409.0116005791914,1
188.60127366233147,9.498766308719725,83.07907798001135,34.39859312526825,1791.479424045383,1
220.3884441626532,3.664065780210034,33.829393600800714,47.336328694873615,807.5177566101074,0
249.480923279259,2.4392985992437417,38.45807481030763,39.58030976161219,608.5584666931319,0
218.001969325855,4.128249529448425,27.950353594510027,31.47155666875323,899.9665272882908,0
174.72155196467622,8.954355218222405,82.97440001265782,59.02663054760036,1564.5188405708157,1
221.81484730829945,0.8360694989643561,43.027853547595285,44.101085067136864,185.45262825190508,0
183.81799725877187,9.554305816458948,85.17778763476511,50.37607478123881,1756.253360379319,1
173.3928014661345,1.8809199138480748,40.955296472039294,35.801730866767485,326.13797319555806,1
234.99120402736253,1.2599382191413442,43.1123491013382,64.63863814003281,296.0743991161154,0
160.78544660866703,5.717010528696227,28.091510122476166,59.321271237835944,919.2120911228745,1
216.79985186992005,6.383370186487207,26.01931048871587,69.58348296562679,1383.9137108612904,0
220.53933508571612,1.7990919322822925,20.41980230511388,59.294716005892624,396.770538503613,0
241.6940385741972,2.168540552019674,33.3300550124891,56.364540864861894,524.123323829554,0
237.89303081271663,4.620827154862874,23.439434090665294,61.24172484307872,1099.2625767320314,0
178.01117931458163,8.922040988027996,84.08146151747786,65.2588785528927,1588.2230381718987,1
235.5292898544081,9.130944263100501,29.038108434130155,66.72306249074566,2150.6048179882428,1
241.79803731298708,6.7833723335844045,41.81278187672709,69.71435100738519,1640.2061166239262,0
218.6984137441558,1.8248267091573236,29.73692852766429,30.285200808840244,399.0867066506746,0
220.74671138511312,5.798691009902893,30.77517951677901,49.198259738532506,1280.041970774484,0
238.8501638971896,5.530706735832503,76.62994472570905,50.039873464487826,1321.0102103208837,1
240.87624973600356,4.546141573688743,34.27949164581641,61.17453060190873,1095.057533039078,0
240.14487522337436,6.124933028603358,46.35864790422717,61.346943720784154,1470.8712779054779,0
249.27232090871308,2.967358684845859,39.15876197307277,36.44296712277875,739.6803863401537,0
189.06642548840568,3.6951086103518316,40.615210778285075,51.57698684177501,698.6209767506508,1
212.58816787359405,1.4379331147893164,46.49173187697702,46.40657260167213,305.6875663978312,0
231.12932930859833,2.9627354670830264,31.634496278327934,52.21860023634691,684.7750614256967,0
225.49036161017736,3.405341201117804,49.55378671028373,44.05819077142871,767.8716188460894,0
215.49661999305872,0.9256289818964243,46.14626042003691,59.22939609622746,199.46991696629556,0
230.18312011588915,1.3823371989369506,41.214808819425805,32.81322368349756,318.19068950356586,0
265.5770106017353,6.17544612436874,49.58215611016563,40.17396404790552,1640.056520841922,1
239.8876048442268,9.914471222968054,39.464683692079696,56.96672162226619,2378.358754974818,1
215.8748750333283,2.3784079247111714,73.21955981422045,35.58553596919649,513.4385135253018,1
222.84717035869855,3.2506234569239068,49.47469495382185,36.26817391183793,724.3922392771034,0
213.95484620214603,2.570226036215211,35.82577771023796,67.8652698386135,549.9123162831769,0
212.5962678485868,3.02304941174206,24.37223527621933,39.19958453165781,642.6890224582277,0
212.69695464814725,3.520704415625243,38.28384758032293,46.87433569469988,748.8431074197741,0
249.42077427611463,2.8862524877134796,43.357315607998004,43.02585968749813,719.8913302418581,0
225.53854570443985,2.72650499181245,20.65554131623336,44.40083751418014,614.9319707092757,0
223.29515759510483,5.482324492535963,88.4888066855589,64.9529494941336,1224.176511548321,1
223.2470565640427,6.975765190720827,30.66899965422067,47.14410559122048,1557.3190461103325,0
187.26429980590643,6.577917266743336,20.23862543835622,66.87553942341829,1231.8090711378727,1
220.63094627269743,3.847421055730914,34.39777067013182,54.18839175549568,848.8601482354121,0
247.37502718561683,2.0635675133948155,28.220740821154575,66.82951742772224,510.4750697253982,0
234.3824328761924,4.93128368842647,35.16625170289218,57.76927515292549,1155.8062680960797,0
244.1052893108616,1.4101669815542563,32.02437332947249,33.01030405232823,344.2292190089262,0
236.78983229702555,6.617940628119388,42.18008587688003,51.64411665816604,1567.0610514840619,0
267.86700853127326,5.19811851960861,21.440761627997393,43.382311713243325,1392.4044578385692,1
241.68203161801165,1.7364345766195366,41.944613956803714,68.21646776316118,419.6650362491715,0
175.72645804653365,3.365426416775806,34.04533288640601,66.25063170292198,591.3944640362498,1
169.72061846803751,5.1641709290482405,48.56304607131266,41.812248337641265,876.4662839527273,1
234.07227569195487,1.3501942243688394,37.47598491463442,33.554059402857234,316.04303472414813,0
234.81657498854133,0.955712655273472,26.208594558458877,43.414971395181,224.4171723845212,0
237.04418573016633,3.9386387136369065,31.463254109159806,48.027050173666,933.6314067593703,0
240.8210111723052,0.7665304765160861,44.87952478767698,51.6398608565892,184.59664444899278,0
238.18314511092797,6.087136962247524,48.27938439438993,51.73479548975939,1449.8534263890954,0
245.14523704692027,0.764368119405747,44.22011512159425,57.21686505702593,187.3812038228305,0
212.12616341748318,4.656678443054033,73.74014365504605,33.13874446976219,987.803332393951,1
213.90390159394963,5.231365490231854,49.06822131522799,52.78331831132371,1119.0094890245384,0
243.72825566101582,6.045171937045168,41.98357917093183,54.60528739253404,1473.379211386943,0
247.88812596842274,9.743984747994267,30.026481388458684,64.32713545242517,2415.418118645193,1
233.79720949603302,5.9639040462769435,20.887485336357127,44.51770368702583,1394.3441237216496,0
241.06393928786753,2.9635442421979854,89.745922246401,34.96640746191243,714.4036492781245,1
210.74921168241679,3.0454122259901104,22.245284644142153,49.005887206275304,641.8182258754099,0
227.77540106552223,0.7946534633119615,30.84849023845497,60.25935396399666,181.0025113139883,0
238.6068781043832,2.901611703619266,32.69718324470559,52.55568451317065,692.3445100717339,0
260.6582753732235,4.647743102860271,48.472912667852796,69.5889253021886,1211.4727015693527,1
228.72326484340394,4.692264509843775,36.66904271614909,55.363522304564725,1073.2300582003027,0
179.8750956674718,8.92372891800034,89.18805245539349,48.2282513768119,1605.1565928358957,1
210.65223607146018,1.6314168931475046,34.655409199872594,62.906138362014765,343.6616165062763,0
230.90573732524595,2.742253550935009,23.144119686187672,68.33193932285202,633.2020781114221,0
245.08639208072043,8.023665671759545,22.452839313402713,62.2028864331241,1966.491270753477,1
238.9128120445879,1.4504673699164394,27.118452457901583,52.91106066387974,346.535238125654,0
213.24299664589196,6.485388258064975,84.72421748358109,47.9236445118368,1382.9636265618567,1
157.11212952440326,6.170709079226223,36.140658894070256,65.12826696907374,969.4932441128016,1
240.48146205231305,4.924540874523749,36.28800162178888,62.42349377643892,1184.2607894418475,0
245.08187698431,2.9769039541061795,37.69769534821445,64.82403370302848,729.5852086743566,0
229.42965426467418,6.744821841236348,34.20805404484054,40.113177807821614,1547.4621431116784,0
245.40336477493787,6.706739751989077,48.50322928058418,57.95769567874285,1645.8565018079519,0
217.30755739629367,1.3009365784580196,21.792998229240386,30.70859638035877,282.70335019220397,0
232.71285522001884,6.992339527226283,98.59156216604923,56.204358828588255,1627.207296048625,1
216.08682864452518,3.8513597341532906,24.73231018656582,45.93805216984756,832.2281109224061,0
248.89461939119911,9.471480899786899,20.619996667612842,65.19942766243346,2357.4006336234725,1
215.62094896720345,5.274200603971831,45.94905678291441,51.453985115982235,1137.228139271804,0
224.05262181012702,2.728780642374364,29.80034311428537,39.716386872865996,611.3904572686988,0
246.0162127426027,2.4960356850417176,25.600828923842364,63.54310665485699,614.0652461043512,0
166.62078942419637,8.288502628233182,86.2428818291499,54.57734619340381,1381.0368510607393,1
233.95866545295502,1.6724684976879638,34.3884126249225,56.32370243758672,391.2884977311846,0
237.17789343266392,3.4327433235999574,30.00798742526832,42.144201883483696,814.1708301864793,0
210.92358490728805,4.845413399899739,45.353169229407854,44.18508377772474,1022.0119646646638,0
249.47102389542232,2.2140386604319353,23.79863365072319,44.79010031892112,552.3384915620042,0
244.24574392280078,2.8263661153119797,79.03137597093671,49.343091645922364,690.327894432571,1
224.846121851207,4.575317407239671,20.344774089006126,60.53358544133107,1028.7423752561597,0
223.97897983832678,9.1906215036869,26.825743550084212,42.45505347621295,2058.5060284759807,1
240.7310379119809,3.1065638285242843,44.48376720961862,58.33491984090905,747.846334780468,0
234.5966896966424,8.461979746399905,42.231849645771916,62.31573427738019,1985.152436785451,1
233.2128898365681,2.705531875255022,35.89305402591441,56.67676078299878,630.964907173173,0
249.77931529808535,4.164538789792665,44.73384677278816,59.00540891643165,1040.215647446729,0
219.69591505007557,8.555238999238776,55.9295439280059,48.684923707725574,1879.5510604098558,1
238.9548415325887,6.412489679738929,20.751090087123316,47.929553862215855,1532.295455251376,0
222.7425239250396,5.520650193801071,49.14431210810822,67.73709465001133,1229.6835578745095,0
219.05353113749945,6.723688451637937,33.75885462294398,38.33190892338767,1472.8476975997162,0
176.85564019299954,5.853455776538657,47.24223207588773,62.54446061384468,1035.2166687011554,1
234.27781651352814,8.246175706806541,38.863786891071754,55.09348441701279,1931.896039177536,1
182.69385293531158,2.4094375667874317,40.30299623718922,47.226942859298205,440.189432483478,1
238.57053851287395,1.9154570205686157,25.298702780737745,44.33291714357533,456.9716128953197,0
219.3598591516251,1.6938000020822572,20.29860877140093,48.86572388406894,371.5517298877862,0
219.35470974549506,0.8487390660629899,32.87767623787511,61.52820444286525,186.1749114859097,0
267.82084584378936,4.4379596695193335,49.904763104337206,64.36072617483073,1188.5781125112917,1
212.02222838149558,4.46551636085309,38.78768243396894,65.12763376303974,946.7887297020989,0
219.1085815406297,3.545355480073731,44.26956202013565,66.91299858393486,776.8178102962534,0
231.58418940053303,1.5330290761076177,34.90999096782708,33.60456482998004,355.0252959178307,0
265.8474516866051,1.912358366668194,43.76647711414324,32.48181041687318,508.39559849029774,1
221.93976451149476,3.842223175986573,32.18824401678759,31.79265242683229,852.7421068790675,0
154.116469704913,1.0468504010822899,21.654533724168406,37.700865637504066,161.33688812397475,1
210.83976283405815,1.5135881545025112,43.443338116533155,60.48666233048188,319.1245675237492,0
154.76284002938075,1.9788392573672977,30.006608438039432,66.60564795923639,306.2507834317937,1
164.16882712137104,5.165662702477835,48.23869851182831,55.02677319699626,848.0407871703981,1
237.1883451711638,1.1818785112705235,46.163312263790814,50.66641983207761,280.3278082816141,0
212.2802637859877,2.975094274848713,47.09620003747368,30.839319851452128,631.5537974530666,0
247.24632364442488,3.066466498472637,32.84527062386451,53.14240220796479,758.1725683261519,0
216.74406764950209,0.6206110039540926,38.29434973936105,66.83226348031249,134.51375342505125,0
218.43810877011015,2.9064916578623277,44.262266870633596,40.770412658839106,634.8885408995488,0
184.07722996495576,5.6491347845842395,27.912025608350973,42.96936505496332,1039.877082844944,1
235.91235192087646,0.8978747954283659,34.68204755791181,35.354918764509804,211.8197547199816,0
182.88550988661413,8.259785652597511,95.22044525852746,61.478387318567876,1510.5951106294356,1
228.64764145315755,6.7689852438168305,46.370959156294134,55.77721974058474,1547.7125110299448,0
234.7208911472605,4.240366022449325,31.82725963504749,42.266958867523044,995.3024915798699,0
232.9564562413359,3.2828764906221135,27.907234646041516,60.43853271043235,764.7672735333208,0
212.707006529024,2.894057286569816,46.54740371635981,60.20946124799808,615.5862621497753,0
247.52732608178036,0.997918904328366,48.83704111676567,39.828203699387025,247.01219803486043,0
227.35232146073307,2.8333077929655563,36.172670156203814,61.87091442279382,644.1591041435053,0
279.06644320932713,1.664419747062522,29.150559465784045,31.43449593818634,464.48369882010593,1
237.97588429863157,2.883657254309102,33.562297120373614,36.27913580522625,686.2408851083725,0
240.06086392365015,1.6772283218588084,21.349803908598265,33.23764537236074,402.6368799426395,0
215.42042409979356,3.710472422097431,24.579245927785102,36.80592192820959,799.3115427788168,0
222.8329702343355,1.0836822294735922,31.818838260212758,53.911372384703355,241.4801299837673,0
238.20326523341342,5.319436492255828,40.898191620824356,67.46854238525992,1267.1071416571133,0
217.57825812459907,4.463124680072136,37.8463102830255,50.40393334699228,971.0788936830039,0
232.20952919623994,6.563187369674363,30.03733067338589,68.70396773281001,1524.0346491387922,0
215.59418010071272,3.0896221970264,34.83833938770633,55.178576407063645,666.1045643888693,0
231.4687450962487,0.6564357493244349,27.60860507401968,42.42786631756688,151.94435913244266,0
223.19311317699518,1.3723063158125965,84.27927905979239,40.793504192715105,306.28931885866615,1
199.12994375555937,9.348583011134474,97.95042986862899,63.39980088819287,1861.5828092013858,1
237.01551696982253,4.561441759024205,39.9878907857536,40.59094658509105,1081.1324766428586,0
233.70463246392586,0.7335350228630713,34.4850470420508,64.38907733591412,171.43053291763152,0
232.09293474621998,1.8123832833487403,43.830300319563136,44.35513152150115,420.6413551173991,0
193.78225502848642,9.347962544633102,95.4777587949894,35.541897697787775,1811.4692618208305,1
247.37498161530004,1.4602339880287327,44.28956996211355,62.928397687225434,361.225355942644,0
236.6959449824323,6.334519499961194,82.7659493440265,46.540674175143955,1499.3550790529594,1
213.29087562704825,6.298166198694827,46.075485919415314,69.91637287161146,1343.3413833642976,0
240.04766545805543,1.8173673909974806,40.02586454672509,55.989313950295625,436.25479948854223,0
187.93576983763768,8.833506224585078,91.49079357132925,66.03178801051477,1660.1317926829608,1
220.61178702338884,6.475425399637884,48.38698701333581,49.3655650847178,1428.5551691507555,0
221.31127222412118,3.7418850170912945,48.03593454773155,35.99238509697822,828.1213336488519,0
246.46431427829955,2.7692752559376377,43.04244221130611,45.57039144964408,682.5275270025323,0
182.95669775838314,8.255611685590425,80.58418027797717,51.88156574482624,1510.4194519711434,1
211.42013474874528,6.680466722489224,28.26127044424834,30.647386757275648,1412.3851746531805,0
233.20779612991907,1.3956058843881296,21.251743785605097,45.18505865650845,325.46617256410235,0
214.4735921936645,2.5366309089835513,32.53282014873626,36.378403911470684,544.0403431191827,0
213.40856347607084,0.8023702262429463,35.59506101465404,39.915878910035026,171.23267735847713,0
226.9565034995053,6.448414806863066,41.72577339962465,62.6246366138811,1463.5096776800792,0
190.52986294056691,9.21681584387896,80.96277640906742,37.26572946230864,1756.0786594827039,1
249.7979994448777,3.5378314500229737,41.71038104278423,49.803697999726246,883.7432185889096,0
226.41222454239661,3.7800604390560344,31.00686985596125,59.950932872872315,855.8518929113852,0
247.69999719491562,6.907224754806271,72.8493252414952,43.40773740688195,1710.919552390165,1
243.36915293475877,3.725931095661831,38.63785267776648,51.59643462940025,906.7766946444975,0
235.18236223980585,4.960716665578783,92.01208035179069,65.88521865243746,1166.6730638131912,1
216.65728306649828,2.5730171503072814,32.965017655219576,58.55565877312452,557.4629050690794,0
222.63141533759517,5.56897677662556,40.12573109992086,59.26959894342421,1239.829181762347,0
187.0498724824736,9.281744754905425,98.91337409248911,68.66490440639055,1736.149172819928,1
233.59367647552872,1.4188229367744618,21.99369577871402,47.3111948903561,331.42806606895317,0
232.71044489190908,3.2927699942090127,44.54337640323773,61.77709888734988,766.2619702791083,0
223.197200833699,9.754317416540106,24.30314810855451,31.51928883840781,2177.13634341515,1
221.44351112819876,1.2340228433776879,21.970712880219402,60.22430854007193,273.2663512499585,0
246.55688796265216,2.891997799412624,40.11817429164036,39.01608459075201,713.0419774180149,0
232.988368114703,4.14417901344891,43.061876840362444,60.31253222777064,965.5455055186613,0
227.96522263573965,6.289162510824012,38.677354706638965,69.60793961849429,1433.7103319723433,0
157.70068088787613,5.913780208164858,30.893099618286534,37.77283893535629,932.607165448844,1
218.58216830571163,3.8764102957802136,40.048681584130975,61.98229508796744,847.314167694224,0
216.67816022817783,0.627422235818931,26.84263305041728,30.95621409991185,135.9486957434959,0
215.82772355320145,4.269321388480598,31.511802784738194,33.74341364283038,921.4379163927606,0
218.37392463871407,4.921152783710686,30.933087343122196,35.881200368605846,1074.6514471256353,0
218.97513335720743,5.67256351064951,49.50102681094836,31.019655561190696,1242.150351221705,0
220.55831334493945,0.9316561851504139,20.430539287558805,65.24038676849709,205.4845168141559,0
249.78175568362417,3.3754515895963797,25.627932553141232,61.085742740901836,843.1262242744638,0
273.19408964294183,1.591090440811203,36.81970560502046,34.79543483296017,434.67650451700365,1
216.8875411022305,0.9369861312102682,40.13989452159771,48.53614189544138,203.22061804508698,0
277.24876286755995,3.876469089379507,32.896755806922755,58.776180537271145,1074.746259324805,1
249.72684332776174,3.263168204735651,25.2782983197496,48.87740211145251,814.9006950161535,0
232.45015283178003,1.317680450846648,48.49928820647558,64.39291526160645,306.2950221827521,0
216.89571690988038,3.8308513841721075,43.18644161125175,38.76317342670118,830.8952573452168,0
231.8213710633046,4.995381241663065,27.33096473878151,59.59071151002553,1158.0361284262447,0
220.56441560716303,1.526180254973856,84.2671023026096,64.26792892510275,336.6210560494996,1
211.87108600760453,6.832769563431649,44.859497298878026,35.26376308206041,1447.6663078439694,0
165.31186859962284,8.685468054727515,85.30576776740818,66.1493014274477,1435.8109537893367,1
236.74430369067323,0.5915283557817104,38.89725657080888,52.06129957322375,140.04096870282984,0
216.829283044522,6.221965562228152,82.59084770498791,56.18306056696554,1349.1043319856362,1
239.09414068303838,3.6150754377556487,28.62139745766705,44.53533483985986,864.3433552945456,0
164.37064445419588,8.83397720656701,92.9286169551165,45.79899998178069,1452.0465265370965,1
240.3446193620344,2.5977854769060973,43.925436788164305,43.557028678788384,624.3637616312169,0
218.8978467103946,1.7993769472114554,42.1137221844019,65.5003704422767,393.8797391649109,0
213.40961191184616,2.5394853458748496,39.73541716764076,44.740803689041556,541.9505821189721,0
239.7721986270078,3.1551104525078153,49.99084494113585,41.9179704094201,756.5077701088524,0
267.6837830410796,4.264073748178658,38.38957586191066,48.72735584115068,1141.4233920786191,1
247.23230615411936,8.238962856746157,21.211084053245045,42.022555404478865,2036.9377873914839,1
227.4483505689049,8.512507228388671,22.370911470719086,43.5002231378989,1936.1557283028835,1
237.4809535228482,4.698817707151801,48.42034708795634,34.01583676211444,1115.8797095244531,0
229.26312327747593,4.8595226600509305,34.863550743242186,66.51032927786954,1114.109342680944,0
211.5866163876486,1.238763798929873,42.604866844416755,58.63150785385177,262.1058407190813,0
212.35634644262663,4.261666060359145,39.072164960802,35.411985500513396,904.9918343364104,0
222.23326116473652,6.55348669663977,26.575994101682138,59.33042903613199,1456.4027205939724,0
210.46084048104174,3.860490790882015,22.984164497585045,56.362487833012466,812.4821365183504,0
210.41708909333897,1.8305033922893785,43.286751586160676,41.03090457208084,385.16919538101337,0
222.47994457636736,6.489924566584009,36.09731053350302,57.846940594240834,1443.8780578784153,0
211.6134395013101,2.184983267936351,29.27402876760962,57.507221647196076,462.3718245808238,0
224.9831842773994,4.751763647157071,24.906972420088614,32.539587792588236,1069.0669162709867,0
235.96381094549685,2.843453504497445,81.15864873213098,33.29469788611903,670.9521251675455,1
279.34328110272105,6.699765405261349,49.515170256223236,64.65795122537057,1871.5344509242068,1
193.24027155959098,9.417714226408549,98.8835952648421,52.850473137704775,1819.8816545818113,1
233.89595564748612,4.962776032138371,26.60963086137285,45.764535340509134,1160.7732427014435,0
224.96422949266022,2.9371601620513155,23.992599175183923,67.62986892310664,660.7559727524113,0
240.6245313608866,5.438769955947152,70.29192880466569,44.78417190455058,1308.7014718294533,1
228.11002607432144,5.556909771683297,32.76374997903302,36.15451877815348,1267.5868329113284,0
246.62149599721798,2.943568489394619,97.01234914265855,50.21683706105578,725.947264424772,1
245.86032940446125,0.7082422340032332,20.840565538184315,53.993184168253315,174.12866895018644,0
167.40563540168142,8.450724850640647,89.8404952024919,48.75004241737656,1414.6989632262769,1
215.1261993825253,5.737282842196653,38.511627383126296,35.41528173237824,1234.2398526243387,0
242.4163973094012,4.194307798913035,23.259463373987913,44.911081831571465,1016.7689858192222,0
230.69862214614906,5.981847337667932,33.08801404413259,47.33368121473292,1380.003938688602,0
172.64764349589626,2.5714593512523365,38.23168243511379,53.036418696695854,443.95639733920206,1
249.62782263596722,6.232291272162564,42.487588702304464,51.49382353652002,1555.753300303083,0
217.39589580892797,2.487293581095054,43.21882399469631,48.149958157502056,540.7274162019557,0
270.16694192027273,4.881794104127852,35.50545368923778,65.56907566339949,1318.8993841966394,1
215.19819616307683,1.7819446813607265,90.43531288211582,44.90704381983352,383.47128109121707,1
235.10426885328255,5.619148034073361,86.44647731964761,51.58014361800024,1321.0856901291775,1
226.4312697163774,4.047551495962095,33.8594247699923,66.03128000753702,916.4922244731199,0
227.05339621761385,6.996117579220197,83.0748470266063,35.97517914551305,1588.4922566996968,1
239.7037273856892,6.011595425431086,33.80309897528787,53.779073642337586,1441.0018310105893,0
246.09814156822083,2.373149654940982,75.72906693277749,50.7598182572866,584.0277197442402,1
211.77329003209127,1.9369281228069086,33.670509995039495,43.24017343932726,410.18964112250154,0
242.7307027263836,6.917977927308038,78.45045500944505,42.61301421520584,1679.2056437410909,1
169.94029866096406,4.695013092786593,30.046288804386013,57.12717173648266,797.8719272052901,1
227.50609458897688,6.060538939254686,21.50506530496066,65.27849711327474,1378.8095451742543,0
213.5574097902187,8.701189344552269,56.45533293312007,52.266707453480166,1858.2034585168335,1
248.2822518592124,2.088053297796436,47.152988638029285,59.030786944582225,518.4265747789537,0
224.9493406732587,1.8330498552879115,96.43638197396541,59.98484622254572,412.34335636822794,1
270.1408707387342,1.8998263567809832,29.89084660115155,35.476631699075625,513.2207462732118,1
238.08454200686742,5.153532337575428,83.77913436973867,35.40914616472209,1226.9763863092267,1
222.80372436302207,5.0525033654314075,23.412290582411728,63.16274584864363,1125.7165671748207,0
265.36065931903784,3.2853228897681763,30.639882552948773,32.41722708610551,871.7954481048099,1
249.78517151966213,2.4430843694371434,42.084379150047525,51.911533396817426,610.2462482568625,0
213.58428241569683,1.9030763549738805,43.45560618470732,41.16080709674581,406.4671976593762,0
223.25193361842693,4.2962791894799865,41.10389492869997,45.4945934787832,959.1526364160151,0
228.19666768133845,0.5585217745022748,31.868014245675447,53.49279240688328,127.45280776888706,0
239.99070233336988,4.8574434178297015,28.304203913484614,40.225746862358505,1165.7412573895547,0
239.31878670886618,1.1098774927437685,48.449797491084865,51.726124948257265,265.6145349589171,0
237.73564923525703,0.7907178055801616,34.531907473491884,49.43878589855236,187.98181087147745,0
243.49551263767532,5.679278771421652,24.58197183361127,44.5530917425351,1382.878895859582,0
243.94435027356786,2.6015806743661654,33.179489235729584,42.95487800082266,634.6409072925247,0
239.89209014994356,5.359180522168851,35.533645114417084,56.30467797305258,1285.6250169539514,0
211.1435683975886,0.9290418153445612,31.51221708538494,59.98985434513577,196.16120408242423,0
264.92742797255966,4.044061193933298,24.255494657577263,57.66517962395196,1071.3827306723874,1
220.42635193789818,6.717306850525842,43.30642987274923,61.482780108957265,1480.6714439088637,0
243.56691242041188,5.4345561275619785,37.963211124008495,68.44497607406869,1323.6780563657012,0
247.73518875979005,3.109348052992622,35.8519695020446,34.909572781772354,770.2949268280129,0
234.44827007432775,6.985060021755406,49.255772332145796,68.65589167497149,1637.6352384659012,0
249.65065994980174,3.4606079853682203,45.55508776285701,38.652798760758884,863.94306737473,0
248.6404838451042,6.655704080002279,40.512046334642804,61.91257290212239,1654.8774827816007,0
238.8663419793663,4.51733025417992,22.746552072537384,34.52636026358705,1079.0381533286784,0
238.97427739319343,1.421148853609221,34.03196813343411,44.27927223511031,339.6180203594288,0
238.2590594887761,4.9506964919386585,35.4655974774313,48.57339494441542,1179.548289983688,0
244.4763979321752,2.6505367316721924,27.780974635024847,59.73261974621085,647.9936727461379,0
243.87994399029074,2.631276671141441,41.05834473723765,31.804360251413442,641.7156071809333,0
223.72920699870207,5.808411805293502,49.01166209684931,48.435251067718454,1299.5113671202146,0
261.1227396081963,3.1795416240889653,48.69648063424484,69.33944216766409,830.2506195804044,1
215.94550222648266,2.794196655106054,30.112605226432215,60.38371530951898,603.3942000064349,0
241.19534342938053,5.366635130662798,37.3493129037777,63.340483989666204,1294.407403400392,0
216.47241982642052,5.379226680267343,27.343911864658864,30.111775352815386,1164.4542162723146,0
234.64807434229186,9.85635187813247,40.00249306360833,65.56144176532806,2312.773988243816,1
221.0890002968753,6.45668396765278,31.63805227036608,50.13616435377847,1427.5018036412155,0
236.51350401162918,6.967702962539231,20.76540646594309,65.99392024028406,1647.955842582363,0
224.56911524584845,1.595944240881843,42.72025342017654,32.024433630286936,358.3997861565427,0
221.7970453538125,1.3688566176205639,43.15454636307922,38.69667337021027,303.60835330125457,0
221.00307140551692,4.313983964882178,39.789977950722445,30.7041009480538,953.4037062331109,0
227.2388337002113,2.6578501890480153,46.525119755326585,61.50834923545675,603.9667771091571,0
223.52169663988158,5.054370241500039,45.30914038537384,53.79321509435947,1129.7614118262168,0
198.10407446972647,9.83353500533377,72.44543785135049,63.19470888578783,1948.0633509973034,1
244.63544362918935,1.0803606349523487,44.68307304522007,36.38570076003097,264.2945032110805,0
211.15393601160088,1.3042325732164004,33.37177656237148,62.733533425378816,275.39384130918137,0
249.5640805815728,3.6002716596095317,87.84475867821314,61.08914080006631,898.498486574346,1
163.55229917612166,8.940424242328477,73.80374536482947,33.21347739997459,1462.226940442758,1
220.21024077475064,2.295724964354261,39.35803841741998,32.19927502491525,505.5421471530577,0
217.54824645917068,6.168409949679242,38.85814778189699,59.21478636751822,1341.9267679940206,0
218.52881396280003,0.7467488462589332,34.65606859915677,52.97123856909252,163.18613970105397,0
226.9874063388902,8.847155858006925,26.44491586863335,40.29795951370363,2008.1929616849106,1
248.15623997709142,2.671376280698413,83.31692757977696,65.94447230536889,662.9186933821053,1
234.72149922247098,5.086160737345441,44.86466771316145,65.10677071407044,1193.8312735561904,0
245.60029098776232,3.9800839282655995,28.3187256880527,65.20306835535378,977.5097709377474,0
246.24550350268936,0.7610907906787779,31.925472546237067,67.91220073449873,187.41518496195562,0
247.6614498415397,6.700365997340125,46.46426942677583,52.54672180373195,1659.4223573702095,0
244.78467993799478,5.5433310355296985,38.90281548366235,69.29037631482811,1356.9225133224904,0
249.01927969791046,0.8730250849460898,24.168811122266373,48.05835384001962,217.40007781148236,0
241.3093936542811,1.5439911720498243,49.28285537334466,42.60263501043656,372.57957353490593,0
220.9898012976009,4.265863512622557,21.758861012677517,35.98710022281795,942.7123300171447,0
264.71028903113324,5.757893414349026,22.79903535071761,47.49895291083364,1524.1736299227894,1
223.87229597271616,5.043379116969904,22.70309839151685,65.5333850711504,1129.072862376902,0
234.44653451166522,9.332522605322742,46.783888663083815,38.81149441154811,2187.977583069694,1
246.2162585943371,2.795719404959419,26.323007979255323,60.88598064083048,688.3515719686945,0
220.14994881579568,1.1541885630277562,28.036229482240078,46.41340264859913,254.09455307433728,0
244.86835643589203,3.8388861494084567,37.64310895665591,44.85143025733818,940.021741950159,0
227.27126943404124,5.448539534505092,44.64206430546221,56.87396447546091,1238.2964965685323,0
241.2907740240891,3.712854524131519,23.34529713108706,34.653608929764246,895.8775419665353,0
242.63699964087905,2.4802324436501713,82.92340281570449,56.19792448392576,601.7961585392432,1
239.4898595345551,4.984434321617499,36.292486673173485,52.6355902416973,1193.7214755433904,0
227.4379660174049,1.0627140698245598,29.23589873100532,66.01248564362534,241.7015264989763,0
239.70813752610727,4.2302581379433,25.82710274019947,53.79233263119566,1014.0272995010471,0
260.57291862620514,4.7010991076555335,32.34308712279987,66.87338039868428,1224.979115232851,1
238.35900583757356,1.9226452001420546,42.8292069359496,58.838212419346895,458.2797984842428,0
246.35123772844693,6.475775868258866,73.43914428990273,48.255419555486455,1595.3154003975799,1
230.2585033881469,6.50758557323464,25.973068711945203,55.59146515066318,1498.4269147633042,0
216.41415938751092,2.050428355563492,33.86065351880723,37.528375058173815,443.7417289535895,0
229.38166924089077,3.8747881603304255,24.034026584616655,50.69007301754574,888.8053761714333,0
245.26141192046725,2.7311229902363507,45.69011974507123,58.06625474979376,669.8390807138159,0
160.88064462668476,8.423773078899915,86.09116071172377,49.26243871109384,1355.2220431223313,1
219.90747513786405,4.95354780399221,41.12789860461037,44.31871302238662,1089.322190550638,0
229.999207042855,9.338941797623212,31.23791303198803,50.91817820740473,2147.9492080727136,1
222.84556161585604,2.1052975118063797,32.27020695480202,56.401204425200916,469.156206386957,0
248.617759475094,1.3099758970138333,34.406216231643086,33.40112865421398,325.6832724819557,0
246.90709278793454,5.767501160679122,40.82466119376675,64.60763252599779,1424.0369442343201,0
175.46765978555152,9.605732744795093,81.59673621194477,38.18614118585308,1685.4954452546374,1
213.1796699341075,5.440306838746353,33.34408973109899,59.04724488000061,1159.7628162242154,0
215.4144984704103,1.4287715722497367,42.66026046302402,58.85073173941669,307.77811166495667,0
213.0968905333136,0.5786371410399394,28.644708483852348,30.368890943489077,123.3057755026975,0
226.78002960845353,1.2892024745277022,23.128332734946387,65.85749742874947,292.36537534468386,0
247.37822747051126,2.7478700646069147,40.31434811987489,38.18766698487161,679.7632259017379,0
215.1834292003994,0.5135241546458574,47.94595404228737,52.19577504700837,110.50188857393181,0
176.02620007092128,9.412081967916336,86.97425902558523,67.01419628396471,1656.7730235683514,1
238.32783751890145,2.647129980882603,25.407009554553834,50.415824900803955,630.8847639752017,0
215.48044114753714,1.8123243648637841,32.244939947046646,46.352456495692614,390.52045364327824,0
215.94180606039924,0.528428914156367,49.107051872840614,67.73996918815708,114.10989409746155,0
249.80207013100022,4.878753150084581,22.065726128226245,34.708727963305094,1218.7226365492668,0
213.75679428672302,4.940499465090169,85.15631857095852,31.202889099277836,1056.0653278329444,1
230.61874276064034,8.545448473252847,46.32395539230013,44.56671451530851,1970.740583227405,1
246.37042833243967,8.973948503203363,35.717797558662156,68.21848574515114,2210.9155365674687,1
238.84883667612257,4.758387102123935,24.954202942491698,69.64571094972547,1136.535223796968,0
225.79130289669234,6.477487702895996,35.877150097313304,58.2030784771725,1462.5603879341897,0
240.0351110605796,1.2203691334354934,93.96887575770913,35.51804041873428,292.9314404790919,1
233.0853933947703,2.2223750239597395,39.84044618935759,54.32281790796326,518.003156730368,0
236.24058318366025,6.505706913862045,24.833297155574993,53.8824808377155,1536.91199535274,0
228.38446687094415,2.3655011640133043,30.62391909043086,31.15647293066229,540.2437222257763,0
249.807253033133,5.517926158773095,82.25979392365542,63.054533714087604,1378.4179761627743,1
222.6955829453309,5.332007756783736,42.376842166494555,50.0067691673654,1187.4145756659802,0
213.08089946294672,5.626871613508263,44.7042912796464,57.13158994308729,1198.978864568863,0
195.87738482035664,8.30079654522656,81.6322458498062,48.56443175563277,1625.93831920483,1
239.01465792597776,6.430852282479411,32.37446597807829,67.66167858391867,1537.0679584693098,0
230.90062507264204,4.401427014405417,28.04993195357976,45.334420765401475,1016.2922488378235,0
247.67931542293047,4.67750175995892,29.993496736661285,30.418742932660106,1158.5204337961777,0
221.57878754690145,6.340938175440366,75.18908573809226,66.91492697951563,1405.0173928239378,1
238.6227854189229,1.2165891634236825,28.071006463277328,68.34074432725706,290.3058948866363,0
221.86086881564586,1.7843830014670166,23.872209959204884,39.330305658159915,395.88476300534217,0
228.21470934014255,4.099412936196341,23.67094486298073,62.084657886516005,935.5463316992683,0
242.8516713927731,4.833270433639165,98.49279384138565,31.94979421415021,1173.7678031025446,1
239.1666681124234,5.299291299487722,83.78035609176231,57.54558475414836,1267.4138434556328,1
223.4218238423149,3.5321912421899553,46.85388444478374,45.383351714408725,789.1686094899316,0
234.33612910488202,5.394496590318539,42.03862580933469,30.79194920472629,1264.125449444731,0
228.02216192395707,3.9065847891039738,36.849900108289376,59.26878468433061,890.787909350734,0
199.1750327866582,8.354427816538188,79.77993755606808,51.67523815090725,1663.9934342727627,1
210.88882558079754,2.690390295868129,45.96112404503174,31.738735972948593,567.3732498496041,0
240.4880309170433,6.695686879920754,49.56426197013297,46.87877522434967,1610.2325533892235,0
177.98131383941228,9.62310586135564,86.00766818140903,43.44486143338595,1712.733024419826,1
245.89946080030336,3.44366529980336,32.17261691529263,31.594944891916622,846.7954403983613,0
243.985082197777,5.446419767461959,26.62739608389799,46.522264928540125,1328.8451746478036,0
248.16867267338827,4.387766210480982,42.63064377645646,58.55234598707116,1088.906116456208,0
232.54634798540062,5.35882559308266,84.45672658172454,51.02379959313494,1246.175321162071,1
246.58763698832928,6.536707286948289,40.502797712540115,30.705256357360987,1611.8712035729714,0
235.16875888354454,6.965252449227715,49.882008655843904,64.3044494130223,1638.0097737954507,0
248.1310556311492,4.482298106487994,44.02660311437538,46.287713987434145,1112.197360816367,0
228.52976581935232,1.454684334297375,30.71198416259918,64.30469999073114,332.4386702580595,0
216.03512187298418,1.3132550377216559,32.09226628100684,69.87947603563447,283.7092121245084,0
215.8193059839704,6.447862243545004,46.46151550897897,31.28961479986218,1391.5731544821292,0
219.36370544664288,2.1478637081907292,99.19394165084792,41.46183670873851,471.16334182308526,1
243.39498025075972,3.2242554122474534,32.64396345347927,47.74361865520607,784.7675823873741,0
223.06261819835393,2.361206376606134,46.45879029456324,36.46829384541425,526.6968764724128,0
232.8687640170017,2.7337807678077777,32.645880945410816,62.26186431562732,636.612148492847,0
199.19885158436202,8.72635300163219,75.0720118349384,49.979868218721606,1738.2794964448829,1
179.9090950591227,9.161134047181575,79.87827187667372,63.57613375578022,1648.1713361437555,1
189.88597759032666,2.556288240450343,42.06371755026264,52.05617899623603,485.4032915405694,1
216.42347482892504,6.323244940939056,37.86366448123536,62.997353505631786,1368.4986423124515,0
218.79908322616077,2.694067285152114,31.446165274206393,68.91739250014808,589.4594521408744,0
249.42664092098028,6.873000628213899,49.884523715904095,49.06352715678538,1714.30945974318,0
225.46170652696324,1.51325000335338,89.14032420783406,41.29709065370699,341.1799281579859,1
153.02406355578717,2.7183794705654707,22.6427855213566,64.38114484452225,415.97747287255766,1
246.08425862873253,4.974295797011484,49.13087393735299,50.395106190416264,1224.0958934075913,0
233.05235279556226,3.647692791402983,45.37878096269038,55.7810054268144,850.1033873118772,0
186.00654130070575,8.399296038362667,87.49961434731313,57.097387377852016,1562.3240054565597,1
246.63534137345624,9.670448408678572,27.291701554763698,60.635178333994254,2385.0743445088365,1
221.62805042772877,6.480334794742677,47.33150452141314,36.745230581806496,1436.2239666777953,0
221.72472412947795,4.281537888555496,46.306750334489784,34.753495556019644,949.3228071898749,0
220.869991468821,0.5970382870341149,43.653387823789956,62.531368526707084,131.86784136378446,0
216.04961000161472,1.4396455485442816,33.91841569292862,39.859823497430796,311.03485930355276,0
225.3940694860736,1.870786981856443,42.53575368671943,36.01455561343291,421.66429098219305,0
239.96754076141931,1.309093559506692,98.50296157113462,58.1095795356214,314.1399621014336,1
222.79401971382998,6.099700468171063,47.085203853579756,65.66293124154976,1358.9767863541617,0
173.82202804929943,5.715229753558633,43.07184420143513,44.01270103489314,993.4328265312594,1
238.96305687161612,3.749892955431428,37.117121273911636,58.51623161459351,896.085883571233,0
185.04830905550557,4.15492633763872,46.00351333815038,40.50142781983696,768.8620930302297,1
210.72066590480517,1.1101202882222971,24.424118146598357,33.15422249511878,233.9252863686367,0
197.49450689100175,9.919721673151338,84.75505015059815,51.20098547299801,1959.0905403350064,1
215.4820815100823,5.522916851264439,45.67187252425222,61.38857722524369,1190.089619117571,0
269.3213156863747,3.7551963003723223,49.858502094251904,67.96712080463064,1011.3544082768806,1
215.51892532562775,2.1808742510994015,30.912846649452074,64.92846638773719,470.01967486727625,0
218.7898766651242,2.7710004958538756,47.807305659601504,50.15248363105549,606.2668567268674,0
225.48893220280715,1.7253937222050337,26.684016122254405,62.10684881263517,389.0571880494399,0
220.643509434758,3.3040901783631056,88.69776927078398,47.601326120160216,729.0260524429511,1
232.5891440159598,2.0719274672040253,22.367098177537464,30.976572592888886,481.90783606013986,0
213.66368136577876,2.686214150384984,43.188006210792665,58.65177321947353,573.9464043081033,0
244.10000975517914,2.3334395595377986,46.55161259089897,45.96956678676717,569.5926192462975,0
226.21406454502085,1.1376133805663793,49.26471494993167,35.54027111300637,257.3441466987223,0
222.7720128130703,0.9854163133086127,24.5678039033563,31.794333447415433,219.52317557459475,0
244.66627696115626,2.706374337292999,23.710754962021376,55.82775473535672,662.1585331686947,0
217.65302010761826,8.311027288017378,43.56240456663855,35.412042889360805,1808.9201894338105,1
242.15096203456875,3.313154007344593,36.82055245668393,66.50888333165163,802.2834302471798,0
218.3442220813947,2.730759689881852,35.89537410018406,36.1959074195834,596.2456001784836,0
249.96984367536103,4.741477272116269,31.172334320433237,43.2698596672425,1185.2263325011809,0
168.8943448079507,3.120487387001705,41.31392850789358,42.58009902217131,527.032672709127,1
222.40608849206106,3.3229238837618125,27.662341279481243,38.672549033508915,739.0385033443129,0
235.23371125616185,4.493918125054773,25.640757133121845,67.74600287244738,1057.1210386379666,0
211.01917734305226,1.9285174622214831,40.76202452813584,38.06479595242381,406.95416836968826,0
234.7082488557869,3.869306138862189,42.837975082953605,60.90525554176567,908.1580681392907,0
218.57233048647328,3.064244731688367,96.23738549162027,32.004281197598736,669.7591121860245,1
229.26821919376036,5.382996227902534,28.456813117979973,38.76267287438398,1234.1499590979433,0
210.01331871540432,8.228491261583954,35.00780767071515,32.13319170787201,1728.0927578659505,1
219.2718556182382,3.292409192089705,41.445115938101274,35.307544473033836,721.9326730040541,0
227.78669883354866,6.589465918111459,84.86617038562603,57.76897956730902,1500.992688562788,1
239.80606614107143,2.696974203527499,30.540770429953426,34.7462337883756,646.7507742318788,0
217.4303622482484,2.6333400957142454,46.75909738326816,44.730409529203214,572.5680909339854,0
279.3953942643253,6.170889428938533,26.12722865744485,58.791125072898794,1724.1180849598388,1
237.33890377734386,4.827735492995022,28.17291808776624,39.37554480869146,1145.8094496344133,0
212.02158547218508,6.079931882567061,21.49548183905125,33.549646661004566,1289.0767973047552,0
245.50633313849104,2.6641123427442435,25.753986723697764,58.622219831803804,654.056452336134,0
223.33466552304785,5.303347873600484,27.549584468249176,65.87040190822502,1184.421423502931,0
231.51326844689657,2.220889527930362,45.05283020389777,52.90998203486005,514.1653934706434,0
218.2519294897905,3.5436634073341833,43.38925467249166,67.5718109446784,773.411376113051,0
230.24572998233194,2.1297578538281607,40.18603881367249,69.28959023414029,490.3676517402695,0
216.48567515559583,1.1717137794521606,28.077685477969442,52.77768076084974,253.6592486338159,0
169.2471863644877,6.511254010595133,32.57165151767268,38.929175674437325,1102.0114209977125,1
228.28061477089926,5.704403332245972,28.74057214173169,50.500905569225715,1302.2046995862768,0
228.01881646631588,1.745986568796381,47.652370338045664,52.617969409379356,398.1177909830346,0
189.92192086910296,3.737860806631936,32.7491711989728,44.40559464360025,709.901704336872,1
221.03080842868945,6.874095813452556,46.12346102905735,42.66692019828865,1519.386954863688,0
214.14135948740218,6.200700593311703,31.152981524798182,52.90461568580511,1327.8264548261095,0
243.34138268437027,4.504115079207075,74.38496061435512,41.88597274755966,1096.0375911437716,1
237.6470857830969,2.0769456101974395,36.0463644640277,57.386865096634466,493.5800715934175,0
244.52103844480703,6.151484168462629,34.120736529213374,68.91702841635598,1504.1672968492724,0
210.13449513291746,2.9743437147254737,38.03291184117528,55.16800629798644,625.0122148456037,0
214.99533252962584,1.6082338916213126,45.564439515560274,64.71644526957044,345.76278031453836,0
236.5687188911553,4.384933832180749,26.087776571059646,47.13002801039613,1037.338179101484,0
231.49009088013355,0.6207721713581447,48.60670420160295,63.792642102885736,143.70260636355474,0
234.65835740665185,6.50105599423322,22.88033036340954,50.12117923186803,1525.5271210154353,0
226.4082002113413,5.931325957804012,31.419384400923718,32.546533329640305,1342.9008349732164,0
211.70978426098435,3.159445242181242,41.5521883309508,38.14889847722062,668.8854706065842,0
237.48353888414817,2.158813806101387,38.01672968181887,57.394733601073895,512.6827424649147,0
223.4686638912038,4.5244850852331275,49.335412619841705,47.073656374759125,1011.0806367927263,0
228.57067609704453,0.9954195573928134,36.5948983901417,43.147895488690544,227.5237212334962,0
228.65026964469493,0.5219959127308533,32.05355735488277,34.229410717058016,119.35450619933826,0
242.97900184978008,6.455617221337127,26.230239450773198,51.57193055337045,1568.579428764746,0
229.7430975468873,3.3381035858120414,28.07153165241457,58.01574318541191,766.9062577368301,0
212.12291128685467,5.489890314742315,39.977900936620394,49.94104496585592,1164.5315162086467,0
229.89645517965704,3.3406564946413737,31.786768874935376,49.98762411544482,768.0050860909507,0
237.67609256334484,5.122846544771146,31.32887240420434,46.54162090973955,1217.5781495628382,0
231.4614309450284,3.4467979964422693,46.6878938940858,57.8544506766589,797.8007964349846,0
193.91445159047606,8.161409789856325,99.50386106153208,44.33325176184472,1582.6153036051319,1
213.66527008388198,4.306667882149709,37.57646637058375,49.75223309160571,920.1853562010975,0
224.74323560261686,2.583272058879297,32.78439224841506,43.67152421924904,580.572920954367,0
221.83145889389078,2.7804485047139518,33.06379654367444,30.15847337083601,616.7909481800331,0
220.23279212771737,0.8649779511593664,47.33063896294385,42.89674935547728,190.49650931273962,0
243.09372633352967,1.5841283098991785,45.50926428744023,39.66551792309511,385.09165384382777,0
237.42713520664714,6.38259064814054,38.229139840523956,48.12927205000001,1515.4002127847455,0
218.08329850960814,4.978983171974029,25.606421361516656,52.28990448313027,1085.833073367928,0
245.9433272163102,3.426233868854494,43.25999679767638,36.70121953217106,842.6593575272852,0
230.9919205487972,4.37621497321567,38.97023122198725,59.82696168095113,1010.8703013974907,0
234.9043088740982,1.7229042852410974,26.569931271636868,32.692355534955254,404.71764038078214,0
173.88497508710196,2.4859005908476286,43.14140566160683,55.07582719242868,432.26076230855193,1
234.33474362784943,3.694608523719902,25.880876051105233,69.82992908238118,865.7751412111704,0
181.64283683194466,8.633004279820582,93.26487254908234,67.2132573278582,1568.12338776893,1
242.2233699657451,3.7396490276358314,31.897356839347317,67.53687408395079,905.8303899630729,0
228.6964200102986,4.87082361275523,27.837026030548532,42.99171483153263,1113.93992273875,0
169.38950324852382,9.708449278341408,91.6315075480469,62.04303680997975,1644.5094005717408,1
211.94876686062992,8.581807440337853,35.96557234513081,55.00639226691466,1818.9035044149869,1
232.74328722759992,9.549353536746908,54.36153478185198,58.039280240873076,2222.547933040983,1
216.3053692686727,0.961429742484012,20.296388199261695,42.23985635028946,207.96241547388914,0
219.64118929343704,0.9199302125610861,35.895892725100325,40.93277279828567,202.05456595388128,0
233.1595566399476,9.204725086014772,43.51071140650959,34.704345385326164,2146.1696200478077,1
226.3898754742954,6.369842324142725,47.35952588323083,60.72695306735358,1442.067810553568,0
171.83109941622442,4.923506729640082,38.61028583951648,58.19938553910323,846.011574337235,1
224.22593731326788,3.3210001078706015,27.818878936248993,36.905090810768954,744.6543620047494,0
224.6553356902634,3.707371053656678,21.88929320439982,67.85832378362198,832.8806885876065,0
270.0344929356665,6.549245011976395,27.417532696513447,63.02320807649757,1768.5220559204888,1
220.79588758223113,6.359052870648222,21.417247762179585,56.42964154935376,1404.052722757109,0
242.03055146286232,5.891128307210793,46.80069723978953,37.44360246376242,1425.8330329327068,0
230.14140186232535,2.265612040140364,38.188924167411955,50.549891622830295,521.4111309940663,0
239.57081975407084,5.724598460418548,48.89129067182643,45.821555054445575,1371.4467459253633,0
217.69050624079753,1.675622858859791,29.63159856139956,69.27266809417073,364.76718841384036,0
220.37464808309934,1.0588595796877704,28.208941782072127,33.6960573012282,233.3458072431109,0
227.53422614081265,1.6313271475126605,25.244236813255583,55.044362948775714,371.18276009179255,0
212.24779746933027,6.481251898485942,32.14857457429401,53.64190219426753,1375.6314402975565,0
198.00673363052374,8.53830728194218,92.62605597656051,39.5510003327824,1690.6423356310863,1
276.16422895300474,6.40410728972567,40.524163651191714,34.19303398089971,1768.5853517994065,1
232.90536436199085,2.3320882450042744,49.73887420701193,43.42511827437589,543.1558624270363,0
214.40544114608196,2.960258195675397,40.7785607493816,39.25668373169933,634.6954643500881,0
270.4385990560752,6.716827513383644,38.11685900434317,54.230873464894955,1816.4894228207738,1
249.85955464707283,5.523492137525346,46.31610032282015,46.57201647323976,1380.0972855786913,0
230.88335236649107,1.7616145053824337,40.684674689808716,66.11906894469826,406.72746258013433,0
213.45273093944658,5.298422886012224,28.196054950189463,54.954501664693176,1130.9628346913732,0
222.87643054327287,5.798439883267599,36.49966946342651,64.75997631807212,1292.3355839024343,0
247.1292427242283,9.802407149128708,22.80439170897243,40.74452771010489,2422.461455638739,1
231.3524685703338,5.37489156069707,28.866296334679028,60.319843095412864,1243.4944308651213,0
239.12888837630067,6.663584136467245,32.73835582360108,43.70272098445916,1593.4554671553637,0
242.30228565911162,1.7443943961102661,45.40398802444284,32.31409963996366,422.6707492684632,0
216.33708597624718,6.861336715326011,35.706961328533296,31.862696460564376,1484.3615908954648,0
263.69023991197423,3.079838166219317,39.89841910573455,49.2835737809792,812.1232649404265,1
175.5112260927399,4.786355989109026,42.71288251064959,39.08083302214048,840.059208164854,1
225.6844267654143,0.9533976545822048,26.06427818730156,61.7601495681957,215.16700315387536,0
248.88731872748164,9.19814302067048,29.66854928365272,43.10620119686571,2289.3011536865747,1
223.05977310653006,4.874267125226802,35.924237842712486,45.416967123465774,1087.252919013709,0
210.88556651768585,1.922425404320002,23.22414211906044,61.41780123408957,405.4117704780149,0
238.96912949227345,3.006781483544537,22.20135169231328,62.50920197726343,718.5279536961245,0
219.43046051454292,6.315427633162342,21.357749416116544,38.07278432791051,1385.7971938910825,0
261.9907132222163,4.038467842132965,45.480012638437316,42.026074920206554,1058.0410702854003,1
245.63172206761294,2.4813946553802246,39.544799337583754,59.6125193732393,609.5092423304155,0
227.01796466207267,9.48816088821012,58.632976977665294,39.16824844650764,2153.982973227745,1
246.51526980890787,4.848195003472474,33.13958064685898,52.930382810571324,1195.154099367216,0
246.79576723275858,3.5610567333737357,78.80232730058185,55.58657067159368,878.8537286723521,1
233.7839381579591,3.2299076899636763,24.589873600345236,48.777070066358334,755.1005396463846,0
241.971352306706,3.7066207991775544,24.957136706312028,46.58750838597726,896.8960472651562,0
221.4384271790179,9.199191324520315,58.61393786705229,61.72971928004935,2037.054458220645,1
228.8959987535746,1.8043803636565188,20.471600309103493,41.58861592499433,413.01544547049696,0
232.574686916739,6.6364332202142435,48.435562192155004,32.80393195437155,1543.4663784351737,0
211.69410603551424,4.712526986302073,23.5310918682544,67.85611300088402,997.6141875334534,0
275.6426344891571,4.8153827030236664,34.861075719031376,54.105379470099535,1327.3247743349618,1
245.37829902242052,5.487824796777845,37.26133457989972,62.984626429800336,1346.5931139664083,0
243.22986218882224,8.99863029616249,48.07493417817245,52.67719808718738,2188.735606823763,1
223.23904277749884,3.503549930061829,22.343642923692325,44.2939476665837,782.1291327101757,0
248.12864122024746,6.759916732959632,36.67168607374675,54.26489007238328,1677.328953711288,0
237.81232432374122,0.9592821523835106,28.540570573983338,56.73453389141769,228.12911834060395,0
211.99387496457817,5.907157660781265,29.309900214036894,32.524208994347134,1252.2812425357135,0
220.07035195155015,1.6571036569399207,43.22900353340452,42.86736186668138,364.6793850029692,0
183.9886607208488,4.941466079117527,45.35400576561484,33.30620247159284,909.1737258943376,1
218.6608812894002,1.2544137292293813,46.786137569843056,55.58579775032215,274.2912115348196,0
225.47129190960595,6.826297544797047,45.86546158638886,30.62327182002064,1539.1341263847614,0
187.81672663943698,9.425353129218387,97.35053307121082,65.40243504814458,1770.2389721505717,1
235.74141913142924,3.059085249038529,35.76631209379159,52.187141017397565,721.1530978523645,0
228.55576081761706,1.8542247414865727,38.229391497844155,60.35839261771043,423.7937465173129,0
249.10720352816276,0.8719716481745456,37.674820452416434,53.34403093775048,217.21441883260408,0
218.98280689590953,6.386026793722175,36.33542133827642,47.45543499871522,1398.4300722017674,0
245.52643328080438,2.8857026415403078,45.775005869787734,42.36770397237801,708.5162770863874,0
215.75279078143635,5.86269702958239,42.07924613014484,51.20372253899066,1264.8932456384377,0
229.25029327430215,1.9637774334641045,32.401228876250585,64.25705955434577,450.1965525471023,0
275.9419861413469,6.7184067176227495,21.80108939007076,45.6540535480232,1853.8904933661886,1
215.85883040313269,6.140108160588701,28.524489346701323,61.32034159752641,1325.3965660934075,0
233.92183289868095,1.7489285165276036,26.62110561652717,31.89393618986277,409.11256419490803,0
223.81774437842057,5.915444475105764,30.99178000144416,60.18487131062426,1323.9814394139623,0
241.39473247975553,6.845765402840759,27.195246741727402,64.49366447855505,1652.531708037911,0
242.6917704635462,4.7353083647407335,32.7184852182245,39.12299757767161,1149.2203707297683,0
231.42073457842866,6.937119614424627,42.14125415042619,43.09382165596067,1605.393317028573,0
222.29513884017095,9.54713075039033,55.140478872450046,54.96079976456255,2122.280755683284,1
221.4078170513768,5.757189922614827,98.13212409686267,61.165490271904,1274.6868531163339,1
219.7068540132722,3.917361441619194,27.00535575779794,62.32045680387095,860.6711583710498,0
243.34788867976104,2.9804599168877144,44.72448215599674,43.332712606609675,725.2886280692813,0
234.6195367737063,0.9568694911944714,48.44621185446393,52.94423144495212,224.50027677693893,0
243.5757588447965,6.127457744329379,35.66781213587048,67.0904930317455,1492.5001698644535,0
214.5290316900487,4.379123495093861,30.621975853807513,48.56900664756795,939.4491230536277,0
226.18901245779742,5.847201256450947,37.804285995629144,69.89378197133993,1322.572677838632,0
164.36678807017157,9.308469993520669,88.21000002934508,48.91106582587399,1530.003314682563,1
226.15825999972117,5.7415434529968055,42.84652446638307,59.55236460644546,1298.4974770425483,0
160.24524363848462,3.5230621484591937,45.03787215884951,60.84029754439541,564.5539523333666,1
278.23098096610346,2.955709263726612,24.70016403042554,58.34929330259459,822.3698878972546,1
244.18343075237925,1.0275351193106472,45.31077210314201,41.73178612835289,250.90705065182917,0
211.60515156313022,4.4622784259734045,41.51815067562008,44.750008580224815,944.2411026449885,0
231.5052270641418,5.9157402288317025,29.706420748899525,40.09877190085118,1369.5247849281614,0
247.96528611666656,2.835299952469638,20.108127196648617,61.26724831838479,703.0559639407048,0
215.14273058411877,6.901877619376931,38.24186855915333,50.031179637624064,1484.88879719017,0
245.9469102225455,2.0857626292206612,28.573067006597057,34.89643226746268,512.9868741144744,0
174.36264677017994,2.3108225861167817,39.53505167381252,60.61833788987456,402.9211423316341,1
242.05388575846848,2.767138825458136,42.74415384527863,31.34920429830876,669.7967051352664,0
248.78106242559545,6.87808990443554,28.45257735025222,47.65596364321422,1711.1385138842359,0
244.933652304184,4.195718995411392,31.553020368215513,34.510822339566126,1027.672777588154,0
247.63428547469613,9.658504983040915,23.099022290318363,53.97502440268093,2391.776980229129,1
220.56063528558428,6.182107090893951,23.42977236803607,54.05960542652174,1363.5294673710853,0
217.6320239852116,3.437467489207306,48.21467861318385,61.26440196922209,748.1030070595494,0
243.9771895887059,6.59336343841838,28.308928425266217,43.33678782061391,1608.6302816422428,0
223.7976041768697,4.8754151814074795,28.164650452888033,30.2730004306768,1091.1062369665324,0
228.1269611587493,4.18131424323461,40.51475313074059,32.4713737691508,953.8705119589071,0
220.65449850736073,6.661802176039234,30.796955293817675,34.004947948794815,1469.9566183091815,0
220.61623550379625,1.662711802737177,39.49398880636228,63.87866166830533,366.82121864760666,0
233.1116581984196,5.2469843003768455,31.95463067418005,32.653024453522704,1223.133210801921,0
245.32263232354734,5.859121730656817,22.59597586471751,38.95794893468963,1437.3751660688285,0
239.47025381325693,3.0946246926974856,98.33193085030425,58.370483751180004,741.0705606170391,1
227.0585920090822,6.471447156631434,37.292140803061756,58.25516839612167,1469.397679645912,0
218.94771059058857,5.203135397963721,38.23471316424164,50.05371521699118,1139.2145832770077,0
218.33142344256936,5.660601592457716,48.44488415060917,65.6441257667081,1235.8872032225681,0
226.24023093128304,5.754614948684147,37.85351392473811,51.91657774706597,1301.925414910915,0
235.3411486870106,9.707062886199608,38.66553455812344,64.59205475844271,2284.4713300152644,1
236.12336887972396,2.6656703985856107,31.601459818164923,52.84079003617215,629.427074836991,0
225.27117754039418,2.504102241828254,38.549459066945964,50.22318607318501,564.1020606981916,0
218.19844075510235,5.534043273764389,43.99144773583664,38.551525079208105,1207.5196134066518,0
219.5657209000595,6.24970334624752,43.22391143185551,32.98294092999923,1372.2206206303508,0
236.01916261112683,9.351629732832183,45.00091995725968,54.91275691432789,2207.1638185923675,1
231.74955824655714,3.0094415674362174,33.2761164733188,50.9440229223695,697.4367538221699,0
224.3795093540848,0.9124221456979233,49.39004391267197,34.74112115280504,204.72883337550132,0
245.6517170681359,3.6376153005544216,24.06911604561891,45.369221521573955,893.586444614517,0
218.00863988338006,0.8381940051739927,33.146824836473,62.265444869010395,182.73353502638497,0
234.25381221938449,1.8037961955410622,30.316815297570997,63.80968415363328,422.5461352723161,0
244.31722614674135,3.6439851707211064,45.11442293975352,42.720256775776015,890.2883490304404,0
240.0641947329257,5.602475127049431,26.889340339704404,68.91485299287622,1344.9536798863671,0
212.74011852408523,4.3707773993596675,41.682223033148645,68.43544516899895,929.8397019821687,0
211.01165635958532,4.418826206401645,28.690880617963156,47.31788484781609,932.423836977954,0
212.58050442952134,3.6588815996666684,32.789590004129444,58.501770611463726,777.8068961050343,0
217.40862872602244,1.8399029683675803,27.530185363231197,37.15801761188709,400.0107813417339,0
249.77720716801082,4.7387042133535875,38.200446385738736,46.3971173340429,1183.6203040067448,0
246.44295027625918,6.798512181923995,34.90328526763183,41.6080198202623,1675.4453996024374,0
180.62352950574726,5.9136902458680325,23.74711833881502,69.07445875186255,1068.1516046123943,1
229.84139237625058,2.4764448536609707,87.46027842645739,46.79735353885743,569.1895333084376,1
226.9470563847139,4.815283931904339,22.12739932357973,43.336720057840665,1092.8145140023007,0
239.979820218467,4.664493239508555,21.880164041058975,68.58950238407871,1119.3842490275179,0
233.59842585904354,5.546388501693863,43.63688939134169,31.371405423728152,1295.6276231983854,0
169.28332795548584,1.2692047783755989,36.85862427529606,46.37516327080923,214.85520874042624,1
238.95946999895,8.70637847634268,59.54772535948523,58.58595613828605,2080.4715863171127,1
215.96744136253858,4.348161307430194,28.847097592892766,66.22036325185147,939.0612721972896,0
221.70599858154216,4.325586794709425,24.10923502913194,52.46196291211513,959.0085397721853,0
234.2755472698883,3.9460649853592877,35.62297946416915,57.36657548231122,924.4665340075909,0
228.38925858521185,3.3862513097624345,33.793473255274975,69.19563884261373,773.3834260198449,0
237.61719028238372,3.112974892960617,35.35179572973541,60.49575623424785,739.696347484906,0
240.5434085054597,0.9571500874488574,34.49928533629499,59.68283430798322,230.23614448624699,0
240.83662584141695,1.584281295017331,43.97716270811364,48.7574229176735,381.55296147564445,0
246.69625833476755,3.1547399034892694,26.988725804683185,64.68656386470707,778.2625302101884,0
235.25904207349666,6.501146372263995,40.231901346059175,37.82724341800061,1529.4534679184153,0
220.09222124402365,3.0441444135677598,24.774770955497093,61.9125626576527,669.9925057697141,0
247.44346943650905,5.976190616229606,47.2645478840506,41.7797086001416,1478.7693400937626,0
222.8579807216943,2.1701653252755095,38.21260343607652,62.71981522399128,483.63866222313897,0
221.03075045464286,1.833372175759827,43.950505194681924,67.33488292368878,405.2316278708559,0
225.16853658828964,6.444308777671269,30.339146616388952,58.506457452548126,1451.0555767913092,0
227.77550126448568,3.7714550413455847,42.729922339551806,41.55298602319305,859.0450625389622,0
222.11870680783326,4.112027307159315,46.280132403942524,63.23765585845227,913.358187824724,0
245.15820445168094,1.1182109324195468,32.46044207956609,60.616177570168844,274.13858439021607,0
211.61598721107868,2.644972723470162,41.89776823571944,50.87025750288459,559.7185140235138,0
242.52293270062887,5.48361020426259,43.58129629201893,48.38907295796808,1329.9012285248577,0
216.8854789396612,5.318452783798068,42.59520415248875,68.89194450805346,1153.4951792320182,0
214.91707152610581,1.4021326192840935,25.54364345222421,51.13873358031498,301.3422364277656,0
168.40048388322833,4.74284358352525,31.30303220613235,33.108479027555624,798.6971544481167,1
233.7592301282858,2.3664377599928543,45.438517241822474,36.04400636698394,553.1766689224348,0
214.99615621296812,3.1314088709039645,21.189839149228114,40.90197580246581,673.2408707755428,0
229.12661453106767,4.034026330088422,28.249733893697567,50.92165338459489,924.3027959423475,0
222.64712203504834,5.896302149267108,36.369233797806956,43.290788749861804,1312.7947041833918,0
249.30351246207204,5.153403247872524,81.34668716518141,41.23442666716049,1284.7615308280704,1
249.23266329981215,4.573648020675018,46.448448229695146,43.164137241910744,1139.902477188749,0
246.25100958357413,5.4196335627258225,49.442309611037174,60.99056838928968,1334.5902363942566,0
231.24272079289452,6.353350701010388,36.54940208294144,40.21589496657781,1469.166102253086,0
230.65263955396472,1.1286789180823422,42.3128802275867,34.37415733419892,260.33277166460533,0
242.1848976616162,3.53920735048643,45.26046559155524,43.6752528822446,857.1425699807958,0
161.53056579957206,9.744853085980838,92.56608147851225,39.279353482694916,1574.0916326121906,1
240.79872487517162,4.332817726062034,78.10583378490982,67.4952618626173,1043.3369835522785,1
239.03748855999157,2.9780287067711746,35.67634493933921,41.660389977823264,711.8605029261412,0
210.60664858443604,5.243993076627365,41.323952324021555,56.17432801628888,1104.419807068475,0
162.4705620660852,2.117603093877363,32.09929663978734,48.831976597432316,344.04816489513615,1
231.71300866966874,9.81331114087454,27.25551948125122,44.105796862283924,2273.871849463619,1
224.23761901599005,0.7722591979581636,28.37053051296099,41.79425250800942,173.1695638133367,0
269.3929784666325,5.5124766251774755,30.808211591990318,39.41787302206657,1485.0224967842505,1
171.63681228109468,3.8581869663350283,39.477641763890276,43.057245940929526,662.2069120862114,1
226.1726725445875,6.895854253151095,25.470404176331684,51.10821168611889,1559.6537859131436,0
214.8812606071434,4.316746053036262,28.92241788523505,66.22737945842499,927.5878335973426,0
218.3213438852421,4.046346500350573,43.84920905527888,30.776787847895793,883.4038057818834,0
240.93706226908586,1.1733262551081896,47.083955567994366,40.58069639867398,282.6977809889552,0
233.570242916107,1.637702447817188,40.39104561113547,49.6040832799372,382.51855856096364,0
246.49960538328193,4.875835164763076,36.37979079601304,44.97362461400523,1201.8914440280278,0
238.30073484245287,5.788762830188886,23.77456549814938,49.7827049815257,1379.4664362626886,0
223.9964683287987,5.630722320046734,22.985893514205408,38.2007689948836,1261.2619138306081,0
224.9194155233206,2.392658091352418,46.0098195127447,59.83240976304619,538.1552594541297,0
239.63823660249483,4.890101439227121,28.45172820800989,30.6184309881844,1171.8552857037093,0
219.9976433847424,5.808045379989983,33.95938477723426,66.735821058362,1277.756296269437,0
233.55511988561216,9.986833410214258,55.24377585533783,51.45319301144424,2332.476074400228,1
173.17702746650588,9.374416372263376,95.50311483468711,42.887020213608054,1623.433561581917,1
231.3540415716955,4.745693413522859,26.087173866655334,66.5071661164749,1097.935351278689,0
235.00647245472393,6.377271634440493,47.21795241783431,35.422004825059574,1498.7001106954322,0
240.47794795760592,6.719719646035808,39.99541035539324,46.4526799442868,1615.944391329101,0
219.15246305426155,6.986780948750594,32.932556535770544,67.26744010034781,1531.170253739283,0
247.12559124487694,2.681955369619452,42.8162895396742,68.04008049636064,662.7798064095795,0
237.10260903099504,1.1687605945933326,34.22659841491703,65.4702162434715,277.1161863106962,0
241.53452053993252,4.892114257725617,26.689578942216123,41.31164821071857,1181.6144716663248,0
215.00516862082904,6.436913431528345,42.18072815216166,44.598564000143185,1383.969657743431,0
237.58315481249508,3.257435992692817,26.880097157152182,47.206030118950295,773.9119197437311,0
185.28462748776622,1.2414425296637155,47.66584515903112,37.85231199581632,230.0202166562117,1
210.59918989886808,1.4231368083927765,75.15530092672577,31.016369535183127,299.7114589627794,1
211.79572457497682,4.999404401989103,44.5672134061238,65.49855694284366,1058.8524777626108,0
247.86038164719463,0.5366954286384844,24.02054966492368,41.72663922923661,133.02553377063944,0
174.72537805224312,3.299418066454831,39.975368107581915,37.235974880974645,576.4920690137213,1
230.3017639329316,1.181662936572895,21.01617980664819,60.00421989400584,272.1390586669056,0
223.2895480751174,3.3419861057974756,48.73110239729888,45.396550876558024,746.2305672368399,0
228.54408718253376,4.7123144276074465,20.363393482996745,43.29362240060722,1076.9715993746279,0
228.54859383055782,2.4609472588839596,40.00766775397619,67.78836894903249,562.4460355090947,0
270.137681322885,5.954890758649956,45.0781156357569,63.1829221127878,1608.6403820727746,1
211.0172936544776,6.890757163362716,48.78962587162923,52.57513843555053,1454.0689278430054,0
230.695207338138,8.778662134286446,43.71452837974073,50.63208406661917,2025.1952812206728,1
183.4368434474863,5.881742938829448,22.142188205173703,33.48027069242525,1078.9283586684155,1
220.36432026941205,4.773925725531193,24.3387768294059,45.88272908823215,1052.002897523341,0
221.28372307262558,1.0739408356998632,49.11735965593037,45.802337380491004,237.64562648339262,0
278.1912532025514,3.729757986197253,43.36691892746172,36.14797935020104,1037.5860483224383,1
245.07605871322912,0.7022809470711145,49.169820526915096,56.88535520256451,172.11224661758263,0
215.65501305524222,5.20100248120563,36.89335263210059,58.44508029786277,1121.6222579847472,0
212.65040332243646,2.5473193035797252,29.450622596440724,30.347166333506436,541.6884772972566,0
223.23033148801773,5.2295520011948815,38.721311912506245,39.560705868260364,1167.39462676056,0
235.89510382237967,3.8967044983624937,35.640619255604676,44.789914922505574,919.2135122063543,0
225.41935200201698,2.744673054954379,37.759177786281754,64.25040675066433,618.7024215052124,0
238.3894111159874,5.776897453727045,26.352545411923884,66.06600707518874,1377.1511820714375,0
246.06877355190764,1.5636138020897357,30.11508808502947,54.20940880672653,384.75653058905647,0
267.97985833340493,5.953314276506117,22.157994544440974,37.85656347258804,1595.3683164323463,1
235.0692034675514,4.953622486960057,23.726098818913215,67.75218835966959,1164.4440922886517,0
238.52675052001132,3.907350173160042,26.6827434064132,63.84913292461644,932.0075399476683,0
224.297841962757,9.670789156225707,25.141627100065836,40.697122904368285,2169.1371378182575,1
249.27596217911992,5.68140246045755,43.31952868443162,43.706506547645475,1416.237064857375,0
214.52353155723313,6.949735715692745,34.41752953261971,55.552314730575134,1490.8818491198426,0
249.44999425887536,9.999801954018464,54.7810433326932,60.399334771950045,2494.4505400197963,1
240.13106908525214,6.7183909910166895,20.701327261863327,51.51658800790955,1613.2944112055643,0
232.315052634754,3.5319060834327924,37.27305744656853,52.03848885674897,820.5149476736971,0
243.8492835249947,2.918921720805079,83.14302066373146,48.816539041792396,711.7769702838631,1
225.1916104591182,4.3903350165340385,37.405632899135966,55.45741378293922,988.6666128283595,0
222.63325980612228,4.47551623790206,23.98585245282575,40.1212617412856,996.3987693593682,0
212.90443410384322,2.0819913151939575,20.585878408907572,39.816423683498456,443.2651827704858,0
212.44428313875733,3.3387884056651664,47.39326360758648,61.65139315701604,709.3065093935307,0
246.9922191676659,2.6427022288602116,22.175464890126875,69.76223827072454,652.7268881055205,0
162.78565963245273,9.15945877424601,74.35042504967346,31.255440255874603,1491.0285384418937,1
241.0042971402388,5.411795881288398,38.129544047458495,38.37313159651223,1304.2660626363497,0
273.7351853416493,1.3508755816954683,32.558108521519046,53.35349042009298,369.7821777289173,1
215.4037822638124,4.81371843177625,35.64914589771955,36.47314645073162,1036.8931569576318,0
246.50769493777665,0.6013193010398655,39.279013204575634,32.946017384213675,148.22983482093224,0
216.02617954642534,3.2488931070504754,44.07031996945859,41.27141986418235,701.8459656708296,0
226.44626551821227,2.023156647779052,35.42741342848576,61.89857961490493,458.13626744791145,0
265.5237257985112,3.386675303881886,28.219080391268086,37.01070479703697,899.2426447565235,1
248.5957649391126,2.2304811355647858,30.078999321409533,43.16968134098523,554.4881640779885,0
243.74022155171133,3.1137968450726925,44.184438920991255,34.600484377301484,758.9575328850378,0
261.59409478890916,1.8463055264214192,37.24490080567072,54.14022013798479,482.98262288797156,1
225.74056050654482,5.530341348284349,49.23075798847666,40.84379772319532,1248.4223557542298,0
161.74798896500073,8.069869617836318,82.8175480418889,62.45357916806048,1305.2851818947834,1
210.66824367646262,1.6600686123917954,26.80194393552329,46.92235710180779,349.7237389550019,0
218.6584069558916,2.9863424590699346,37.518301819812926,45.337412156065966,652.9888847249717,0
229.66644502152894,2.605962273699735,45.925650876645065,61.02499632375337,598.5020912608388,0
216.10543165323378,2.75989837654425,32.36523501330777,67.28072605298912,596.4290299821544,0
244.70337411873965,3.784510315799152,46.56871176672169,58.07815109314346,926.0824436632295,0
261.27682757978204,2.7390127742778416,29.19148681477113,36.436211358540014,715.6405683638121,1
210.46810507243572,2.4563408501676594,48.00888332099192,42.42118277368023,516.981404146803,0
228.92660192936287,4.151006936534586,44.26125934462232,37.6128489262407,950.2759125660772,0
232.5485365756304,1.3402815797986642,89.91960585601046,39.62964552462479,311.68051998145336,1
226.37983399165913,3.528672571376164,25.114545916882133,31.66141083824529,798.820310919057,0
240.3810534395372,6.182298508906641,22.92644882387299,50.987018520450206,1486.1074282486584,0
224.98535478411466,6.567371893439391,30.562243188369408,44.61383720713307,1477.5624954446844,0
248.4007367210342,3.467167818291842,37.11176402170289,48.12672369205599,861.2470403991545,0
242.41650452563948,0.6850629681993375,40.70730290275081,53.770912423974096,166.07057013084273,0
216.6362017720276,4.784966321355651,29.364163749898147,40.62952312662716,1036.5969294655595,0
240.65932357291138,6.237367579454195,44.59533055177201,48.64136478000148,1501.080662547054,0
219.69104775938754,1.62355580622211,44.69003524674034,61.93376642179321,356.68067616477254,0
164.09385647312038,3.9935445901557234,48.470143600183206,67.64137215158179,655.3161327960196,1
217.40586166957806,1.5619794670195781,43.6676579724231,30.240881614736253,339.58349193757965,0
231.51838526576395,2.109153434763976,22.770693747177862,44.395120493353375,488.3077974942955,0
230.44417226057138,6.865018359896273,23.729139104447555,44.90906819336377,1582.003473499922,0
272.84372112069593,4.029730753553804,24.26066132363461,60.07013431565197,1099.486733914126,1
214.74722461029535,5.0520927961184565,41.08289782419472,51.93945784383661,1084.9229064401052,0
224.10576124546918,0.8310066995735563,34.32788056479174,66.25788527576174,186.23338900801676,0
220.66554612169648,5.699084157462552,20.295825014648194,30.406937481840266,1257.5915179999827,0
241.5679902719434,5.5472852135333595,43.387340622478604,44.44025379270663,1340.046540498522,0
162.48754947089202,3.0231261690123397,24.967133774586234,43.44903891968397,491.2203629441408,1
230.8111725078953,2.576277830799509,42.479825410473666,58.591623137512286,594.6337068329317,0
222.92913571111671,2.3688812911088295,23.865534995336468,60.1112657184342,528.0926588291256,0
216.0232197641369,1.1844793653610084,44.76016926573003,31.76034061547004,255.87504624946652,0
211.77898393643213,5.611882125491696,47.38142259181245,49.473726633382455,1188.4786945076564,0
190.17708116639713,8.464277904730665,75.01374584556397,60.3832300006029,1609.7116661029054,1
215.40281425223736,2.5467052184653736,30.759106036237263,68.60910638022763,548.5674711283004,0
231.23425269598937,6.7976754014369325,47.094192214225416,50.480034264566385,1571.8553915211787,0
217.53657914181895,2.489455193086662,97.29252155894123,30.542483824178824,541.5475666309088,1
216.34710580775823,2.3379688289110163,29.2094494847978,38.7713099095331,505.8127896036522,0
233.43041433483566,2.814732278986064,89.1953051883369,63.17970545940092,657.0441221253532,1
232.655569183081,6.322363370363247,79.69754428001774,39.91087315608674,1470.9330485141236,1
232.6010936942722,1.8958071948612467,75.27883955982956,41.27151103696097,440.96682695819624,1
248.85778980185745,0.6209716063150228,38.78169015287972,50.70395299501753,154.5336214772657,0
245.503548484159,4.856056754005334,49.950630539696796,36.74623837305941,1192.1791647487764,0
215.57589069865375,2.2503912892998756,32.50360974703868,64.50413140007771,485.1301066113125,0
246.6097324011073,3.508899974630658,39.41210055616948,40.576308562238026,865.3288837659187,0
244.77827762632197,1.2117901733810654,43.22063917301068,53.2393722430743,296.61991148471924,0
175.53540178586962,9.689142295337135,70.13111934358037,50.80717607594083,1700.7874857724669,1
239.7399447646573,0.7799382709896316,44.94664064544733,63.52368906827806,186.98235800689662,0
210.89464891863062,4.825919703291388,79.2086350577986,47.27315983860945,1017.7606415351393,1
189.2236573238647,8.188648193303544,85.85967496530569,41.651059672657816,1549.4859596753536,1
248.43025139965883,9.784910916294868,25.14366964901784,42.43159708406922,2430.8678788583998,1
232.88397304201027,5.718196304788514,42.78234340660644,59.06996529133907,1331.676274093291,0
215.58547526511313,1.8687930985858952,42.25032378944998,35.90137356238253,402.8846483308036,0
226.98210611493965,0.9687307994685094,26.380761823103896,35.99072509364946,219.8845571217715,0
168.4409230535536,9.116577492874834,82.30940882928813,66.81143778545672,1535.6047279890886,1
267.1852754945119,2.9531078897875913,28.02690869244522,51.78191414849909,789.0269450979143,1
242.96650155648106,2.000278669701565,87.29163550614096,65.87309316347785,486.0007105154412,1
246.18693750126948,8.180972583699106,54.792960355481256,45.06820809663691,2014.0485861627308,1
217.65356812005362,8.513375637405161,24.99369999235178,58.53525639542994,1852.9665842275692,1
218.81064612735153,3.797606969676191,22.04747917055743,66.93626425273578,830.9568347725808,0
245.45857392735448,3.734530424610205,45.50451493131922,39.88257763158578,916.6725123131386,0
243.97647212939313,1.8840052354161207,42.385860478987404,43.783351786385296,459.6529508101319,0
249.2655372514917,8.719618954537268,34.70103338562185,69.25550947139419,2173.5005033310226,1
260.4196996351257,2.637729205842827,33.47331322595757,37.917991321958006,686.9166475043877,1
238.7091146901841,6.315031748942436,48.10316209061257,54.719949139879574,1507.4556380304539,0
239.63450519847095,1.2156194842022614,40.09244353063472,61.17463342991503,291.3043736064294,0
239.17009077612946,2.3971285086814955,82.8430831272326,65.59715268754026,573.3214430234011,1
226.57274601009388,2.2343414838038873,25.95768849480828,63.543016858900494,506.2408855097145,0
214.50530881645926,3.7140116222577313,34.00717315481333,35.70111176117634,796.6752099803135,0
224.61278252659375,8.118805947781542,53.20292392822309,36.83615180706112,1823.5875947246714,1
234.01418742036327,3.6346493006440412,25.95981905513954,35.624654275291356,850.559502648207,0
244.52031525996804,0.7051370688986686,49.31042778799683,37.94114761541656,172.42033838859226,0
233.0788661910718,1.0199087266145281,38.07359789490785,64.02506579254452,237.71916961769404,0
241.99474418114175,3.0641033663837716,24.7847190149363,37.043859210698365,741.4969102926161,0
239.16830356919252,3.1370270346512474,85.13925650098685,53.40416743292693,750.2774341282334,1
239.048111505564,8.977564835369435,54.401995187848684,34.814590471209186,2146.069919813823,1
195.52837661155368,8.669532683758256,85.22711862857986,61.183643840301755,1695.139651636058,1
224.86325751406804,5.902511754614078,43.10256948861449,68.84798271664356,1327.258020657599,0
214.91551157845555,2.9311711383394368,95.55961654554312,45.24323082569223,629.954144720224,1
247.85284710658166,2.5789074204052715,90.19533607481891,37.12514031453025,639.1895465717367,1
223.5726810137546,4.5572746551316285,27.438354312622437,42.006751946866956,1018.8821127638121,0
261.0699641617737,6.879641431434676,38.28860851396643,48.81585411375889,1796.0677419505046,1
232.92282634067726,1.0890588386813969,47.90057176458487,55.02568274207511,253.66666275696664,0
232.50324215058652,1.3661672879145756,20.526581526749364,55.22067940855992,317.63832376021264,0
233.3478633121366,1.69264082834015,38.10289575484301,32.26043763698079,394.974120648059,0
232.16068076430474,4.759156400454147,46.86426817257181,64.01432420958146,1104.888989793233,0
166.84481137166014,4.2056904713699055,41.0993924440333,57.80191502797081,701.6976333833003,1
225.4103312042504,4.154548253449777,47.732213621509636,59.817210678639015,936.4780978141542,0
223.48130506207045,3.903638381892544,46.09974106743784,30.347169663835007,872.3902000757347,0
181.7205089951746,2.8932356243791277,30.656498423946786,31.858459088876387,525.7602503051469,1
229.08024505430916,1.1210076957325183,25.82005443245639,63.870687981066546,256.80071764617173,0
235.34529749064453,1.71861565040748,44.85985413363258,64.7191908975899,404.46811151722596,0
246.5023108751464,5.991386062204781,41.93972530023314,59.363036627745146,1476.8905096786223,0
220.83344150782662,0.9345069288148944,20.26043627678926,36.3323812553564,206.37038120310268,0
278.31908169943966,1.9542654825954495,48.87396601269278,42.77489304064916,543.9093745128778,1
216.1472329575535,4.502934688035728,37.89261483871902,47.69078972410597,973.296873007507,0
234.91903503147563,4.292727477268329,31.227901449452347,65.36457541199466,1008.4433966129766,0
218.21625322399234,2.579369457787228,43.63634305109761,34.18101524080398,562.8603387587295,0
182.06764184433743,8.561116234345679,99.59369715461284,66.23361168569217,1558.702244342592,1
171.41588404096362,5.247155201641832,26.525122002213394,58.47938583916864,899.4457475895754,1
185.6366912225961,1.4883523481077494,33.98768162730485,61.022593538699226,276.29280527610416,1
238.21340867245203,5.8281255478966125,39.82493895581157,30.51747569101424,1388.3376529354541,0
223.68452315567802,2.0189852316472985,48.87956420682282,56.063756564551745,451.6157487993821,0
247.18789994661782,5.3138622965952145,28.538216354811258,45.15526277607822,1313.5224617008826,0
248.84295993063287,3.8624272232854757,46.88170062493954,43.85999084067391,961.1378227590133,0
267.2994866940514,1.6534512003675563,38.03383976888722,32.03328394136493,441.9666571319109,1
168.6502591691181,8.967583812259436,83.55439235232761,58.99458461361511,1512.385334058342,1
211.31741191319384,2.279283082523951,33.98587415711126,68.97968864642556,481.652202016488,0
229.72859374382375,8.899469002139949,40.82280427479524,51.79102382688095,2044.4624989283607,1
217.0091005206812,5.4951279903674894,31.999284472614264,50.23363449836236,1192.4927824356673,0
246.38551689226625,5.099093402411429,21.363776767711535,63.542414535920706,1256.3427636350846,0
234.774771323678,1.29815250101665,77.99184749862908,58.73561958414458,304.77345656944465,1
228.7869141190709,4.99069439010376,31.95376672459478,31.046245781296523,1141.805568823198,0
246.08516769173048,6.067998334041788,32.26991556228539,30.88885763041531,1493.2443875858146,0
239.64777711131458,2.4125832445477866,34.29991998858723,69.67427180990833,578.1702116518801,0
224.04299622646266,4.578677698160865,25.400669205922533,37.9700949309832,1025.8206702512434,0
162.5301612349717,8.729735218640823,98.65859841548486,45.68108224315908,1418.8452726243038,1
224.20971444041422,4.374854022833702,49.34470626910466,69.90010013924788,980.8847711780418,0
229.77728803315952,3.1403879686738327,99.56723889713038,58.31041223301615,721.589830813836,1
210.4846108043841,3.883142193538564,49.51784605104854,50.92243635892208,817.341673305047,0
210.883749884191,2.805574427807359,47.5468416708982,69.86216432703523,591.6500559152094,0
220.0944672698208,9.82205147431323,41.140051644740105,64.81913349242487,2161.779186735728,1
242.28316625034927,1.2388133018499512,43.004910260221806,45.47783399701209,300.14360916525584,0
216.6722928103829,0.6210799754085502,39.98592479384845,53.50873133601673,134.57082229038681,0
220.2000703210768,2.055303508740189,44.90888933807743,60.45011010372932,452.5779771557455,0
235.51222863902723,5.882975027097291,46.66488326653847,30.232250436369704,1385.5125596594246,0
260.22477965330756,2.363172488126219,29.981347457971218,31.26269985639525,614.9560400054039,1
232.75201395535032,1.1307325603145129,37.85029332555203,69.94615674435511,263.1802806580925,0
176.45243400197575,6.083425224733588,43.55820612541989,42.41601207732654,1073.435187973258,1
219.36642960406667,6.9294744193333715,27.815193477806957,46.65046371397466,1520.0940624018747,0
245.04070678603102,0.8345919464363876,29.03059028081364,52.75943391857842,204.50900043270175,0
212.80109753999443,4.816511795973477,35.84193096825723,63.10509517448578,1024.9589964974855,0
217.80107940087504,5.656691942531713,41.116073868188494,61.66693442310699,1232.0336109216396,0
171.14332189196602,8.520170272272892,98.03761844250519,49.498662962013825,1458.1702434819595,1
221.58311623720076,6.167360715357065,45.4119913449594,66.0135793376215,1366.58300626771,0
235.65363845959985,2.308130479189604,25.424759934571217,30.876043037054718,543.9193454605298,0
234.17496547569093,6.377367038444152,24.002616596463255,66.72046243861769,1493.4197060534686,0
227.0731363045728,2.872360513046854,32.25824419759112,40.36772596750661,652.235910294961,0
240.32732441080668,5.850233790539721,30.23868750079901,60.58507564111179,1405.9710340581028,0
248.31664347361573,3.2611035835405593,49.76929183650064,59.61576120031486,809.7862958845717,0
235.09106562386057,8.291019291290642,37.45405295852757,56.19050114025002,1949.1445602975023,1
167.22028479377587,9.903084293510997,71.77418236046776,69.35048538275609,1655.9965758976775,1
240.50304792374237,1.814284462006032,96.3455022964209,68.21779641561682,436.3409429131379,1
243.70886640172637,3.789683467897668,33.842169015155505,39.547164274975245,923.5794619827038,0
248.01708598520548,1.8701196207034942,25.37123715352287,39.67585216237792,463.8216187706384,0
247.211992617332,4.230230339974174,27.304474298174625,47.61809261285048,1045.7636715753092,0
211.8627787944975,3.819172015438881,23.780191599010216,63.689761683355,809.1403958850628,0
243.78425930469504,6.714290467957268,48.29564872250829,34.01717337230215,1636.8383284875367,0
161.67407863666358,1.2933293770311114,47.08253044922233,49.3240436837564,209.09783540523503,1
238.65546231539645,6.258365454936665,20.009212251012663,57.51408740168615,1493.593100986616,0
179.58495325640698,8.178571797835872,92.40249647546042,63.8982407425341,1468.7484340185233,1
242.65841013731338,5.515206108149468,30.40739961112692,57.61158119734333,1338.3111457831496,0
247.27190617863994,4.077491029504424,38.61016592185999,56.58637654156394,1008.2489792918639,0
244.2705555015785,4.463061908985035,47.23279973721418,53.29326488936036,1090.19461174571,0
246.54250223357212,4.930578739338549,40.97716983306668,69.41927002286407,1215.5972198561774,0
227.14370428380687,2.0541200544129987,38.91279394140972,62.27246734992288,466.58043820302345,0
235.3243016559536,4.774181988107484,74.27327901497307,31.583349181035917,1123.4810423298259,1
198.79808191268745,9.97510765772313,89.27079471150334,65.47951031487958,1983.0322692279187,1
219.84314419808868,6.693769483751588,24.057061264844236,37.64425752373916,1471.5793298451658,0
233.58337151013401,4.424811923293766,28.759280259966932,66.82455591801393,1033.5624873411984,0
172.08291603156678,9.164068694449918,98.39968092657534,65.51935415932448,1576.9796636545352,1
219.66238028865607,6.031223138785587,75.43952428246307,54.224452299465746,1324.8328307176616,1
228.71945869169593,3.4545321164290153,46.99850440170981,33.483770035818196,790.1187157027231,0
235.20178882565415,8.948126248309016,45.78568026425397,66.27784012594655,2104.61530024007,1
241.99144765840424,6.874827713963784,41.167046062267005,52.93303055556254,1663.649510904214,0
224.9791159301835,4.1753777678482695,43.916197151180974,47.524191585903054,939.3727988850467,0
188.4697475268147,2.7067669519349074,42.84955966904502,52.99104982689083,510.14368404509776,1
213.87248226380572,9.040511169226853,41.15178447214995,61.88671088901495,1933.5165646962078,1
233.66757894972434,5.087671181888799,99.57404052245565,67.70360857107647,1188.8238075642385,1
166.46095689197045,8.768353110408835,87.55366975171464,59.00801586383015,1459.5884491253403,1
238.56491207310964,3.289491279587335,41.828818717130275,35.74965024078877,784.7571978800135,0
216.51328583317851,6.290622220732544,22.281021899259034,62.06033490933903,1362.0032869460094,0
228.73719761981002,6.453717870526907,37.5781168906252,38.40470744929434,1476.2053399332126,0
246.81786495583142,3.2764355132148593,37.60956449020368,48.39728786501555,808.6828180371554,0
218.93116507729607,4.960244753149913,41.54726078816361,40.99540366429598,1085.9521628756554,0
163.22065410634133,9.286929088252968,97.64557577012263,41.99853803525964,1515.8186404238575,1
247.60876417263404,5.175596599730682,21.86976507152232,45.14948589041755,1281.523077915401,0
244.45270384796697,4.5408075578235,48.69145234501657,30.790253167432287,1110.0126851632383,0
214.17456398177578,2.7781708470294326,24.85660470069761,43.15175039973681,595.0135298294094,0
168.94659027808754,6.5294988043631585,49.96337863562919,40.02564472700333,1103.136559222005,1
233.8731288546096,4.549061318614011,88.3246662149178,58.753589928226674,1063.9032039357348,1
211.3537748333201,5.768855545700562,23.86715161644912,58.872789488421766,1219.2693960519466,0
225.0123136811397,0.9096694539049985,35.666410388831736,56.125430911263,204.68682850822256,0
224.8651047375361,6.546556691779848,33.2716735132237,62.10174275906227,1472.0921561672933,0
277.9664403938274,2.9044319749538148,48.87718658483579,62.495809669841876,807.3346174439259,1
158.15535687747305,1.143936444877125,36.77414806519256,36.44184715526358,180.91967668468948,1
227.4522252382866,3.3735009773528355,28.23161270617116,35.27688833693874,767.3103041424371,0
224.0309033840452,8.609735985214893,54.65351587834208,46.40249793914282,1928.8469306658149,1
210.41044113617983,5.192672422584412,41.4350327770355,46.711346852529104,1092.5924951116617,0
224.8653525029099,4.3342359309607,41.11828825420523,33.129595697371045,974.6194904462557,0
221.0449631379255,4.512230866368677,39.444203685942824,66.42414807098874,997.4059055262738,0
231.50362640541272,2.2433982979433105,28.596710724353823,31.841351262454502,519.3548414456069,0
212.55314758362633,6.765452638807893,38.72789706128313,36.92594244745176,1438.0182532065683,0
224.80490481910175,2.499707610022469,28.37764342743359,48.72784179724085,561.9465313466854,0
180.84926018346476,9.613096870322115,70.12073834790668,37.89542676620934,1738.521457069735,1
238.21236242088267,3.652683267107649,24.911479439026316,67.19931270646305,870.1143102329411,0
241.52862725578015,6.294186674884482,30.393481330659995,63.81247125320419,1520.2262672764725,0
164.82854254582844,3.4440625130211235,32.99474658041592,66.89292245914676,567.679804457995,1
219.9058446818262,1.7024980337628661,26.91102990274448,40.5425555674207,374.3892681837714,0
236.34025788769586,1.2535678192737914,31.620754691238822,55.002142918814656,296.26854168688436,0
212.61097538806632,1.031855498498794,23.77900328914059,63.43372099472621,219.383803995368,0
212.5808964439058,3.041947714484229,28.357555185411968,53.121604465152004,646.6599720805478,0
229.2449609347886,2.5443304074219855,24.133993161319722,59.69505531490552,583.2749248546478,0
187.05451877672044,1.3207212868292053,25.906014530324217,58.22970984790015,247.04688474600798,1
220.06125561659903,2.379805768691531,31.019284568260396,48.01387797321314,523.703045581884,0
194.53217145741576,8.729642084435032,85.76758278097901,34.696162494544,1698.1962307311878,1
224.43201573036677,1.6903024885993652,46.83435874300328,35.92351352160641,379.3579947104108,0
245.6057057391955,6.427795769110967,43.79719099521705,37.045645354967064,1578.703316219914,0
278.4479605486502,5.254520088543098,43.5580268302666,33.401298140077486,1463.1104023167384,1
242.8456850759472,6.100337293021245,20.858951142009246,67.56636930220478,1481.4405891180934,0
234.580747186994,5.007018929499528,23.220358735037294,31.920474624367706,1174.5502416614222,0
171.54608193251863,8.891922231952366,86.02811459805736,69.04725598913019,1525.3744197400845,1
160.60889885965963,9.401604962603887,86.5041902447595,56.031885668803184,1509.9814205573218,1
236.49949584141834,2.966220093070713,97.69396958021719,65.34080374696676,701.5095565659086,1
247.2633462524105,4.432567640369042,78.92834274164278,69.88454536050958,1096.0115072478006,1
226.33746707568227,4.138939218548334,32.47502150804089,65.5322060918659,936.7970191064336,0
242.9411350392499,5.961145935849526,44.72997013205745,58.88754449902698,1448.2075597898954,0
175.6556010588,8.027139139808032,77.64779698062728,66.59660164337636,1410.0119503855985,1
239.48874865747763,2.6143759927252392,41.03818954024985,55.85128581637701,626.1136350179183,0
248.7476310972258,2.80116635676031,29.878609215201266,44.76646176920792,696.7834955533735,0
234.99854068372863,2.0510575843515793,44.09938269152543,45.76624720535783,481.99553918091476,0
235.85688216462236,5.4521623706993045,26.93345914544335,68.65177318872584,1285.930017808414,0
210.2255449400155,3.2015443645030826,33.10453461892263,62.36659903897588,673.0464086772962,0
223.24906065179854,0.9582116035416914,28.506380735774442,58.678468059434,213.9198403963362,0
213.25576352031575,1.2455102987460893,31.30777891775324,59.75031048564039,265.6122497315138,0
223.160423092296,8.84852372725715,56.44531243161826,50.05626230837771,1974.6402987169258,1
225.6018826065538,3.3368238697158565,40.09987620587835,31.64351131869701,752.7937469343832,0
235.86218547657805,2.3415950498685834,37.75253019992462,44.29115720416176,552.2937259631408,0
215.6491809838897,3.6406954454606417,78.46007708278606,60.58066244144527,785.1129910253649,1
246.69860902219216,6.319626669635422,47.26270450799865,59.58439994413307,1559.0431089386072,0
227.52550285478267,1.3541349167355143,49.63097578283248,43.32153693594693,308.1002278634672,0
241.17572216976887,6.484004547466696,42.666431775240795,56.980151150649505,1563.7844792873457,0
234.21600535002096,1.112064757543394,46.51767625883788,51.75109235359542,260.4633652023533,0
246.7960850263959,3.6804628299396462,46.057674246830054,64.27551816821428,908.3238175142747,0
219.88266581696837,6.253287234792585,96.96973168156282,48.322754494752246,1374.989467305412,1
217.005625355446,6.794670126492483,26.394154260771295,37.637471374030625,1474.4816398834687,0
219.7137721200179,6.602015471593534,20.327209859533845,30.23013049293205,1450.5537228585342,0
229.52249839653888,1.5618661423559181,34.835586889108534,46.46644420679946,358.4834191544946,0
262.9322822356626,1.8791549186882122,26.102825064624128,41.44801588259936,494.09049144506264,1
219.3956066388728,8.60233107400252,29.805286593380544,56.00689254290043,1887.3136444892089,1
213.11897694087247,3.92242246563864,43.735692966898995,33.247783632812975,835.9426630068015,0
248.02497877081265,1.888847306334254,99.80694998059946,55.770914638787076,468.48131305486,1
230.6111849644834,0.6537534251390329,48.189175746487344,55.75977891416793,150.76285204590206,0
210.83808681178098,0.8300936550388837,38.28187290296722,54.56061659578341,175.01535810299674,0
222.27063282611806,3.956327755495169,35.48905462628774,30.776622395062624,879.3754738814465,0
212.12741365868598,6.35100588440976,41.75669488355406,69.84460680771649,1347.222452390938,0
245.1394339102764,4.419852741561131,33.59376220710815,38.9029244515454,1083.4801990330789,0
214.40614558318507,4.413975008222028,78.19951669042302,54.63049470692073,946.3833682133927,1
240.88798620837352,1.978986153227912,46.71176404900498,64.46219618680925,476.7139891853274,0
225.43281155496103,5.059772474968688,22.711206139174518,33.23677648702717,1140.6387348605952,0
232.4990134179941,1.468514981402106,28.328518453189442,55.876456301608314,341.42828436553356,0
217.2094643181388,6.544549308692074,39.907328702261395,42.22204456892854,1421.538049544651,0
233.44195233649708,1.9486310143008638,48.805263161549995,57.478438199473786,454.89222836184223,0
222.49142303557022,8.457174117409634,37.226707581313605,57.10946398323133,1881.6487042420622,1
237.21408768607566,3.0616087157184375,43.86725821677896,31.47343268413213,726.2567183508869,0
235.99289346599872,6.616080594814544,41.401026606922116,61.85207585693125,1561.3480029745301,0
194.79095198334088,9.49515623895195,82.7331281200268,58.42116690599848,1849.5705230160088,1
175.74775813590034,8.23753482588124,92.90382029601045,36.685471567373455,1447.7282782150323,1
241.3176816351477,5.323863106560144,27.625491981331848,67.63858457385469,1284.7423022179892,0
249.7448885985613,5.296349167684356,31.77523071654208,35.21396826649936,1322.7361328624124,0
217.74954045860196,4.541957312211125,30.7056545941387,41.80029044975428,989.0091175165594,0
218.94702392425813,9.544644090452731,38.25813612782913,34.299972839689694,2089.771418020883,1
226.0909849609426,5.370403925818842,22.189481441928525,56.38187980370559,1214.1999132264948,0
182.4832760574429,9.18686281410111,95.3046926678203,46.709527057750506,1676.4488230074696,1
249.65216237644444,3.9569930418346644,37.20728263256048,69.83669659509536,987.8718694025684,0
235.39787318411857,8.961605015674506,48.828618066288016,67.53546084533566,2109.5427610059082,1
242.75500681755764,4.75651806304387,28.40554403822652,61.891986327279746,1154.668574822051,0
214.8158870192518,6.957206322292761,32.76938998916957,51.662101895046455,1494.518447299266,0
239.80873908784622,8.0409569222488,45.209526284246465,47.46284493234364,1928.2917405841733,1
242.73492215479578,4.059451909550399,46.568654703768416,58.512223695667615,985.3707432558531,0
240.18151904604414,0.7492688310151474,20.812509644846234,33.333973076834084,179.96052600707185,0
219.41800582507773,6.897698413702599,36.26870417034101,56.49662984324634,1513.4792307174264,0
222.87187634350434,2.6805024419175134,40.96207115450902,48.94824830757234,597.4086087735014,0
233.6801192863738,5.497275765548411,22.711092455374345,61.07495648875286,1284.6040566434444,0
236.7638177942103,2.629086471464953,32.28160510449347,39.24663278615681,622.4725502951513,0
275.59162333549216,4.30880010827419,25.449230422023966,47.23027393443954,1187.4692164674284,1
186.19079205687805,5.911301507166646,41.77461562082854,54.393068617698404,1100.629909706375,1
249.86912856317852,2.3069833211295965,43.39053096096734,53.25619080854629,576.4439120604397,0
169.73835974887763,1.0984385723616925,22.470863954248415,40.31238570919246,186.4471615575725,1
240.7108628077389,4.96221976729717,37.010747381678314,45.88931358910637,1194.460201627719,0
237.68459986345235,3.390821469153132,70.84429843137744,33.76526000946842,805.9460441040659,1
233.68078668168528,8.367418770898784,29.157051649767084,40.93335838944725,1955.305000878728,1
217.0894109656117,4.728249899340613,34.96151408624015,61.89316342955743,1026.4529855460664,0
245.55593185006524,6.976590457346573,20.47219916746349,68.70560262159734,1713.1431708900104,0
237.70172552824147,2.4011423801820206,35.65438636242561,50.41674039344663,570.7556870082551,0
238.70187073153335,4.397637132111543,35.248310118295265,69.31357247673026,1049.7242102334806,0
168.8873442653787,4.100563805780798,45.64049624278606,59.293962785915916,692.5333311490531,1
218.3665073372906,2.5272699473971603,23.492230593944583,48.27596283657962,551.871111511616,0
239.67528673292676,9.365875595398693,53.99645740368552,38.62893961862438,2244.768918832103,1
240.80361525619097,8.010605021865691,49.494945341583445,59.49686714487994,1928.9826496546573,1
211.8392966402549,4.269388598835272,42.972402801029276,40.834962212840026,904.4242778611874,0
224.15704780177526,4.230056413864503,31.53697248294874,42.150458640711165,948.1969577668315,0
163.81796535892596,3.6077898496912537,40.751102536260376,62.44315122362037,591.0207926190064,1
231.63726322730554,6.703507907553266,43.22430859224691,34.62367441565155,1552.78222572824,0
226.38226565582607,5.667081639140159,21.33989101572296,46.428942798497125,1282.9267811250818,0
215.64743938318873,2.9622267495772183,40.18400834553437,44.46711540130105,638.7966134187134,0
233.71247183757237,4.3162223258772165,35.88595651832617,34.67952942729552,1008.7549887812801,0
242.00268305003956,3.765375677997616,41.18228947508945,52.79636320851047,911.2310167667849,0
241.84855076071602,0.9181072644388215,48.29522153475719,38.61507686820303,222.04291134741445,0
212.54352169863145,6.317060461327838,49.398207636944136,35.851700108847595,1342.6502772338001,0
210.6349768717539,5.6152756977884675,29.34392998044238,53.55349877367325,1182.7734667321956,0
238.6184106669899,3.941125761818725,41.74940737996505,61.582572526038554,940.4251655239138,0
233.123684831729,4.724636220230542,35.50156261834985,37.29637593060489,1101.4246051495961,0
186.8611115125627,8.197885644101047,89.92217103051567,54.46589330950394,1531.8660235096027,1
226.77032393702456,6.265953458952277,27.35444059692354,45.93240228053533,1420.9322956609274,0
240.84804116146535,6.457024490511506,45.493450962206914,61.90815721199074,1555.1617002713049,0
275.02107582427067,6.896815238230114,20.209723561975224,55.3619350574546,1896.7695465792694,1
244.08898320312628,3.480180375663668,91.01596346775992,57.28982524197673,849.4736892592188,1
230.27753115029765,2.3038721385609646,38.75283675684159,68.47166015244872,530.5299881537754,0
160.927496063462,8.99794271374087,93.27488055144208,42.55610212668829,1448.0163906447904,1
275.2204120843089,5.247829045839294,29.85605349788618,34.10192503698586,1444.3096725438963,1
215.24114023249197,2.415759792548494,27.85464696742397,55.508456955468546,519.9708922759461,0
179.74550662238877,2.2178285621463774,26.058011739226643,57.85742146195827,398.64471850460467,1
228.07529974603727,8.018126196373288,51.70124235625882,41.402753618891666,1828.7365356393914,1
242.19954235904487,3.8631922273098382,40.55632239015407,66.5875928457791,935.663389499462,0
230.12776290315864,2.389303788763713,29.15581503319858,61.86168264118584,549.8451358042344,0
216.54104834432482,1.1144369660032214,34.18760350585338,48.59820094470922,241.32134893200623,0
228.84269910980564,1.4325920768723956,35.23408654395541,66.27157615544101,327.83823759480117,0
237.59018563910996,4.360085222275923,42.45757180135408,36.02401093710371,1035.9134573628764,0
153.96736587496733,4.331677373346988,35.91782437400808,32.75638782412729,666.9369549944331,1
221.47417735575243,1.1744917800700345,25.359257927553582,62.94412932861571,260.11960080210423,0
228.67709552961298,1.769275287664938,24.869595862550362,38.2284703766829,404.5927339755385,0
219.51153684446285,1.1287641772916424,44.04202607741506,51.59285612686743,247.77675929226416,0
228.8571939452868,0.9443562491739141,37.41289590856275,43.61219278391926,216.12272127063807,0
217.3457539947359,2.7470675815297225,44.19222362876728,36.950227849192935,597.0634747820732,0
230.63756025862736,4.131530265871721,22.707239530022516,41.37937916829208,952.8860606553317,0
217.44886437844463,2.5516478268042495,21.1132553461489,56.061991318139135,554.8529222323102,0
233.01867555411948,9.652582729874705,25.102741888617253,47.424474312888954,2249.232043391971,1
237.04006243767628,5.022610991752275,41.86896281293643,56.057192487840666,1190.5600230851185,0
237.81222710409185,5.211087269033519,49.80439803000881,57.734497468045035,1239.260269082641,0
230.5925316072789,6.141498905803241,49.90504285883475,61.16179480789728,1416.1837805525024,0
213.15819307726272,5.223804356242579,41.256847057458515,61.02272591237727,1113.4966975658017,0
236.14930000504575,2.4222053821858855,42.808137302085015,39.61495816125865,572.0021054716511,0
221.79971787935918,0.5584629033133024,39.00073735919286,34.5307633263569,123.86691440097832,0
247.02437793427748,6.800098572372087,27.077692619828376,62.3701291060262,1679.7901197319832,0
246.0182829099193,5.61868219609093,22.21765149937291,46.28547975509109,1382.298546098825,0
241.4072408289311,3.166857119245534,40.53765192959251,54.097410223617615,764.5022392565216,0
177.10798058954876,9.447156423282298,94.88380281943665,65.95543015448581,1673.1667964411122,1
222.08315197093987,2.581495266295392,33.03337853659636,36.77059002861676,573.3066055369413,0
236.52857309193826,3.7328654814086653,39.97379285592847,32.65766527271601,882.9293458617427,0
225.94403821763618,9.15907485606359,32.66781661851585,58.36693012638358,2069.438359316622,1
242.92783987760848,2.2702971853674976,49.781034868715366,42.65849897310571,551.5183911215406,0
164.69549156607832,6.164742286182786,39.016515206588345,38.61193189285785,1015.3052612010634,1
243.89683550506624,3.0121183749184803,36.07397196696935,55.95767743809331,734.64613980928,0
221.75914523032273,3.589156866952186,26.446429162783673,41.36842347676254,795.92835891286,0
222.1588110388402,2.5845766068632003,48.85499498873959,53.5891530186352,574.1864660195286,0
276.2907392172518,4.741297296505815,25.729460916206087,46.19181623446953,1309.9765349003492,1
243.74439316549768,0.8926779460142122,37.90166868102087,58.681436863467354,217.58524424345705,0
193.62716444618323,8.87654916509359,77.15236755384755,51.90177283577189,1718.7410449042068,1
163.9371947595736,8.209527715362238,93.89199966311938,40.094899060858836,1345.8469439574565,1
226.04916723922423,5.829199926869508,23.79695071441941,56.8736788721787,1317.6857891397992,0
214.389497888498,2.7805272474951646,22.508068430732422,63.83606669748452,596.1158404557757,0
154.5352283842801,2.2731835330984174,38.640654649776636,46.776677155875696,351.28693644674865,1
248.0616974040907,3.2315305107478305,46.45045987442807,56.42978874642293,801.6189437092149,0
239.78028146590879,3.881358980716046,26.752917511759655,41.58197292329192,930.6733488663263,0
234.06809960583172,6.7931466261916205,45.6416040923178,38.23357147981105,1590.05892113644,0
236.04502979809297,9.465523722763365,25.00284957802276,41.07921039899736,2234.2898291942342,1
225.19418515049807,5.4623918212444185,41.41124306822972,56.500956415348156,1230.098875157882,0
215.68573253521558,1.951434069163434,28.158675381165487,35.857061665956,420.8964867016918,0
213.00722340056103,5.3751442375205745,43.63162361888315,52.97066758403592,1144.9445494117833,0
245.60332678187032,6.776632886602744,26.070906809653682,58.18559277762879,1664.363581329063,0
222.93292398106996,3.8713522904821156,85.36806252353355,46.025481767521114,863.0518858779906,1
263.7226013221677,2.776858986408523,24.086911635135806,49.41879283142857,732.3204754004936,1
232.68692400740807,8.433995492120633,24.91139192476603,50.72907573899511,1962.480468153896,1
223.3765780541845,4.59770418472427,22.060540586581663,35.80558773064563,1027.0194276891116,0
212.47262775377817,6.225906972442154,24.264391113695503,56.956794963381455,1322.8348145853538,0
225.99150990168994,5.471781935972435,34.983864025187415,59.02621854575465,1236.5762615632027,0
233.71621365621053,5.444645081152817,38.21926228763826,54.62460437555154,1272.5018330689475,0
163.76122992536907,8.564198323743302,88.98057902297522,38.73528521025296,1402.4836508209871,1
246.9212868318669,0.532111982532222,43.57312159189575,55.65275520652753,131.38977546551214,0
241.60668548980883,1.959386728391352,27.974616221678744,33.74062729877493,473.40093303935487,0
229.92894961072906,2.7566342911858785,25.062614233003192,63.51814217996263,633.8300270332857,0
225.8300242114395,9.312016216941835,53.134760289207904,61.66124284660221,2102.932847729292,1
239.25084087917338,3.7452220268622436,71.54231820959609,57.601164536872915,896.0475192059938,1
237.2611892449822,1.8728161937688215,43.87095227435597,49.16672846992533,444.3465973708516,0
231.83320038616995,2.3642418409628068,27.50402313011127,30.190645219261455,548.1097524772978,0
229.40411935756262,5.328224346759441,21.998808828329,66.95957649594845,1222.316614007874,0
224.6688276051299,0.8143560263692018,39.5940923245437,58.35691189559468,182.96041369754082,0
270.98948959370983,2.095013338003449,45.22238464060445,45.807649772502195,567.7265951575689,1
274.1058524538907,1.4012114631361254,34.411043202716556,34.77563109062834,384.0802625710911,1
234.05867046766744,0.8174140685932361,29.588534677542683,45.801345291070106,191.32285011649955,0
211.5468017607524,2.5723423246893824,43.77874704352486,44.4043635436657,544.1707918218577,0
247.67012551646337,0.7705996716442585,43.01864586925949,49.323743932574,190.85451739907896,0
172.6431887471802,9.60138292714857,91.46041063862423,61.63670401112516,1657.6133649256642,1
195.9180137352818,8.335394645824588,88.80137727870363,60.89102451658451,1633.053962709656,1
239.6301520516786,5.560099389255539,44.93563868049334,42.51531650383731,1332.3674620697502,0
222.17013133639048,5.30376251873996,33.88920995437137,53.9017749810888,1178.3376153654822,0
216.47931707719297,1.6571919424348638,22.327067217864034,54.72290718886647,358.7477799641262,0
212.64958008353415,8.91493398460582,49.508829446727574,36.30830578847805,1895.7569682988556,1
219.28024805127228,3.0938329213625018,26.749960310527136,44.10394714179012,678.4164504255617,0
154.58035143649033,1.317030249733284,30.96039596432682,31.893754581977596,203.58699885625967,1
215.69190315191938,0.5124520901634939,24.597566475309605,53.09114721513498,110.53176660154298,0
213.2349041539,9.459028396871744,20.326508458288643,59.36648408145525,2016.9950135959648,1
219.13140248477615,1.280454420772192,27.420144711541834,61.927037538471794,280.5877730416421,0
249.76662529174135,2.6261355446356474,47.65904376524986,37.60132319342186,655.9210125423348,0
232.61342732172295,0.8289005518804066,44.030086929067785,47.58461002672215,192.813398281769,0
216.98528813984078,4.675322780110237,37.82211963055081,60.226450076717754,1014.4762605889813,0
247.32662299886036,6.748456951072257,46.04370833664064,52.88135064642167,1669.0730681618868,0
212.3196967427982,6.656980709496432,48.553440310951004,30.747538199187353,1413.40812546294,0
245.20145473033048,1.025538214757519,25.896991301306223,69.14709267278363,251.46346214008972,0
188.70656792585683,1.5824649428419446,47.080135108251106,47.808484882634346,298.62152822669054,1
245.1808637034435,2.1376113806592376,20.667503764856757,35.43228422276769,524.1014045723422,0
249.1124595655278,1.2245039072928592,33.85844144374286,37.2254620379013,305.0391800933232,0
221.84841759200148,9.121304917281956,49.73999457136386,53.836591801996256,2023.5470622731439,1
162.32973811085884,9.126777861193663,93.92562997954028,35.28624789217291,1481.5474600035516,1
217.51231110230276,5.349561098340579,37.75041258596005,51.623786158469954,1163.5953978830323,0
223.28946380987438,6.7782525841317245,27.21875680188157,66.06581693020354,1513.512385078668,0
214.93185865484992,3.537530458007942,48.45646152082628,46.74262392549434,760.3279963877895,0
232.83688607201492,6.063112349211842,97.62065323509087,49.43293468605203,1411.7161992952645,1
210.11920523129325,2.1459514988370323,28.361363112408373,33.73972046617723,450.90562340053975,0
222.84488132232556,6.796979257193256,40.05807141682513,47.04020317665377,1514.6720359195397,0
185.12231811167334,4.96622219594101,29.143669990207396,49.25005129486288,919.3585651702446,1
179.55374037018106,4.288531702558242,22.8805232085069,52.29145308000669,770.0219078904331,1
210.57229140186487,6.2825798543973495,34.69748334813484,51.73158620161299,1322.9372358556445,0
231.70978877829975,1.597646498973263,42.369373921535754,62.93396641615543,370.19033281948487,0
232.3101760137917,5.852505819064197,73.84649464637165,33.98089632696306,1359.5966569485438,1
188.22798235675486,3.4745769400765516,44.618667628494606,51.73071366393661,654.0126069739165,1
212.19856245514606,4.230835618044016,47.01733791689494,61.20535396780369,897.7772361329696,0
164.33797788534255,2.3992294999014145,29.477458473669078,53.18157373974901,394.28452449666014,1
232.42791269857065,3.3502581137847507,28.598466753491827,33.81613736820634,778.69350038844,0
160.06609952567885,9.653595479527091,99.9043282097737,59.08411310854625,1545.213374806627,1
219.06760906674054,6.8168475517027485,44.25812756521505,52.67199375218844,1493.3504945239852,0
210.57480823706996,0.6355995721431585,38.359425905906804,30.873275054096926,133.8412580196093,0
269.66919686059765,3.297809399145531,35.36861252935829,65.49930068272688,889.3176120669054,1
267.8647886345039,5.905663185503461,29.79808640785931,55.961447036740864,1581.9192209314556,1
246.8203115794633,1.4667112012028078,73.62873285263571,69.50823238864791,362.0141156779659,1
219.52856211316592,5.502819175241277,27.92855663637446,59.08862752074569,1208.0259811094752,0
273.0835871806812,2.078239995313521,36.06544705031462,59.90764036514548,567.5332329425784,1
269.04940100828685,4.064697943092878,35.95126989743157,62.796017199378326,1093.6045468687546,1
219.231356900547,4.810336798587216,43.91942432259876,42.77486665753047,1054.5766635029088,0
215.8775198378405,2.7225209797574164,47.276717886489024,66.45232652650283,587.7310768165187,0
238.09405843460428,6.051100198838619,48.7565955593788,49.595457611590774,1440.7310043359278,0
226.6256626659132,0.9678825908667869,32.684104173464554,61.625093575323085,219.34703353798653,0
243.59633328064285,8.47272884141139,32.73140612465873,58.09911137841409,2063.925678648964,1
269.9358251685939,5.5512695253796815,21.931523177860424,46.67306015699408,1498.486520066633,1
215.33625925112852,2.6178162141869405,21.936434150716497,56.05359763478042,563.7107509699669,0
275.47669455030905,3.3651405205847977,31.520369765578764,34.115472309940216,927.0177873080063,1
175.20998830142466,1.6087388328642072,27.870240969112125,48.35657893058473,281.8671120861853,1
227.35895692611615,1.9687240141447397,30.4880151141805,56.091875343865105,447.60703833134437,0
264.9072411197287,5.625374099677492,44.1310887502472,39.97418520501382,1490.2023330119423,1
218.1648913823239,1.8042016577810638,21.957213625264494,59.04029538620783,393.6134587016145,0
245.37544669815435,2.139112186823709,33.59696495299782,55.560697157070514,524.8856083793333,0
174.9409851124953,9.734030156944018,79.30739274062832,33.17694798530306,1702.8808247705235,1
241.40373225991968,0.7000754063979,37.57646734968776,53.77856194108944,169.00081596783312,0
196.3656113382687,9.41670887828594,97.11867280831521,36.594025414093096,1849.1177956791212,1
192.80167164794756,9.845962265468295,82.92810195353943,69.38789557886199,1898.3179837649,1
238.57460647789316,3.97106056249673,44.5070178405465,49.07082082425704,947.3942109975384,0
239.2917706456035,5.656565717309946,72.01526293797568,38.19830648929123,1353.5696262683152,1
189.09885929866107,8.982631435498243,72.00853535035006,65.60727130446908,1698.6053579530121,1
196.5561047712376,9.515968077010163,82.0240369258607,43.26022393701014,1870.4216183445621,1
246.0135985549718,8.946346516042707,54.29560678348726,67.09085778133274,2200.9229003314013,1
213.83246318627187,3.5942871887694094,37.64307332953108,47.03533857860117,768.5752829734233,0
235.63976464504623,0.5135298302744817,49.042198425912275,39.283163527520884,121.00804834408942,0
163.1968728417418,4.8396696106288,35.80746337685426,51.6964957131745,789.8189460418303,1
277.39373162121706,5.03364192414842,30.882014546508323,68.3323745081174,1396.3007169845334,1
178.01245885292545,9.35187032770394,75.5087418815256,46.0251413136194,1664.749431908292,1
233.92405667960054,6.757431040829298,21.377195454721573,56.38520098006266,1580.7256818034448,0
270.2156323601416,2.3867911637536174,32.08728849084957,44.92733839454727,644.9482836252821,1
174.7571678125758,9.614534913210818,94.02874946802154,61.868934532374595,1680.2088912678519,1
223.03522747465337,3.1712693566028194,29.532305142862455,53.27711619922886,707.3047823333075,0
249.17058392132873,8.90626769744034,57.50547881266323,66.57454080979046,2219.1799227308775,1
226.0727762833731,4.68146611021219,35.54137653234175,33.838341194526976,1058.3520406121932,0
150.50749016931476,3.217995864965106,27.7179435836314,52.72130355098893,484.3324810111312,1
249.99097910422114,3.8329562298430164,36.5440063621181,46.57254031222568,958.2044807620798,0
222.13298561122394,2.1054019651217066,44.036590740450265,51.83265686209249,467.6792244242227,0
229.56371611574014,1.9226217401202008,25.55381451719654,64.39768948967543,441.3641913469041,0
240.59530828745682,3.719869218563741,81.6691492392476,57.576452381912844,894.9830814293643,1
210.8232490513435,1.8910185108300974,25.547752301275068,31.3619752621425,398.67066646943437,0
228.9807413405656,5.28288653082876,29.769839764777906,37.781610626309735,1209.6792742472583,0
245.64708316646858,1.830682641712897,46.377220025495305,47.883959819511816,449.7018511402584,0
223.97931908896055,5.078747207628037,91.0823972346723,68.60000837906875,1137.5343413894875,1
235.29742331761162,4.004740659696456,24.51855680339712,48.44809888528545,942.3051582818481,0
248.02998424169033,2.8825038536582146,49.40297309323933,51.69200296096338,714.9473853994587,0
217.6665754806323,1.4210169621915063,33.58798611720359,30.87705719155693,309.30789586011633,0
249.53618768623784,4.855694172194733,42.793583636012144,34.7602156287305,1211.6714122997562,0
221.44892404102856,6.31163393192869,25.438774160417374,48.34933308546968,1397.7045431664549,0
230.5616436631413,5.8965829318076475,26.943595139589213,45.09564441694765,1359.5258527535957,0
154.20265924993674,6.345811815385931,33.069733922195155,66.78766935234728,978.5410570321792,1
183.16786453630797,9.819868895883575,93.99911679650293,46.719216303050004,1798.6844156855068,1
241.28392588350405,9.389364834870609,59.51809472826259,50.41250333648159,2265.5028089100992,1
221.4695875775718,3.599598396643284,46.18614434368766,31.69758903166965,797.2015723494767,0
183.91285514351608,8.663088407390802,76.69146904966071,41.05961582739515,1593.253323363938,1
229.00443833933434,0.872607760618638,41.554226443277756,44.87717822131416,199.83105011101551,0
231.79414231344154,6.829435497079589,40.85393147055255,49.66987400416641,1583.0231435305357,0
185.66941844231175,2.2280136855636847,45.76632728776196,42.041043481667955,413.674005280121,1
188.46449611391083,9.326808690485219,98.88596709344343,47.660652987509934,1757.7723002031412,1
212.39976025181048,5.265289913021751,38.51833067691267,68.90443339603038,1118.3463151820959,0
249.66315179118322,3.570586865396115,74.50885040107832,37.83403107613055,891.4439705589953,1
230.35583068265092,1.2957299960763151,29.051536155657068,42.31175389531661,298.47895958658756,0
224.1667495866557,1.2549893005503643,32.89134138987168,37.861469496149965,281.3268722704057,0
245.82804407646074,8.648901307292679,35.169644790482714,61.31587074689338,2126.1424917821037,1
215.1044761996778,9.53175963156756,57.11646360385662,68.00270492479459,2050.324162809574,1
226.4138970606667,3.609339754797227,39.708970909679465,62.922900660333916,817.2046796996312,0
246.67124899124445,2.607769007048984,35.925793259816125,68.45447200142455,643.2616380494302,0
263.67142205306294,6.410042951361911,35.19084678891525,32.6865997042222,1690.1451404068075,1
222.35905843147268,0.7831242723058843,29.27880134052331,32.39721732475567,174.13477582476864,0
220.62679023425767,6.96339834638416,27.066400212909933,39.56745795754321,1536.3122262852748,0
244.37429914065808,3.0158601819135624,46.268540598220774,43.605680829910284,736.9987182613444,0
223.18555297310894,4.460816430531951,31.014294779362213,56.915752159571554,995.5897817598035,0
238.03971575956595,2.7583493611150334,33.676051148058036,52.30980561771584,656.5966978854029,0
219.54854767394934,5.933645993170268,41.65528249265719,39.36391676095998,1302.723360211881,0
238.69378073585835,9.575350361429562,49.348372379905285,48.067206491463146,2285.57657964009,1
222.38922399542108,1.8471026545733782,30.843324629750065,49.573243207297125,410.7757259904559,0
177.759545078751,9.544681951107686,88.76177199140544,42.321014072077496,1696.6583215502676,1
222.2314725595844,4.366006087301521,29.97873599620519,59.02790779132563,970.2639619851265,0
215.82826446990035,2.5167460214192356,26.643423257304672,45.61252850205941,543.1849259144403,0
230.2705142913644,5.404403897661378,25.67515590805128,67.85891317189788,1244.4748649527398,0
222.00995387664554,4.953660758171429,44.16549886049188,45.13887059254614,1099.7619964421879,0
190.64601899212494,9.19780400138153,85.04209498490712,54.920303424981306,1753.5247163332258,1
222.7616897164063,2.931412863002969,29.434933081393666,64.57665248539745,653.0064826189496,0
239.17285629935574,2.038589584192027,27.922221118872514,39.01343932312585,487.5752936733231,0
223.96163982762073,3.13304686062706,41.27364823516583,68.87194807532822,701.6823125628155,0
212.50705072939215,1.766498557788496,42.04882054889835,37.785091641960655,375.393398633358,0
233.61266145995927,2.413750151931027,22.061788396298862,45.96802069806419,563.8825970919883,0
217.37892841066096,3.8968276616868165,40.19363414293261,33.016602090661124,847.0882212985018,0
219.84806573793844,4.876437396627938,44.306475086071,62.28054542663535,1072.0753293408002,0
232.69078695510177,5.659018694942971,21.824307844414317,54.22497344689448,1316.801513519913,0
228.21632455925146,9.3974561371187,22.71538847462795,45.42543841682502,2144.652899820011,1
210.67976998348524,1.7738222980161904,31.876506967665478,37.89714833602284,373.7084737376282,0
227.94610429345235,0.7566284160270011,28.251207929375507,30.77907081516856,172.47049983108045,0
220.36440070983335,4.973214084095001,29.222207767895966,45.00634658337456,1095.9193412432976,0
271.1290875719168,6.048079982484691,26.20664916372105,69.56742114110361,1639.8104072130488,1
174.27231338409734,4.941680435268111,37.346199958940545,69.52222874496437,861.1980814591068,1
247.2607851038767,1.2665657668186343,21.841187894404367,42.439788080478145,313.17204588926916,0
231.0347411291307,3.873378147901312,37.251414993318505,59.809115233242906,894.8849176956113,0
216.44861195038771,9.930932511963155,28.147869484371846,37.68141096139472,2149.536557587402,1
223.19278554715646,0.6567258870384943,34.96659905729381,50.22442571309635,146.57648006904876,0
219.60249107949664,5.908692153438286,33.876343187760995,47.384401663430864,1297.563515916923,0
238.5952777395709,5.452756905171962,44.91446975258583,39.29002585609478,1301.0020482358673,0
225.21059514453285,6.0581364190504905,22.34085992856704,53.03815195211801,1364.35650840113,0
176.38245441173774,8.5645421344982,78.25567217282625,61.91161224024997,1510.6349625955359,1
239.05299992535873,9.795990557023373,45.34052513814372,56.26812891732747,2341.7609298969232,1
216.24145796820432,0.5502134181469027,30.31927992831713,60.059542294838245,118.9789517337555,0
267.30782024667064,3.675751037988287,32.83324687412579,55.035193319945805,982.556997734086,1
168.26403696823263,4.721228991645155,27.18814468758637,47.3757957550942,794.4130495856721,1
245.01220627027206,3.6717467927699943,26.749442467214365,31.64834782966185,899.6227825623718,0
218.58578855959024,6.932284250072059,36.01101120245515,41.55907984992128,1515.2988193212286,0
221.0087969375234,5.831782910413352,29.247081527898256,69.52990929583638,1288.8753250312639,0
243.77644595770653,0.9733005522597444,30.448982521585645,59.49948344664598,237.2677494785535,0
217.7697248573503,2.815319048313114,27.903302224626227,54.53480679047372,613.0912545368042,0
222.362169680014,1.847956872836221,32.27081362743945,37.820103607862144,410.91569971895586,0
214.43135646382115,9.626909143156903,49.74789720114052,65.03526068667168,2064.311186121097,1
240.4166697518611,4.75817837222823,26.968797234231282,68.95617542222445,1143.9453983364422,0
246.27511901588542,6.0841053723454115,29.99376381567835,51.438274479472526,1498.3637746795541,0
238.36310281040303,4.32227302953228,43.54560599111724,30.47009038391938,1030.270410513035,0
222.7626062087862,1.9574439092812168,44.03724099076017,33.568848447527415,436.0453067389987,0
218.1493736439911,3.2288653928880624,29.670103536717832,58.81873268438681,704.37496303929,0
223.01883564424156,3.340375044947669,26.237245525393188,56.833396019850824,744.9665531393102,0
215.31304417768862,1.327225697424823,29.669620352635263,59.893001145447826,285.7690052233945,0
220.31098772731528,1.5561600327769223,48.694334639168446,58.211264158841054,342.83915388285504,0
218.2984234174478,6.077198545017298,25.706800892492392,69.88236800788908,1326.6428611720837,0
213.3733085947814,4.991122311109578,38.28928377752521,69.99288661445827,1064.9722811226825,0
237.06445792652335,5.907096721620112,85.41179576329885,40.914858029408464,1400.362682230415,1
221.81125746454458,6.012447080853733,31.412971174662058,41.4665663426527,1333.628447443197,0
179.99850886880108,4.906473854495516,41.96613633858049,33.51863124052231,883.1579776129518,1
274.34954335384157,4.099633378211196,20.229169838773192,33.13298224432064,1124.7325452304085,1
269.5511319912636,1.374413921661224,38.90630787197854,33.14828005474065,370.4748284083348,1
220.35321240277122,5.366835035819141,24.918863564542242,63.86528213172271,1182.5993405784893,0
211.40977796280626,3.067795223302841,49.38324925913885,34.413689111551086,648.5619069938112,0
240.04666043182496,2.5290510109581743,41.51844851677151,38.00042357773454,607.0902492422405,0
220.6115951099567,3.4349333967140647,43.07291277755911,60.48039761910647,757.7861357455515,0
247.13487374884204,2.2145966659137812,27.20934053357699,54.55225604701735,547.3040674352088,0
211.86160158259895,4.450555130514834,31.23308472047043,59.89770101282237,942.9017378825255,0
263.32250475908893,3.7264147536322088,26.523380372423215,65.93977220326164,981.2488666976565,1
233.89608382157286,2.2123719635438253,27.740577881742993,44.02544325913631,517.4651382295443,0
197.99148405232026,9.21738025840071,79.0996936071298,55.54279112269816,1824.9627964353156,1
233.87700542918617,1.536270344773963,39.03700398034982,47.20657810057999,359.29830776539785,0
231.5905794858998,6.930233843919715,30.492187725319507,68.62236873274634,1604.9768718861617,0
239.29800463469223,1.2431449653084297,28.207147206658227,52.83363341288498,297.4821096699709,0
241.00845268936683,4.499524146978356,37.80844113141682,66.49412347956553,1084.4233525016966,0
219.0106311478022,1.5516258026535965,31.999837904284995,58.51011020774783,339.82254634437936,0
215.16213546037625,1.1897374906736562,37.55750459154376,39.71458602125065,255.98645913061333,0
233.7108287897209,5.448514450440465,29.964647493579932,53.12818422706385,1273.3768278852117,0
247.40764121830279,2.6898252045460236,49.925170795205034,69.1435102339913,665.4833091462705,0
198.12329248889534,8.077940271598644,71.77333330254362,33.63838874984867,1600.428123137765,1
234.33531812599182,9.044345608968676,40.758954237775505,45.457934978173796,2119.409605519092,1
235.416503325414,6.5641594491158015,37.87653014768093,64.28463769269469,1545.311464781318,0
248.58055333717752,9.661570588343945,26.67166872199694,61.939574504328036,2401.6785629567376,1
213.1106027943111,5.941037884468788,49.27878745570784,33.52474178111216,1266.0981647829822,0
271.3949646232658,5.245326501872546,32.88028211898967,33.65446949235507,1423.5552004131782,1
263.1985879935904,4.8900668560554275,41.059058097304344,50.14431415580112,1287.0586917080445,1
243.7794697729045,4.694228733932358,46.074927464925054,67.3187629796033,1144.356591750763,0
248.17030982983454,4.716067332342016,91.84522305686517,57.97634141227474,1170.3878910456792,1
210.7742070332341,2.813393433556635,23.00234941134441,42.010364405287106,592.9907700304075,0
246.80125986605327,3.433644451763692,25.68093343026156,53.39116924255808,847.427776627363,0
242.17761287161704,2.4884742133116315,29.44701898594792,64.79803775665677,602.6527446723861,0
245.4920842302204,3.1837721941248276,30.317830896562334,50.248119890644325,781.5908716499258,0
216.16803084837284,1.9268906322210626,44.50031848059386,59.35195027643043,416.5321536274033,0
221.06990257494104,6.63770211253633,22.574088866780723,51.8982039259224,1467.3961593398867,0
239.02831268630757,2.199329946297767,48.04317952393715,46.4233152651478,525.7021261040227,0
223.47477667383458,2.7666952672018557,25.967852409958397,67.12215679231042,618.2866069624898,0
245.31330537357476,3.132039929612778,28.078294505322546,37.94035811354645,768.331067695329,0
236.77034171958266,6.338436697993129,39.57339751130404,49.346499610910804,1500.7538229517763,0
246.61707622702477,6.365400079385858,31.361509019624748,31.1613865070245,1569.8163565934117,0
271.85624130703,1.963323655853047,25.700278844937568,58.64444142357004,533.7417895493862,1
229.2136630488891,1.463424213722858,32.996559055335354,59.99669688286878,335.4368246218566,0
216.5380443592371,2.1375149073181756,31.026187659565473,32.78244733945659,462.8532978193937,0
234.30135165112202,0.9039875263616884,32.069339635224864,46.56002731538899,211.8054993022979,0
232.30958961324447,2.7487236853907264,32.492278384334185,61.900941897664225,638.5548713133246,0
234.76458781213682,3.786363610990496,29.152149124380472,59.10138625961643,888.9040924410579,0
229.0944610784278,4.8398505460128005,44.06870923944082,68.90675160134305,1108.782952538937,0
244.97759941601532,0.5070950166492201,35.90707078177674,38.58590195080792,124.22691985455026,0
231.2788406825757,5.3543722899691115,32.368175674231395,56.804297973777395,1238.353015806964,0
227.48343463837705,2.386668162833094,31.477805435030135,43.99182523177711,542.9274710233376,0
214.64074045116558,1.1021363964707391,39.80038982625381,51.85192279515523,236.56337221665885,0
216.09771537631613,3.1716762271505248,43.69195289960035,65.58484943157028,685.3919866006023,0
219.6394235818518,2.89150745815843,75.87619623879954,61.03023162480818,635.089031392543,1
234.47340218396724,4.841821962850294,27.103167842117102,47.785776573014466,1135.2784683985626,0
235.46376110473201,5.647037107908348,28.613119000643316,60.813444867872896,1329.672596526088,0
236.8069076823574,3.462175970424364,48.4583050937283,37.17209058966578,819.8671854083585,0
233.06140003072636,1.62275176616034,21.980190074350038,61.96577555886655,378.2007985236627,0
217.46026731143104,6.8598224559287555,41.51782554429892,40.0194736640489,1491.7388249752246,0
231.36447353610055,5.989076238840009,41.87962243497873,63.26884501972743,1385.659470966788,0
235.60876817468022,0.761565579719472,22.068218368376602,58.54108130818389,179.43152812194103,0
233.19060035602035,5.962633139889445,31.39825425254086,31.793617473596512,1390.4300015935223,0
188.6868556823307,9.15689448600555,76.9008648963718,30.61502496177988,1727.785628379259,1
219.2410470337717,6.0780574016853235,33.99092356497834,51.22542329489825,1332.5596686768563,0
172.52095211823308,9.426762222326277,74.42841268680209,43.635175212289525,1626.31399398792,1
238.87020012903963,6.224439805832639,37.05584953064103,31.034884235705242,1486.8331821104032,0
227.53876541179713,4.319277933649656,34.888290274114134,66.63464185645086,982.8031684930609,0
261.43223824179034,2.4934822928035962,44.57215653834527,62.12184506239494,651.8766568239154,1
226.40551942885764,8.500656887604064,50.3364076170825,41.97091570976123,1924.5956381244946,1
236.26121744752743,8.111145817697402,24.609032852383873,34.31465097266363,1916.3491857836086,1
222.84555667783584,6.963290976366485,30.44676105384609,60.43103653354199,1551.7384539381405,0
228.1796432106182,1.7032529311717992,25.76291510279612,33.98760146296152,388.64764613222076,0
213.02139682994678,6.413773816311796,33.43700964715863,63.54264565751525,1366.2710573020772,0
246.06043028536692,8.270735041006004,53.199745834497435,40.84869332839904,2035.1006229661991,1
235.86330596377329,6.37303335147889,47.329814027892255,33.6840950856738,1503.1647152971968,0
241.72700826736866,5.070519780009465,20.79057335062484,47.99557620227799,1225.6815767822043,0
216.39589441175752,3.4246970892769593,86.65934671861173,31.183367345520555,741.0903897234302,1
225.80403012059156,0.5632181883527635,40.21668196839143,58.49550542250593,127.17693676727242,0
223.67720870393688,3.9424315514287476,31.614731184003062,58.02486920638778,881.8320849299137,0
213.271964553098,4.680108128423483,40.61715243013404,44.828087224587975,998.1358548697989,0
225.14706765865282,9.718961043719446,37.27681620147001,31.601651228591695,2188.195579682113,1
235.86970344338192,4.0135952688318675,36.28233930068866,61.600360641137826,946.6855258011333,0
249.8178799037994,6.64594565396404,20.388853014734742,65.82971072795024,1660.2760532291659,0
230.0836134726414,4.287858581611276,45.25572089792964,68.04149568292095,986.5659965167973,0
217.2516578875436,4.658400894844722,22.28656905165742,55.405549473394714,1012.0453175098324,0
175.44448228811754,5.155105055521107,26.534495578556225,65.7082525638034,904.434737606758,1
244.57622497367456,6.717127132002975,23.769229313287894,33.86348921075783,1642.849596613533,0
224.64002191002083,4.915777816451342,79.16992217777371,39.535427686138725,1104.280436392424,1
218.64615310425518,3.6440734540486237,48.69819516390716,63.59136142469562,796.7626423570674,0
210.98326455198256,4.771496779265042,98.54824854200686,39.40572170824879,1006.705967288609,1
158.4546657526045,1.238374920188145,24.416006844804674,68.62187671575782,196.2262840548208,1
244.1994405932823,3.522786998128892,39.82452750379518,30.965631084893346,860.2626142723636,0
227.45077120170356,4.599101806502061,25.145635641595355,60.5820585708196,1046.0692527240417,0
242.69741076935537,1.1367990875679375,40.39269763047116,41.73313332826041,275.8981951177041,0
199.4568844632356,9.936102791641732,82.44451374276578,57.4071809682598,1981.8241065273178,1
216.10790182542593,5.494607947054268,33.08539908254073,37.08211214600076,1187.4281947912089,0
197.3309400183095,9.19266741692524,84.38923386924621,35.67466344647222,1813.9977026575425,1
238.02797284408223,9.723334517356507,28.10462802784707,44.259126605913295,2314.425604451262,1
264.46459860587873,1.3986750333557687,28.127648339301587,45.90927829214749,369.90003127649743,1
234.75225229321694,6.3467679408550515,29.910440357214874,63.99938141996834,1489.918068898106,0
211.6749879589286,3.776293690302498,21.789866699918147,45.69959204936921,799.3469214241593,0
228.8123526292967,9.120606844162426,59.69693066028358,60.249357687440686,2086.90750941967,1
238.5084931282605,5.857506364676429,46.86892216653159,46.96024411609605,1397.0650165281704,0
243.57299170892952,5.554500160830502,36.08127349897477,34.71531137660609,1352.9262216212155,0
212.62670265731498,1.152384230486087,29.934207167756945,44.84701987472249,245.02765912254395,0
223.56571836874994,0.7196230103243755,24.722470532772007,34.604478633281374,160.88303525785136,0
218.48515708726657,2.408044403817284,34.14702390094179,39.42247439242112,526.1219598411325,0
243.32576709546274,4.062564642394221,45.7027835473999,50.581036608768414,988.5266579854782,0
162.47216958304347,9.629934676039692,80.32232312530822,66.54530984714019,1564.5963797591517,1
212.27739827749252,3.6350546785110915,25.6738801047712,67.49597102311445,771.6399497507615,0
226.5047870023614,6.523860513743593,31.532546201893048,33.72437122401843,1477.6856360986087,0
229.92041575337734,1.7034859677316652,33.99685115429786,63.4537278314335,391.6662019309088,0
245.69940810230474,8.290773857761772,42.53728020038183,68.8368282797917,2037.0382295621291,1
239.67107645174022,6.235932507760555,25.586316874151862,69.70108721048015,1494.5726568153723,0
217.1148253413691,8.34612389840141,44.655820991074364,52.54419690216646,1812.0672324788488,1
249.60691221673727,3.2419387603939094,22.912079844648098,34.8227606782046,809.2103235776806,0
249.1627761353389,4.217682160524786,48.471244298499116,47.76531403032107,1050.8893959728498,0
230.0002943726353,5.033265478011109,31.028478993539977,64.55544130715828,1157.652541598178,0
227.5905678011377,3.821447024869466,38.21096714789289,41.04287649463453,869.7252982120101,0
229.38151000856226,4.964914861440886,43.206325542074424,59.513093093751486,1138.8596679812622,0
249.97802091967856,6.016324526616666,27.800701194349067,37.8042322269131,1503.948898374156,0
228.0937941199858,6.03019595907749,43.35086791383603,64.04984494023503,1375.4502755929914,0
233.73844889807344,2.3411189048029337,23.270694821584794,57.36790973898722,547.2095014945942,0
236.70791046825886,4.711767981885159,44.30745333272051,35.582184182542576,1115.312753603281,0
248.24948008389546,9.761513229486527,50.706478256632494,48.69751197748825,2423.2905840520975,1
243.52117649441303,4.036362712120554,42.14568729615473,61.62636204027053,982.9397964137771,0
231.44990073414675,1.7859256619422355,27.342175331212527,66.19772732776848,413.3523171750957,0
184.77550343952248,1.1514093135208125,33.748412088269845,32.69730904443611,212.7522355707631,1
176.18770885791508,9.863958439114763,71.23531896889047,57.343520451277286,1737.9082376573263,1
227.66889964867718,5.423612141518509,81.86177433511382,31.279860883707858,1234.7878083807245,1
239.49644650158186,6.849306659699641,21.111384595920523,51.596824086039085,1640.3846059976834,0
219.6979515716376,4.645457680307045,24.908674785673462,41.354590692594115,1020.597536476189,0
237.63026624729355,4.659262763848636,71.22521328849965,60.51315465577178,1107.1818510894523,1
248.55555472441955,4.316813844199279,29.118557199851246,45.260822087572805,1072.968059687006,0
238.9165672880554,5.100190790141214,26.019500464330285,36.339572927291144,1218.5200760946939,0
246.47902974727035,2.0149539190165324,30.32490580255412,41.22018033509963,496.64388694465487,0
238.56195197529934,6.158871619220849,25.477962485856203,57.456493749646604,1469.2724354465984,0
249.22108673189172,2.4429745353464996,20.2157886802358,50.62559896079381,608.8407685573928,0
211.77977707273595,5.038750007660106,41.967778475253695,48.4279605246601,1067.1053533475038,0
231.52957792988536,4.593707200192556,37.901119195638834,56.6329105622237,1063.5790891940578,0
220.748264801468,3.359760471799998,33.38384028257559,60.97646846347617,741.661294298411,0
216.50020624236728,2.1345288081919933,26.44200507152685,59.26640077024088,462.125927203841,0
238.34522791883933,3.205427924924575,46.692068075117156,69.34081230890939,763.99844934356,0
244.55250228944874,3.8015662366184073,48.03862521061724,63.26345942691312,929.6825357841141,0
191.16826961072914,9.085736279956427,77.77360312814268,44.19020684519031,1736.9044827786934,1
233.65919544297634,8.744968065008218,35.46770152022223,65.38284825655069,2043.3422022443417,1
220.91675389617336,8.950912692324048,36.331735751568644,44.144721168099814,1977.406576396286,1
231.7245554686128,2.4619034361841434,39.82423828782585,42.76815743302123,570.483479356421,0
212.0944149677763,6.9514974543856045,35.22831149825527,30.969503766566913,1474.373785737901,0
244.81415997222598,5.521588872730317,41.02720052388362,35.5785861839614,1351.7631415894627,0
240.6519351204904,4.220723915775728,46.782470135610545,41.079591271395415,1015.7253779407627,0
244.78278979770585,4.56508857944444,20.04341661562998,44.1252563404421,1117.455118150056,0
191.3049733648443,9.103933442849804,98.59524553582074,44.37204805060553,1741.6277447996972,1
232.1294748455849,2.992048067903133,77.3120998608343,62.60887416848473,694.5425467151011,1
229.49417483514543,4.623582186731049,23.110408711130876,50.78428381889385,1061.0851787263193,0
239.6998424202946,2.0264343194589634,28.79982509872275,52.78084586532134,485.7359870493904,0
199.43615308493855,9.428685066108962,94.7824620889007,33.58565072945357,1880.4206782341807,1
212.30945118603924,2.915055467520639,49.438689797601555,34.21092248825354,618.8938264861698,0
210.2428249125525,5.132438304286407,25.91578077116123,35.18338148499052,1079.058327782565,0
240.84177191755927,1.1929850610228703,26.89516987396086,30.33857686469238,287.3206359679256,0
213.02808544632782,4.501482992681108,78.69986209519905,33.80839812604783,958.9423036000626,1
232.7585254370117,9.117762228204311,24.762937039309637,31.37743878586089,2122.2368915221177,1
157.91307958418693,3.8687678334451694,33.36457376761372,50.66699527774122,610.9290427755695,1
160.15949796820087,3.9268179332128894,27.09378728187067,54.91200553909239,628.9171887959045,1
215.08972690972132,0.9672712941332972,40.80758246792501,49.76290309732827,208.0501185027436,0
245.17204186357435,5.312135150909831,33.85168754500073,69.37423953576905,1302.38702160383,0
214.49802692934134,6.952255857142654,20.684621900445418,51.995342379510085,1491.245164065056,0
230.1420860406794,4.13163419186439,27.202876888354627,52.27435022949047,950.8629116726673,0
183.78156971437517,3.8153063178766975,44.87242970330113,61.26110932975479,701.1829840405524,1
227.80597125591333,2.26737628860971,45.82591886506606,55.94361518651793,516.521857629363,0
188.8364828145106,3.143412499700692,48.755248080806155,31.528031799567188,593.5909604786475,1
224.94997766985745,3.64050066722456,97.64127968584435,65.52794283652253,818.9305437992659,1
160.17972987315682,9.363166640215038,82.32861503395611,60.28232771349742,1499.789503186998,1
239.92410261267793,9.679874561039355,57.13904526406,53.29821329957577,2322.435217460657,1
219.12614913036316,2.556235201145176,81.2836729276682,42.162541500260104,560.1379758984217,1
211.98674823603238,5.938851156390983,21.929045926738528,65.49462062411871,1258.9577449011251,0
212.61046948250637,4.159530965874531,35.07325377724165,49.649382753275404,884.3598314816072,0
221.48226424476624,4.8091702772924725,35.072066591215496,43.389738678293014,1065.145922153367,0
166.66560751009294,9.626220536941554,80.37433831101467,50.130323331614214,1604.3598938154971,1
229.52380624884134,4.217719877001773,23.345703940486136,47.2862182043454,968.0671198608419,0
213.4410461554748,1.7457199666079628,38.073336992823755,37.867456106058015,372.6082959673041,0
232.11321729546546,6.380566293595404,43.66078551919489,66.20356442079401,1481.0137705734326,0
226.3971824183443,5.242668876022632,27.840920845479527,33.12215832021615,1186.925461883872,0
221.9694678994807,4.891003030811424,36.54088036435443,35.53051936223142,1085.653340243959,0
181.13928003838188,9.755638345140143,94.32973819165719,33.03415143179683,1767.1293061535168,1
236.3084267662137,3.3827589865752703,28.720994409407616,46.74535424191916,799.3744542468735,0
246.42209003286388,1.1724788440821947,28.391922404228453,51.50259266330856,288.9246872780508,0
235.22549155836975,6.620677795293064,43.868267744584195,52.28307367897721,1557.3521888473947,0
228.0349692560896,5.006984587264103,45.13886524508255,68.3894489768955,1141.7675764224841,0
231.0767746921773,0.614997500287464,22.162972074505397,36.24419990549601,142.11163881017856,0
226.03452955219706,2.689710543402669,39.12062473605179,51.42660431733611,607.9674573096065,0
228.87908811750617,2.3052914656026715,48.58475944839431,33.456366390405556,527.6330084922088,0
193.6547814099626,8.3995027950659,91.63723824978578,47.83166604112026,1626.6038777308565,1
165.54452243572163,6.438677910842948,45.67518876484759,50.640701736705196,1065.8878598679257,1
217.7273565093209,6.701567794732142,26.081497895320624,62.326732436501565,1459.1146404150286,0
249.42639390232955,2.8930123123581213,30.545498747321783,55.49854515510492,721.593628586526,0
266.8354573409566,2.238603968379185,47.90145990924586,30.37423871629707,597.3389137077403,1
244.83055844488598,1.7109966317497542,37.69985874086247,32.0259241945954,418.9042608486113,0
199.55013668781044,9.844019240979554,91.97547909798142,49.87370565485967,1964.3753850949058,1
162.40798558456686,1.1613783314611423,39.3507392482922,62.221505523260575,188.61711531416952,1
235.32475821140147,6.7083817375655075,72.37501001426087,53.29824521878288,1578.6483103823844,1
235.23651705863293,8.949804583661926,33.87957274594442,55.10145959781504,2105.32085861602,1
240.122521851496,0.5291165999780996,29.208072313770565,50.15834550738714,127.05281234023049,0
222.29903740822328,5.900428445542625,48.044977228157265,64.94850739623556,1311.6595637402247,0
245.36656700773932,6.485600173680034,32.27715191142386,41.337834380217814,1591.3494496006679,0
229.16367684196916,6.650929982849869,36.82722584211113,56.70248407144686,1524.1515692883709,0
215.74078656569026,3.5190762027378715,48.53794396951177,44.43138566366116,759.2082679632708,0
274.27829483405014,4.9092905640876126,25.047386480839865,42.759971023594346,1346.5118447628424,1
243.86041081538428,6.7065904935805465,20.617599000117252,44.10233021884034,1635.4719129351029,0
231.10917732970668,6.629643753068933,20.509083036078433,47.50957594470543,1532.1715137607903,0
218.70334855471825,5.218164009747165,22.436858846639254,48.04154117925262,1141.2299422394203,0
220.67028512961926,0.9800017148892082,48.71064829398328,66.55292115181051,216.25725785211742,0
239.1522479607755,8.458229335513353,58.26540053910452,31.01018246764624,2022.804559355795,1
220.40369738139583,0.8128204794965312,32.171890789660054,54.92459360651098,179.14863898835452,0
215.28735721352385,8.615316025446065,35.17987332454455,61.8735625873875,1854.7686186776034,1
239.01460611374807,3.6929852637442995,49.989797633848184,61.063298441794764,882.6774181977198,0
214.92200772665032,9.011791610290413,24.96957895453896,49.69806819448259,1936.8323460977986,1
229.64188849712346,6.672635323542778,28.671021926704917,69.73736197478244,1532.316576950978,0
218.32433515988134,4.04112539949473,45.261348149482565,59.98014076726971,882.2760161423968,0
260.4503355214065,1.9704897408655144,30.484199034175177,68.86735002280803,513.2147141499125,1
235.5341433661051,8.761671760365617,20.290919259143664,40.09094517579842,2063.67285253271,1
212.89493372070018,1.199675741917515,39.411050737012616,60.23069603797169,255.4048875618612,0
229.58692262066248,6.647123872393781,48.366306865279086,42.300110978537205,1526.0927141412294,0
279.5096898670076,3.865681418266579,43.24120604046685,60.725485184594845,1080.4954143443456,1
241.8252045718923,2.1967621664954775,23.667591088706867,47.00654978621265,531.2324603085622,0
234.84774310447548,8.560855070116556,49.39420823233511,31.574477669685148,2010.4974922613794,1
236.80004452705913,8.195850899971155,59.8936534211319,60.25636769603981,1940.7778580503073,1
181.625729918094,8.461133764478163,76.82687983536057,61.11319916560815,1536.7595959079767,1
187.5196807454272,8.51616092271584,97.83856764896896,56.91609440661593,1596.947777404357,1
233.94023872962498,4.165673988150294,78.78990720734596,40.49719940229272,974.5187672576687,1
238.25942540028902,0.7156229207287282,37.02204745771113,36.81838115786515,170.50390589610336,0
234.92477952378738,2.5206557619135745,33.22640699404592,44.39995237759092,592.1644991229108,0
228.80479064265876,6.762481303246659,30.57148277319396,59.61137361051341,1547.288118814246,0
230.35012370504586,4.09170338736272,29.873278431881964,48.871221156505165,942.5243814433578,0
210.24003126695928,1.901713960646212,41.001925174796014,60.83852097941508,399.8164025470725,0
226.32171995272287,0.7428767909009721,27.11188703293042,61.16877133489197,168.1291530296673,0
218.23082087817485,2.173372968295809,44.50406068968681,38.36336811779603,474.2969669456299,0
236.57434766618576,4.1472305071025115,33.82610615701443,65.98964363918978,981.1283518390815,0
239.65679563452,1.5339149640181917,38.47201500446435,64.82494253645253,367.61314505243985,0
238.97178028765316,5.832556794493423,24.080792746328083,58.2330758112844,1393.816480808941,0
239.63142251554794,9.581820147140958,27.057446616809166,67.46304336294926,2296.1051921475246,1
261.3940936541347,2.3404277478173587,33.19731331736643,48.95659001608086,611.7739899037061,1
238.22459851002907,0.806986157825539,22.418628565273497,32.43436607219123,192.24395345113996,0
211.67391779531738,5.34952823440362,26.690005431154336,67.56849973159835,1132.3555997328813,0
227.85303009768808,5.573501502156752,41.39461951678973,54.292361637925715,1269.939205520432,0
242.34126703089146,8.760185891491638,53.53382697184419,40.37898515863874,2122.9545483702227,1
237.11478136069815,1.8826364171866763,26.874625610762862,42.21049716069659,446.40092244290685,0
245.57552369692928,4.8846897323254135,44.834427330323756,51.74242358777879,1199.5602391128268,0
214.01864846034002,4.103547859384951,29.834029059263287,38.82272294547771,878.2357667578885,0
236.65986963617206,3.00244766028308,44.076267714720245,59.54092986285575,710.5588718720235,0
241.90096595741213,9.600624481510007,35.28571184142778,36.781138056374914,2322.4003358716495,1
233.61965382619218,1.3339983568259697,99.5730281747444,62.00073925793669,311.64823432639224,1
187.91636408300056,8.08945424653078,81.71544918335914,65.24868615384844,1520.140829423853,1
226.5760259094532,3.1341119426178103,30.681251321090734,52.4940531543592,710.1146287136996,0
217.82228043823156,2.9765972833929206,83.10446759711917,68.48233792110553,648.3692082148909,1
225.2439939837052,4.747571399237147,32.575991296698476,68.0489498255842,1069.3619436869828,0
156.823318211952,5.636492730999032,32.2050730196832,44.417267507220174,883.9334931528155,1
211.35004235109832,2.531442536034358,24.986464835702357,35.54763597669219,535.0204872002333,0
242.09057432042837,1.8072219410579466,35.942473532972286,59.9462477614062,437.5113976351977,0
246.96813183023087,6.132236371655423,27.535346352015278,69.58552269463175,1514.4669606491332,0
221.444001496816,4.926743459486192,39.98744811209875,54.24774498937316,1090.9977860168888,0
173.95664780705735,9.241608170537587,82.06933589556992,31.022171385975177,1607.6391776930307,1
227.6852296908152,5.419520225760705,28.38838695276315,38.701246951774685,1233.9447074163447,0
222.1495929051939,4.394571676886582,34.145764563562395,43.475782607162316,976.2523090130496,0
224.83694640635906,6.820643515617063,26.989909641588575,62.722462410890344,1533.532660577674,0
249.72704872501953,9.512878741267148,47.29798345403165,46.212988307065494,2375.6231329356233,1
220.1308358266988,0.7306421334470337,45.08064975337919,65.85937974724686,160.83686352589794,0
241.48224383382933,5.317492376356782,25.351250058082712,46.87315210299175,1284.0799906119169,0
240.39857033220994,5.944795887544361,22.84325364174113,52.51876939616812,1429.1204322824653,0
162.41583441138073,4.646571898110441,30.980430586090392,37.784845625912716,754.6768519840804,1
222.2538837207432,6.278661069129234,25.97997379142641,54.00576153730056,1395.4568071802062,0
217.90967203204607,3.359264452619509,40.26616314628383,42.74108817959897,732.0162151392279,0
234.60962859831523,1.9567923646933547,40.444249390087634,63.5786838633667,459.08232992472693,0
227.50436408885204,3.3919947507672177,38.97607755962882,43.37631715190272,771.69360876602,0
210.47964976113022,1.2957684226911854,37.09586298665012,38.63583201180113,272.73288377957283,0
222.97651071856652,1.5629820170653026,21.78867309434309,41.354329965767015,348.50827648108816,0
241.97582969339345,0.9072702850493104,42.42329710300076,45.31185389932807,219.53747998096847,0
212.10757745333558,6.484575966132211,43.02127091754828,35.60572287496905,1375.4276989884263,0
235.75984930557942,6.490156927913278,33.374971730187006,49.42531180087222,1530.1184192943965,0
225.3204350248453,2.359115068396987,30.517134489134392,30.82390499021389,531.5568334848767,0
237.22746135635612,4.931668727997087,29.90691801007505,65.41849587015348,1169.9272525932788,0
225.83139127895575,5.253941557840514,42.30704353372101,64.44663050820735,1186.5049317054475,0
217.35034724564633,4.663716509355396,30.14599307709211,31.742466837234726,1013.6604027636489,0
225.72292793859248,2.866616580536111,27.930928540574776,30.239915724678504,647.061087835927,0
228.9694119127442,2.292286945070744,46.23166037790365,35.719986486254655,524.8635937481092,0
170.08227714176186,8.221783046488342,96.96277677939923,65.70664063291667,1398.3795827122694,1
241.88866664385984,3.4031929505144323,29.719007984916203,59.564181448348286,823.1938051317193,0
241.2012043037335,0.9831375941140911,29.55761059872369,42.77267401666943,237.1339716965939,0
230.09919490575223,2.339589720026158,33.33150830262559,44.711103724616635,538.3377109877932,0
236.1451772926926,8.421167788165288,33.02008661307558,30.846617904482972,1988.618160347804,1
220.60216927955548,0.9255141884631368,38.078972010641074,69.92520463695301,204.17043767397533,0
242.8492085067706,1.2723056072234566,40.09742056389308,55.72630412236069,308.9784096929426,0
175.35056362016334,9.095370785754618,75.495712028604,46.58219543444907,1594.8783936164402,1
238.59692505684498,0.842826444392493,39.925424654070824,32.266692355108795,201.09579798864277,0
216.09648103642024,4.748686371875175,21.5846432865337,30.835848488222965,1026.174414507831,0
247.98883962842285,6.3973053745269075,22.59397925298962,42.160527340662526,1586.4603365776009,0
271.69874997356476,5.676540184885437,42.59299039314901,40.312361938687715,1542.3088724080815,1
229.13929583011486,0.6237532889401152,28.921933194731707,48.955314933769515,142.92638939945616,0
215.051035511005,3.5110387822927174,41.92895094757793,63.34995723682732,755.052525851347,0
228.98995950186924,2.997823694988409,25.788469773128185,35.86248011257459,686.4715265091397,0
181.61280981919018,5.224498215403778,25.816877431501364,50.41229056844903,948.8358007948248,1
226.95494024362787,4.02671181982479,49.46245703226314,62.516023906829815,913.8821404466453,0
170.5101913631965,2.839988771889969,46.769146531052364,47.560717297164345,484.247028964288,1
216.21579334164596,4.870279720952327,20.77360829856752,47.99983148679762,1053.0313936614375,0
223.59138443521326,5.373815357287537,40.26981490513816,68.85595950279847,1201.5388154351306,0
231.51249458517532,2.097955574759844,31.564516721921617,31.074423646332157,485.70292864152674,0
222.4649119873416,4.012385562833536,27.649771892328474,54.841448013586344,892.6150010950428,0
229.27442609545176,6.62694640879962,41.184809693715806,40.47598942400296,1519.3893346428479,0
228.66691276207914,5.667841944709364,45.000653422886074,41.337712909669015,1296.0479195201092,0
219.22140487966868,1.2905376785606668,91.09701568336968,69.11051153855497,282.9134829442157,1
220.38451238374384,1.5183673147926262,28.623367921717552,43.11678205485799,334.62464028998744,0
236.21628492858346,2.275559864521476,21.52930290406028,44.93114446290878,537.5242973298538,0
171.27628802203648,6.855347909195193,40.23832833973292,44.60553473034918,1174.1585429865816,1
249.95613471757807,3.871980487748928,48.926044573290675,30.65446875271304,967.8252764196047,0
192.10287621180112,9.065406614103424,81.75125592444317,51.50077705072282,1741.490684598753,1
215.9802523949519,3.2132000696218928,30.067586305645513,44.016357792721536,693.9877620324133,0
216.3937395200092,1.551908439310439,31.196742296649433,65.77966179499165,335.82327057504716,0
226.6477003069922,2.525461199444396,43.62149937654014,32.005057292832646,572.3899730686105,0
218.42566169419177,6.954258202036003,37.12325053898911,35.558330575340726,1518.9884493719744,0
216.71288376491697,1.309929702526412,43.91546085223678,49.8301051464142,283.8786433638186,0
223.25004987967984,4.0990180594376415,27.727070975710912,42.32145099712939,915.1059862271619,0
216.01400503676922,4.511942084588502,45.56704449269382,34.816929047230765,974.6426801859117,0
178.3652822223035,5.321521860830902,26.422382643688046,34.51100113880368,949.1747485592616,1
248.9261317258101,2.0873697351026204,96.85392909446388,52.27237768447002,519.6008736406242,1
278.3987413435849,2.3951976843117078,34.02604468334304,68.29710375376189,666.8200205814486,1
276.3306619713441,4.619447928368869,30.81247558844004,47.75343299210065,1276.4951039883238,1
246.4512868881389,8.77468747931607,33.935500444608536,38.175984755037575,2162.533021318685,1
274.3092587048818,5.934337789450511,42.797996335084804,31.132458695409206,1627.8437999285368,1
229.89261855422694,4.230101283048314,31.188986382376306,58.561048583476214,972.469060709572,0
233.1794592582546,6.100435961830545,23.057000746749182,42.040931036811344,1422.4963588192568,0
248.34419245198143,0.9677620108318248,30.112324699545113,67.03562214903799,240.33807506573524,0
186.49750986945344,8.682779443961914,80.41865076989072,59.34105563753213,1619.3167450445746,1
218.030905934177,5.749699831977718,44.16113101181695,49.90342814827477,1253.6122632156873,0
237.84306503070553,3.8102828964558175,32.51119876907698,69.79576773186983,906.249362727126,0
233.70911916959443,6.258109669491792,40.616451235433445,65.23693196352954,1462.5772985236483,0
220.87971905040956,6.0332705148636805,31.823437285563816,58.38729292229245,1332.6270962782096,0
240.233525015067,4.068387218661651,28.058349197313827,49.780158558356206,977.3630026653325,0
210.47545635389534,4.643535882291841,36.247723348198235,38.8114467098693,977.3503339210633,0
245.76444723512557,2.224860719049797,75.83800509783991,55.03121731544911,546.7916647924174,1
210.38138431205397,3.0462277824836397,47.20073016551526,65.93436075679448,640.8696178087465,0
225.27852276629042,4.1423790714745365,45.58352795276673,51.27977756965393,933.1890379597813,0
240.65820983990795,4.600915888441688,70.69582421280528,68.89354713375523,1107.2481813363663,1
219.97111465465528,3.656789191442767,36.26474322570047,60.651525503593014,804.387994498761,0
227.59841505848848,3.977239453569901,31.83161299224922,66.58192316404623,905.2133959405983,0
236.12470448022927,9.96037497968874,22.670648433070355,45.77400691643727,2351.8905985912734,1
157.19262279924095,5.817265227339009,37.38504324997773,68.24380652501394,914.4311786042415,1
229.42539632524935,6.853284399036055,44.79330542824309,59.14462716481964,1572.3174893784953,0
240.77621603638863,2.7591732968734655,35.91610691140273,54.3664485215816,664.3433058098402,0
239.06093887654066,4.801063602174336,22.051126379317694,48.29388103796429,1147.746772341783,0
221.83971928662913,2.534868466906533,23.737026432638466,46.744599438994214,562.3345091270733,0
231.25747570744392,5.459423516674506,70.40491812652812,66.01758238393197,1262.5325012840026,1
244.7646394684393,0.7531597828466072,24.369906555910276,42.90117817910237,184.34688271057786,0
243.91176892112065,0.5728072500235288,39.233353294090385,35.25249744714201,139.71442960408154,0
242.07474772818634,8.754222962111589,48.30916751226482,63.4891867611493,2119.176315109459,1
210.3354592736175,9.096849963044894,30.569638475000005,48.764071589743054,1913.3901149202381,1
230.06356186693438,1.3115617456579125,45.15763274597154,60.37947210545827,301.7425668144736,0
243.45401418911737,2.612230200760047,30.58579228631993,37.19214296966246,635.9579283610774,0
215.28960497642632,4.645681156199409,91.83019546923501,49.28307292943515,1000.1668609645982,1
234.83553076726992,4.004525201897522,25.135571702111534,46.22727602008521,940.4048012585133,0
249.30471015085732,6.020357909010891,42.03112364820781,65.55108102011789,1500.9035835103816,0
228.63844366507325,8.268901131392512,37.01512388792584,54.1256498048591,1890.5886855019476,1
232.9917458714521,2.1629553404862687,38.98107348263567,66.29659335110651,503.95074102187687,0
235.22321130480438,2.0859155455471,21.448430605661056,53.42925455677621,490.6557531342018,0
238.94338379681892,4.8572925357114665,31.07975056703946,46.451604385919275,1160.6179145739286,0
175.1243321786235,9.897561548998372,82.58806062802387,62.66433405418866,1733.3038564651622,1
221.96354868975388,4.370876164209823,49.93947901122421,50.70289671916785,970.1751842914716,0
233.51737880583534,1.270879973588585,77.19302260574898,53.76803642270619,296.7725602092356,1
241.1994960783105,6.479493434398921,48.83661179905812,59.34636987602101,1562.8505512197412,0
212.6617126043271,9.687128584282618,34.218320019298986,46.75478878908882,2060.081354951872,1
248.32747171943475,9.154958664656046,39.30169483991442,51.37616925088738,2273.4277388899686,1
227.68801124708952,6.655732011950383,34.39289573384745,33.24409764055914,1515.4303851945726,0
181.2578951450269,1.0880754104064116,39.81475778963716,30.0044092720729,197.22225864932747,1
226.33144479350494,5.96616537873134,24.349872966933816,52.18485636514446,1350.3308300452527,0
219.18131536688642,3.8301466592522893,47.34221849414577,50.48914101462131,839.4965828230024,0
235.1125718675018,4.349301170055341,20.808642793943935,33.62377622990267,1022.575383918046,0
215.4515631024748,2.186527508646065,33.62315969706704,44.868651915959376,471.09076950435474,0
218.7176161635352,8.10383094142436,50.283756282887,45.60855223634465,1772.4505853006333,1
235.0164100799603,2.532036006276372,73.12107303490441,40.10593304224541,595.0700123882729,1
249.17851902569527,0.9139670613023312,26.002160024477952,55.09117830769701,227.74095877358172,0
244.34017197759536,1.4062104159263678,48.89472570751824,66.49499566066108,343.5936948641346,0
182.9049129275966,8.363991242708218,77.69675518746854,38.78124079262477,1529.8150899747272,1
223.9142928456036,6.863277481937606,30.616412193908303,48.421464873479025,1536.785923971214,0
235.93991004676428,6.674317370121057,45.72692421197375,61.75802748420609,1574.7378399299184,0
274.8119097377441,1.3300409862636073,29.55181515756357,52.487649016803644,365.5111034645746,1
220.365927946368,6.519006530589304,47.929111654959925,46.64378158436905,1436.566923401745,0
222.29540189946803,6.062415253930343,37.03745857984713,33.580888516098206,1347.6470353539112,0
268.3118360821182,3.0271896618613474,22.982797709388347,68.26808625603478,812.2308163428246,1
270.2253763826967,4.3334511867177214,25.036662710922673,47.08886115449216,1171.00847796684,1
221.3604228725904,2.6554582067846644,23.660854311950242,46.52962577303025,587.8133515743439,0
214.66102162797267,4.4960983324277315,31.933796442584374,57.127290175632325,965.1370613787611,0
232.73996953166417,4.483218513688708,40.71522197438434,60.27755934149197,1043.4241402797027,0
248.6097096880111,5.983695201749452,36.86956347795852,65.61435483113432,1487.6047269684761,0
211.37146206424535,5.22570397564163,48.300324480660805,36.474186543012095,1104.5646896463109,0
242.53702242609268,6.382935835647539,28.29583277345558,35.14935237538926,1548.0982519147578,0
233.10886564076543,6.471733667220955,37.47607433595519,66.78485203343986,1508.6184938950278,0
223.58963072949604,3.3226663321141494,94.48573188277919,38.90451649494241,742.9137382347317,1
230.04472469324347,4.700236101966041,37.98963275139438,58.55492181096723,1081.2645200700217,0
227.12806451033492,2.050708405647005,42.773637786380725,64.90921936241398,465.77343104967906,0
213.80872316277632,2.1472817529440795,23.12025467176759,42.89688664453815,459.1075698677017,0
248.94723817592825,3.0959066532838304,26.601197715638634,36.672069614833404,770.7174109854907,0
217.70390733045838,5.454735646493406,21.830831342972598,69.89610827772137,1187.5172636963484,0
231.77087577203304,2.8241652115474314,40.70766078236362,48.858253635231904,654.5592444052571,0
220.6055361483217,6.516732845066187,28.729685451572607,47.455730377193674,1437.627343221204,0
213.44715309712143,1.7085735641347362,25.68505925979146,57.745980575586195,364.69016312156145,0
241.27870252282634,5.1081810081720205,25.76149299188113,52.51667680480402,1232.4952859034881,0
